Account_ID;Customer_ID;Account_Type;Open_Date;Balance
5001;1001;Credit Card;28.04.2026;-$606,55
5002;1002;Checking;1.05.2026;$19.179,20
5003;1003;Credit Card;28.10.2025;-$4.036,06
5004;1003;Savings;14.10.2025;$104.010,25
5005;1004;Credit Card;1.05.2026;-$1.535,18
5006;1004;Checking;1.05.2026;$4.769,72
5007;1004;Savings;29.04.2026;$21.743,09
5008;1005;Savings;27.01.2026;$18.849,43
5009;1005;Checking;1.05.2026;$4.440,63
5010;1006;Credit Card;1.05.2026;-$1.009,36
5011;1007;Checking;7.05.2024;$2.390,37
5012;1008;Checking;1.05.2026;$12.117,40
5013;1008;Savings;1.05.2026;$33.161,70
5014;1009;Savings;4.11.2024;$22.487,05
5015;1010;Credit Card;13.05.2024;-$351,31
5016;1010;Checking;2.01.2024;$2.912,98
5017;1011;Credit Card;11.12.2024;-$4.732,50
5018;1012;Credit Card;25.06.2023;-$130,63
5019;1012;Savings;10.11.2023;$99.556,95
5020;1012;Checking;27.06.2023;$5.939,89
5021;1013;Savings;20.06.2024;$99.965,10
5022;1013;Checking;15.06.2024;$11.353,16
5023;1013;Credit Card;6.10.2024;-$6.562,84
5024;1014;Credit Card;16.11.2025;-$2.203,17
5025;1014;Checking;7.10.2025;$15.555,09
5026;1014;Savings;29.12.2025;$95.497,48
5027;1015;Checking;3.01.2023;$11.433,76
5028;1015;Credit Card;2.01.2023;-$6.078,65
5029;1015;Savings;15.01.2023;$87.018,37
5030;1016;Savings;20.05.2023;$16.160,90
5031;1016;Checking;2.05.2023;$10.256,42
5032;1017;Credit Card;22.09.2024;-$5.125,52
5033;1017;Checking;17.09.2024;$19.887,14
5034;1018;Credit Card;20.08.2023;-$102,54
5035;1018;Savings;29.04.2023;$19.026,73
5036;1018;Checking;3.09.2023;$10.214,27
5037;1019;Savings;1.05.2026;$106.850,50
5038;1019;Credit Card;24.03.2026;-$5.888,91
5039;1020;Checking;18.01.2025;$9.477,05
5040;1020;Credit Card;2.02.2025;-$1.391,57
5041;1021;Checking;25.04.2023;$3.084,98
5042;1022;Checking;1.05.2026;$2.445,37
5043;1022;Credit Card;1.05.2026;-$3.849,09
5044;1023;Checking;7.12.2025;$15.709,23
5045;1023;Credit Card;6.09.2025;-$3.601,86
5046;1024;Checking;1.05.2026;$1.584,58
5047;1025;Checking;17.12.2023;$14.910,41
5048;1025;Credit Card;14.11.2023;-$714,20
5049;1025;Savings;12.01.2024;$62.880,96
5050;1026;Credit Card;6.01.2024;-$263,78
5051;1026;Checking;26.12.2023;$11.272,33
5052;1027;Savings;9.05.2024;$47.971,35
5053;1027;Credit Card;8.07.2024;-$5.099,11
5054;1028;Savings;6.05.2024;$69.593,98
5055;1028;Checking;28.06.2024;$4.148,11
5056;1029;Credit Card;15.04.2025;-$2.382,92
5057;1029;Savings;16.06.2025;$35.818,99
5058;1030;Checking;15.06.2025;$5.086,99
5059;1031;Savings;11.05.2023;$111.631,87
5060;1031;Credit Card;30.09.2023;-$6.741,31
5061;1031;Checking;31.05.2023;$13.071,04
5062;1032;Credit Card;26.12.2025;-$6.301,35
5063;1032;Savings;9.04.2026;$78.659,41
5064;1033;Checking;5.04.2025;$6.682,63
5065;1034;Credit Card;12.07.2024;-$6.555,00
5066;1034;Checking;9.04.2024;$12.254,09
5067;1034;Savings;29.06.2024;$71.806,33
5068;1035;Savings;22.10.2024;$14.658,08
5069;1035;Credit Card;14.08.2024;-$6.863,18
5070;1036;Checking;22.12.2025;$6.026,60
5071;1036;Credit Card;26.01.2026;-$5.032,42
5072;1037;Checking;29.06.2025;$18.155,02
5073;1037;Credit Card;11.08.2025;-$5.973,22
5074;1038;Savings;9.05.2024;$103.772,07
5075;1038;Credit Card;30.04.2024;-$1.501,45
5076;1039;Checking;28.02.2024;$11.970,80
5077;1040;Credit Card;21.05.2023;-$5.457,19
5078;1040;Savings;30.07.2023;$55.023,20
5079;1040;Checking;5.09.2023;$2.891,11
5080;1041;Credit Card;7.08.2023;-$1.498,39
5081;1042;Savings;19.09.2023;$8.235,30
5082;1043;Credit Card;1.03.2023;-$2.854,71
5083;1043;Checking;6.05.2023;$717,71
5084;1044;Credit Card;5.09.2024;-$4.093,54
5085;1044;Checking;10.11.2024;$7.829,83
5086;1045;Checking;1.07.2025;$11.777,77
5087;1046;Checking;30.07.2024;$8.692,17
5088;1046;Savings;5.07.2024;$51.693,86
5089;1047;Credit Card;1.05.2026;-$1.164,99
5090;1047;Savings;9.04.2026;$6.980,34
5091;1047;Checking;1.05.2026;$2.333,66
5092;1048;Credit Card;25.05.2024;-$4.160,75
5093;1048;Checking;1.05.2024;$19.210,52
5094;1048;Savings;25.05.2024;$44.158,49
5095;1049;Credit Card;18.05.2023;-$4.577,54
5096;1050;Credit Card;1.05.2026;-$6.913,72
5097;1051;Checking;30.12.2023;$1.994,06
5098;1051;Savings;24.11.2023;$105.991,61
5099;1051;Credit Card;14.09.2023;-$6.466,88
5100;1052;Savings;20.02.2026;$47.095,51
5101;1052;Credit Card;3.02.2026;-$4.076,46
5102;1053;Credit Card;18.03.2023;-$332,86
5103;1053;Savings;12.04.2023;$17.460,68
5104;1053;Checking;30.03.2023;$8.503,60
5105;1054;Credit Card;15.10.2023;-$2.024,65
5106;1054;Savings;7.01.2024;$49.500,93
5107;1055;Credit Card;1.01.2025;-$5.097,36
5108;1055;Checking;25.02.2025;$1.326,71
5109;1056;Checking;1.03.2026;$9.241,53
5110;1056;Credit Card;1.05.2026;-$1.380,39
5111;1056;Savings;21.04.2026;$7.053,44
5112;1057;Checking;1.05.2026;$2.804,13
5113;1057;Credit Card;1.05.2026;-$6.244,95
5114;1057;Savings;23.04.2026;$26.916,64
5115;1058;Credit Card;5.09.2024;-$797,19
5116;1058;Savings;17.07.2024;$12.946,47
5117;1059;Savings;4.01.2024;$97.036,85
5118;1059;Credit Card;26.02.2024;-$5.988,85
5119;1059;Checking;23.12.2023;$5.664,41
5120;1060;Savings;7.02.2024;$63.720,87
5121;1061;Savings;19.10.2023;$45.326,68
5122;1061;Credit Card;24.10.2023;-$4.787,58
5123;1061;Checking;28.07.2023;$6.537,75
5124;1062;Credit Card;6.10.2024;-$2.093,50
5125;1063;Checking;21.05.2024;$8.017,40
5126;1063;Credit Card;26.03.2024;-$6.738,26
5127;1063;Savings;30.07.2024;$30.361,98
5128;1064;Credit Card;3.08.2023;-$792,50
5129;1065;Credit Card;4.02.2024;-$575,45
5130;1065;Savings;20.01.2024;$30.388,95
5131;1065;Checking;18.03.2024;$3.079,19
5132;1066;Credit Card;1.03.2025;-$3.712,47
5133;1066;Savings;27.11.2024;$40.772,45
5134;1067;Checking;20.01.2024;$4.465,73
5135;1067;Credit Card;25.02.2024;-$2.337,43
5136;1068;Credit Card;3.11.2024;-$288,38
5137;1068;Checking;24.01.2025;$6.447,27
5138;1069;Credit Card;4.07.2024;-$2.350,75
5139;1069;Checking;17.02.2024;$10.336,03
5140;1069;Savings;11.07.2024;$22.691,29
5141;1070;Savings;14.08.2023;$78.008,11
5142;1071;Savings;16.09.2024;$16.053,40
5143;1072;Checking;17.04.2024;$4.077,46
5144;1073;Credit Card;26.03.2025;-$669,05
5145;1074;Credit Card;17.03.2026;-$4.800,31
5146;1075;Credit Card;18.07.2024;-$5.668,34
5147;1075;Checking;11.07.2024;$17.591,05
5148;1075;Savings;29.04.2024;$75.097,09
5149;1076;Credit Card;22.02.2025;-$279,84
5150;1077;Savings;10.03.2023;$40.660,34
5151;1078;Credit Card;30.07.2023;-$2.673,44
5152;1078;Savings;22.02.2023;$61.298,54
5153;1078;Checking;1.03.2023;$15.166,33
5154;1079;Savings;14.04.2024;$7.052,54
5155;1079;Checking;5.12.2023;$18.787,78
5156;1079;Credit Card;9.02.2024;-$4.324,73
5157;1080;Credit Card;12.08.2023;-$1.534,36
5158;1080;Checking;22.10.2023;$10.975,41
5159;1080;Savings;8.10.2023;$58.247,54
5160;1081;Credit Card;8.09.2024;-$2.981,38
5161;1081;Savings;31.07.2024;$47.869,10
5162;1081;Checking;5.07.2024;$15.232,25
5163;1082;Checking;9.04.2025;$5.005,75
5164;1083;Checking;6.05.2024;$3.068,18
5165;1083;Savings;15.02.2024;$115.236,83
5166;1083;Credit Card;25.05.2024;-$538,70
5167;1084;Credit Card;30.12.2025;-$3.016,12
5168;1085;Savings;23.01.2025;$65.789,71
5169;1086;Savings;2.03.2024;$107.868,93
5170;1086;Checking;29.05.2024;$4.488,98
5171;1086;Credit Card;29.04.2024;-$6,87
5172;1087;Checking;14.12.2023;$17.747,73
5173;1087;Credit Card;16.10.2023;-$1.868,39
5174;1087;Savings;18.11.2023;$42.318,36
5175;1088;Credit Card;18.10.2023;-$6.229,84
5176;1089;Credit Card;21.04.2024;-$4.762,50
5177;1089;Savings;29.05.2024;$49.684,79
5178;1089;Checking;5.03.2024;$4.221,11
5179;1090;Savings;4.02.2025;$32.423,16
5180;1091;Savings;1.05.2026;$31.285,28
5181;1091;Checking;1.05.2026;$202,31
5182;1092;Credit Card;15.06.2025;-$548,88
5183;1092;Savings;13.05.2025;$80.772,95
5184;1093;Savings;27.02.2024;$119.025,02
5185;1093;Credit Card;6.02.2024;-$884,63
5186;1094;Credit Card;17.04.2024;-$1.005,29
5187;1095;Savings;6.01.2024;$49.119,62
5188;1095;Checking;1.04.2024;$18.798,12
5189;1095;Credit Card;21.04.2024;-$5.913,55
5190;1096;Credit Card;18.01.2023;-$3.812,50
5191;1096;Checking;28.02.2023;$16.695,35
5192;1096;Savings;25.01.2023;$48.448,18
5193;1097;Checking;12.04.2026;$16.733,79
5194;1098;Checking;1.06.2025;$16.260,46
5195;1098;Savings;16.02.2025;$8.837,52
5196;1098;Credit Card;14.02.2025;-$624,92
5197;1099;Checking;22.01.2025;$364,52
5198;1099;Credit Card;28.03.2025;-$510,58
5199;1100;Credit Card;4.05.2025;-$2.142,49
5200;1100;Checking;4.05.2025;$19.526,60
5201;1101;Savings;3.04.2024;$100.420,47
5202;1102;Credit Card;29.08.2023;-$4.659,36
5203;1102;Checking;5.10.2023;$4.724,13
5204;1103;Checking;24.12.2025;$19.181,61
5205;1103;Credit Card;19.12.2025;-$1.397,28
5206;1103;Savings;21.08.2025;$27.509,67
5207;1104;Credit Card;1.03.2026;-$2.646,66
5208;1105;Savings;13.03.2025;$30.446,45
5209;1105;Checking;15.04.2025;$4.257,01
5210;1105;Credit Card;19.06.2025;-$6.497,47
5211;1106;Savings;4.05.2023;$71.855,42
5212;1106;Credit Card;29.05.2023;-$5.592,46
5213;1107;Credit Card;20.01.2024;-$2.402,00
5214;1108;Credit Card;4.12.2025;-$6.627,34
5215;1109;Checking;31.12.2024;$3.141,53
5216;1109;Credit Card;26.10.2024;-$4.474,70
5217;1110;Checking;4.04.2025;$15.853,68
5218;1110;Credit Card;21.03.2025;-$1.862,04
5219;1111;Checking;21.03.2024;$6.973,36
5220;1111;Credit Card;29.11.2023;-$6.505,44
5221;1112;Savings;1.05.2026;$52.582,45
5222;1113;Savings;4.07.2024;$39.977,08
5223;1114;Checking;28.09.2024;$3.787,95
5224;1114;Savings;22.08.2024;$72.486,68
5225;1115;Credit Card;24.05.2024;-$2.244,39
5226;1116;Credit Card;1.05.2026;-$354,39
5227;1117;Credit Card;1.05.2026;-$5.112,10
5228;1118;Savings;27.02.2025;$53.822,71
5229;1118;Credit Card;20.05.2025;-$2.090,48
5230;1119;Savings;15.04.2023;$98.356,34
5231;1119;Credit Card;16.07.2023;-$3.943,07
5232;1119;Checking;14.04.2023;$13.079,35
5233;1120;Credit Card;1.05.2026;-$4.463,33
5234;1121;Savings;23.06.2024;$12.642,59
5235;1121;Credit Card;14.08.2024;-$554,02
5236;1121;Checking;4.06.2024;$6.083,74
5237;1122;Checking;27.06.2025;$4.685,74
5238;1122;Credit Card;22.03.2025;-$3.048,89
5239;1123;Checking;9.06.2024;$6.383,53
5240;1123;Savings;10.06.2024;$6.515,82
5241;1124;Credit Card;1.05.2026;-$6.985,54
5242;1124;Checking;1.05.2026;$15.099,06
5243;1124;Savings;1.05.2026;$31.155,39
5244;1125;Savings;10.01.2024;$7.029,74
5245;1125;Credit Card;25.12.2023;-$1.309,52
5246;1125;Checking;9.12.2023;$19.075,68
5247;1126;Savings;8.03.2024;$113.066,94
5248;1127;Credit Card;16.12.2024;-$1.059,81
5249;1127;Checking;18.12.2024;$12.041,77
5250;1127;Savings;18.11.2024;$49.309,72
5251;1128;Savings;25.05.2025;$34.260,82
5252;1128;Credit Card;4.05.2025;-$1.154,25
5253;1128;Checking;1.12.2024;$4.455,29
5254;1129;Checking;1.05.2026;$12.625,02
5255;1129;Savings;1.05.2026;$45.972,85
5256;1129;Credit Card;1.05.2026;-$23,90
5257;1130;Credit Card;29.06.2024;-$769,85
5258;1131;Savings;24.06.2024;$70.070,00
5259;1132;Credit Card;10.04.2025;-$6.523,09
5260;1132;Savings;5.01.2025;$59.685,62
5261;1133;Checking;31.12.2025;$9.122,47
5262;1133;Credit Card;22.12.2025;-$1.704,05
5263;1134;Savings;10.04.2024;$65.235,39
5264;1135;Credit Card;4.08.2024;-$6.231,82
5265;1136;Checking;1.04.2024;$9.162,09
5266;1136;Savings;5.03.2024;$67.920,43
5267;1137;Credit Card;27.11.2023;-$6.705,89
5268;1137;Checking;5.04.2024;$15.521,12
5269;1137;Savings;31.12.2023;$32.145,33
5270;1138;Checking;10.02.2025;$8.470,93
5271;1138;Credit Card;21.03.2025;-$1.657,44
5272;1139;Checking;11.11.2023;$9.009,45
5273;1140;Checking;18.05.2024;$5.024,96
5274;1140;Savings;4.02.2024;$37.203,64
5275;1140;Credit Card;19.04.2024;-$658,29
5276;1141;Savings;27.05.2025;$116.481,68
5277;1142;Checking;1.10.2023;$232,85
5278;1142;Credit Card;1.11.2023;-$5.584,63
5279;1142;Savings;22.08.2023;$89.601,52
5280;1143;Savings;29.05.2025;$42.300,13
5281;1143;Checking;29.07.2025;$6.294,24
5282;1144;Credit Card;1.10.2024;-$6.646,95
5283;1144;Checking;20.09.2024;$9.208,85
5284;1144;Savings;30.07.2024;$59.314,45
5285;1145;Savings;9.07.2024;$29.995,76
5286;1146;Credit Card;12.01.2026;-$6.908,18
5287;1147;Checking;6.07.2023;$4.359,06
5288;1147;Credit Card;5.06.2023;-$5.251,29
5289;1148;Credit Card;24.05.2024;-$3.751,39
5290;1148;Savings;19.05.2024;$56.392,73
5291;1149;Checking;28.07.2023;$10.525,13
5292;1149;Savings;2.08.2023;$118.213,64
5293;1149;Credit Card;6.06.2023;-$3.134,33
5294;1150;Credit Card;14.12.2023;-$3.218,21
5295;1151;Savings;4.03.2026;$27.539,07
5296;1151;Credit Card;22.03.2026;-$3.292,08
5297;1151;Checking;22.12.2025;$12.303,28
5298;1152;Credit Card;31.07.2023;-$185,31
5299;1152;Checking;16.07.2023;$2.747,02
5300;1152;Savings;15.06.2023;$95.903,08
5301;1153;Checking;31.10.2025;$15.948,74
5302;1153;Savings;19.12.2025;$16.531,23
5303;1154;Checking;29.10.2024;$19.233,87
5304;1154;Savings;24.01.2025;$37.765,13
5305;1154;Credit Card;11.08.2024;-$2.861,74
5306;1155;Credit Card;5.09.2023;-$4.662,85
5307;1156;Checking;19.08.2024;$17.021,52
5308;1156;Credit Card;14.04.2024;-$2.662,93
5309;1156;Savings;13.07.2024;$68.262,96
5310;1157;Checking;12.12.2023;$830,26
5311;1157;Savings;1.11.2023;$107.086,30
5312;1158;Savings;18.10.2025;$49.883,64
5313;1158;Credit Card;18.02.2026;-$242,33
5314;1159;Savings;30.06.2024;$31.977,48
5315;1160;Checking;8.03.2023;$17.291,15
5316;1161;Savings;14.08.2023;$85.588,43
5317;1161;Credit Card;18.05.2023;-$3.164,76
5318;1162;Savings;7.07.2024;$55.928,18
5319;1162;Credit Card;8.12.2024;-$6.527,96
5320;1163;Checking;26.12.2024;$19.681,64
5321;1164;Savings;15.05.2024;$82.415,21
5322;1164;Credit Card;14.08.2024;-$4.923,05
5323;1164;Checking;18.04.2024;$16.800,17
5324;1165;Credit Card;1.05.2026;-$6.185,30
5325;1165;Checking;14.02.2026;$174,31
5326;1166;Checking;3.11.2023;$11.652,51
5327;1167;Credit Card;16.07.2025;-$6.803,99
5328;1167;Savings;18.05.2025;$92.299,23
5329;1167;Checking;13.03.2025;$12.344,45
5330;1168;Checking;29.04.2025;$11.101,57
5331;1168;Credit Card;26.06.2025;-$4.148,01
5332;1169;Savings;2.04.2026;$73.865,02
5333;1170;Credit Card;25.10.2023;-$5.925,82
5334;1170;Savings;23.10.2023;$8.287,45
5335;1171;Savings;7.02.2025;$80.316,87
5336;1171;Checking;17.02.2025;$13.967,38
5337;1171;Credit Card;13.07.2025;-$6.382,58
5338;1172;Credit Card;13.12.2025;-$2.435,68
5339;1172;Checking;13.08.2025;$6.416,53
5340;1173;Credit Card;17.01.2026;-$117,04
5341;1173;Checking;7.12.2025;$10.259,87
5342;1173;Savings;3.02.2026;$113.932,55
5343;1174;Savings;18.06.2023;$32.593,08
5344;1174;Checking;28.03.2023;$7.437,91
5345;1174;Credit Card;30.03.2023;-$5.525,49
5346;1175;Savings;28.06.2025;$75.006,09
5347;1176;Checking;8.05.2025;$19.170,50
5348;1176;Savings;27.03.2025;$76.755,20
5349;1177;Checking;18.01.2024;$18.533,49
5350;1178;Credit Card;24.02.2025;-$4.482,50
5351;1178;Checking;11.02.2025;$19.009,22
5352;1179;Checking;25.10.2024;$15.923,27
5353;1180;Credit Card;22.12.2025;-$2.896,36
5354;1180;Checking;9.02.2026;$4.891,96
5355;1181;Credit Card;2.03.2025;-$1.330,74
5356;1182;Credit Card;24.06.2024;-$4.959,06
5357;1182;Savings;23.09.2024;$73.293,07
5358;1183;Savings;1.05.2026;$80.266,88
5359;1184;Savings;1.05.2026;$33.938,09
5360;1185;Credit Card;12.11.2025;-$2.438,63
5361;1185;Savings;11.10.2025;$14.891,85
5362;1186;Savings;12.10.2023;$52.100,39
5363;1187;Credit Card;16.06.2024;-$6.972,92
5364;1187;Checking;3.04.2024;$14.478,24
5365;1187;Savings;10.03.2024;$104.279,52
5366;1188;Checking;29.04.2026;$7.324,26
5367;1188;Credit Card;7.02.2026;-$4.389,56
5368;1188;Savings;13.03.2026;$78.762,97
5369;1189;Savings;17.11.2024;$40.623,07
5370;1190;Savings;3.07.2023;$43.919,52
5371;1190;Checking;20.03.2023;$15.270,75
5372;1191;Credit Card;14.04.2024;-$5.560,43
5373;1191;Savings;26.05.2024;$44.006,44
5374;1192;Checking;28.01.2024;$1.766,78
5375;1193;Credit Card;8.12.2024;-$2.237,54
5376;1194;Credit Card;29.09.2025;-$1.891,91
5377;1194;Checking;5.11.2025;$18.571,25
5378;1194;Savings;6.08.2025;$47.724,53
5379;1195;Savings;1.09.2025;$68.079,62
5380;1195;Credit Card;23.12.2025;-$6.456,01
5381;1195;Checking;23.11.2025;$11.174,28
5382;1196;Savings;2.01.2026;$96.801,99
5383;1196;Checking;12.12.2025;$3.471,54
5384;1196;Credit Card;7.03.2026;-$6.443,27
5385;1197;Credit Card;19.11.2025;-$6.378,64
5386;1197;Savings;31.01.2026;$89.533,45
5387;1197;Checking;14.01.2026;$17.807,14
5388;1198;Credit Card;21.10.2025;-$5.699,50
5389;1198;Checking;25.10.2025;$6.243,24
5390;1199;Credit Card;27.11.2025;-$1.296,46
5391;1199;Savings;5.03.2026;$6.442,58
5392;1199;Checking;18.02.2026;$9.873,42
5393;1200;Checking;20.10.2023;$11.289,84
5394;1200;Savings;22.08.2023;$48.713,93
5395;1201;Checking;11.04.2025;$15.242,26
5396;1201;Savings;21.03.2025;$71.743,15
5397;1202;Savings;1.05.2026;$103.746,34
5398;1203;Credit Card;26.03.2025;-$2.869,01
5399;1204;Credit Card;25.09.2025;-$2.575,03
5400;1205;Savings;18.10.2023;$105.590,13
5401;1206;Credit Card;2.06.2025;-$5.711,34
5402;1207;Checking;6.05.2024;$12.946,70
5403;1208;Credit Card;25.04.2023;-$5.910,13
5404;1208;Savings;1.05.2023;$25.160,10
5405;1209;Credit Card;27.03.2026;-$6.965,42
5406;1210;Credit Card;1.05.2026;-$2.180,76
5407;1211;Savings;8.05.2025;$117.772,15
5408;1211;Checking;14.02.2025;$4.036,49
5409;1211;Credit Card;22.12.2024;-$2.201,50
5410;1212;Checking;8.09.2024;$7.494,74
5411;1212;Savings;14.11.2024;$63.757,26
5412;1212;Credit Card;6.11.2024;-$1.477,33
5413;1213;Savings;18.04.2026;$60.641,13
5414;1214;Savings;10.06.2023;$75.015,17
5415;1215;Savings;29.08.2025;$85.137,40
5416;1215;Credit Card;2.02.2026;-$1.524,24
5417;1216;Credit Card;5.02.2024;-$3.339,67
5418;1216;Checking;31.01.2024;$10.482,97
5419;1216;Savings;15.12.2023;$30.471,15
5420;1217;Credit Card;5.01.2026;-$5.596,91
5421;1217;Savings;1.05.2026;$106.812,72
5422;1218;Checking;13.08.2023;$4.298,59
5423;1218;Savings;19.06.2023;$7.621,46
5424;1218;Credit Card;27.05.2023;-$2.402,02
5425;1219;Credit Card;2.02.2025;-$726,72
5426;1219;Checking;1.04.2025;$1.076,75
5427;1220;Credit Card;21.07.2023;-$3.770,74
5428;1220;Checking;3.12.2023;$11.186,26
5429;1220;Savings;11.07.2023;$30.596,53
5430;1221;Savings;6.11.2025;$8.662,54
5431;1221;Checking;7.12.2025;$16.397,75
5432;1221;Credit Card;4.12.2025;-$2.304,95
5433;1222;Credit Card;23.06.2024;-$911,88
5434;1223;Checking;24.08.2025;$4.764,27
5435;1223;Credit Card;18.08.2025;-$4.172,27
5436;1223;Savings;2.08.2025;$24.831,66
5437;1224;Checking;25.12.2024;$10.507,65
5438;1225;Checking;28.06.2025;$416,55
5439;1226;Savings;4.10.2023;$91.684,27
5440;1227;Credit Card;30.06.2024;-$4.535,74
5441;1227;Savings;15.05.2024;$33.952,27
5442;1228;Credit Card;1.05.2026;-$96,29
5443;1228;Savings;17.02.2026;$32.952,87
5444;1228;Checking;1.05.2026;$18.817,62
5445;1229;Savings;25.11.2024;$5.037,46
5446;1229;Credit Card;11.02.2025;-$5.410,63
5447;1229;Checking;30.01.2025;$7.933,80
5448;1230;Savings;31.12.2023;$110.316,62
5449;1230;Checking;17.06.2024;$11.764,84
5450;1231;Checking;1.05.2026;$14.487,73
5451;1232;Credit Card;31.10.2023;-$482,84
5452;1233;Credit Card;5.07.2023;-$1.756,20
5453;1234;Savings;4.06.2024;$65.805,58
5454;1235;Checking;6.04.2026;$3.000,94
5455;1235;Credit Card;30.11.2025;-$2.509,30
5456;1235;Savings;1.05.2026;$14.467,13
5457;1236;Savings;11.09.2025;$98.076,13
5458;1236;Credit Card;3.08.2025;-$3.901,59
5459;1236;Checking;6.07.2025;$18.326,97
5460;1237;Checking;15.07.2023;$1.894,20
5461;1237;Credit Card;14.05.2023;-$2.090,75
5462;1237;Savings;27.05.2023;$102.629,63
5463;1238;Savings;27.05.2024;$8.803,90
5464;1239;Credit Card;29.12.2024;-$4.112,81
5465;1240;Savings;22.05.2024;$43.420,42
5466;1240;Checking;29.04.2024;$16.773,61
5467;1241;Checking;1.05.2023;$17.816,13
5468;1241;Credit Card;31.08.2023;-$6.134,96
5469;1241;Savings;14.08.2023;$51.835,06
5470;1242;Savings;25.12.2023;$65.926,67
5471;1242;Credit Card;14.02.2024;-$3.306,48
5472;1243;Credit Card;2.11.2023;-$1.555,03
5473;1243;Savings;17.09.2023;$53.630,74
5474;1243;Checking;31.01.2024;$18.277,71
5475;1244;Credit Card;1.05.2026;-$6.945,61
5476;1245;Savings;1.05.2026;$28.080,39
5477;1246;Savings;11.10.2024;$6.678,54
5478;1246;Checking;15.01.2025;$15.939,10
5479;1247;Savings;7.09.2023;$111.176,35
5480;1248;Credit Card;20.02.2026;-$707,46
5481;1248;Savings;17.10.2025;$92.068,48
5482;1249;Credit Card;30.03.2023;-$117,22
5483;1249;Savings;7.06.2023;$68.786,15
5484;1249;Checking;9.02.2023;$436,94
5485;1250;Checking;30.08.2024;$13.426,99
5486;1251;Credit Card;3.01.2025;-$5.518,52
5487;1251;Savings;31.10.2024;$47.957,27
5488;1252;Checking;7.12.2024;$2.686,14
5489;1252;Credit Card;27.02.2025;-$6.195,87
5490;1252;Savings;17.09.2024;$64.846,90
5491;1253;Credit Card;3.02.2024;-$1.590,73
5492;1253;Checking;14.04.2024;$17.142,28
5493;1254;Checking;1.05.2026;$8.368,67
5494;1255;Checking;4.12.2023;$13.501,81
5495;1255;Credit Card;24.09.2023;-$779,11
5496;1255;Savings;4.11.2023;$58.290,43
5497;1256;Credit Card;7.01.2024;-$3.015,49
5498;1256;Checking;30.10.2023;$5.913,68
5499;1256;Savings;1.10.2023;$90.677,57
5500;1257;Credit Card;4.03.2024;-$1.922,49
5501;1257;Savings;29.12.2023;$29.591,69
5502;1258;Checking;10.09.2025;$13.931,62
5503;1258;Credit Card;3.09.2025;-$3.011,78
5504;1258;Savings;26.11.2025;$63.102,07
5505;1259;Checking;25.06.2023;$16.711,74
5506;1259;Savings;15.08.2023;$94.807,99
5507;1260;Checking;29.06.2024;$3.449,09
5508;1261;Credit Card;17.06.2024;-$3.019,77
5509;1261;Savings;6.03.2024;$90.588,36
5510;1262;Credit Card;10.10.2023;-$2.933,57
5511;1262;Savings;3.08.2023;$94.965,66
5512;1263;Checking;11.04.2025;$13.297,72
5513;1263;Credit Card;1.03.2025;-$4.819,87
5514;1264;Credit Card;3.07.2023;-$4.976,85
5515;1265;Credit Card;20.07.2024;-$190,10
5516;1265;Savings;25.03.2024;$26.336,94
5517;1266;Savings;11.07.2023;$57.711,56
5518;1266;Credit Card;15.09.2023;-$1.856,76
5519;1266;Checking;29.10.2023;$3.871,30
5520;1267;Savings;20.09.2024;$108.951,64
5521;1268;Savings;12.10.2024;$96.870,22
5522;1269;Savings;11.01.2025;$48.340,17
5523;1269;Checking;12.04.2025;$16.192,88
5524;1269;Credit Card;1.03.2025;-$6.608,06
5525;1270;Savings;3.03.2025;$48.017,53
5526;1270;Checking;8.08.2025;$2.681,80
5527;1270;Credit Card;27.07.2025;-$5.002,06
5528;1271;Checking;28.06.2025;$4.362,12
5529;1271;Credit Card;6.06.2025;-$6.739,99
5530;1271;Savings;21.08.2025;$17.607,92
5531;1272;Savings;23.09.2024;$35.762,23
5532;1273;Checking;1.05.2026;$17.860,96
5533;1273;Savings;1.05.2026;$119.652,13
5534;1274;Checking;24.10.2025;$12.181,46
5535;1274;Savings;26.07.2025;$18.833,74
5536;1275;Savings;24.01.2023;$113.944,36
5537;1276;Checking;5.02.2025;$17.558,51
5538;1277;Savings;28.05.2023;$117.784,87
5539;1278;Savings;7.04.2025;$58.293,42
5540;1279;Credit Card;21.11.2025;-$2.779,23
5541;1279;Checking;1.10.2025;$11.428,12
5542;1279;Savings;9.01.2026;$7.435,82
5543;1280;Credit Card;21.08.2023;-$979,21
5544;1280;Savings;15.12.2023;$38.694,04
5545;1281;Savings;1.05.2026;$7.464,88
5546;1282;Checking;1.05.2026;$4.785,68
5547;1282;Credit Card;21.04.2026;-$4.788,00
5548;1283;Savings;1.05.2026;$78.327,25
5549;1283;Checking;1.05.2026;$1.218,41
5550;1284;Savings;26.03.2023;$23.437,04
5551;1284;Credit Card;18.06.2023;-$5.247,09
5552;1284;Checking;5.06.2023;$2.091,14
5553;1285;Credit Card;31.12.2023;-$5.664,65
5554;1285;Savings;29.11.2023;$56.107,42
5555;1285;Checking;24.10.2023;$9.532,30
5556;1286;Credit Card;25.10.2025;-$4.162,98
5557;1286;Checking;14.10.2025;$12.832,35
5558;1286;Savings;11.02.2026;$69.266,97
5559;1287;Checking;1.02.2023;$3.565,20
5560;1288;Checking;17.05.2024;$3.613,55
5561;1288;Savings;3.05.2024;$64.415,40
5562;1288;Credit Card;30.01.2024;-$5.794,47
5563;1289;Credit Card;29.01.2025;-$2.751,11
5564;1290;Checking;4.09.2024;$4.790,81
5565;1291;Credit Card;14.06.2024;-$5.657,93
5566;1291;Savings;24.07.2024;$56.896,77
5567;1292;Savings;30.01.2026;$62.408,82
5568;1293;Savings;27.02.2025;$46.571,42
5569;1293;Credit Card;17.03.2025;-$3.485,53
5570;1294;Credit Card;17.04.2025;-$5.796,89
5571;1294;Checking;26.02.2025;$17.268,86
5572;1294;Savings;12.02.2025;$7.078,75
5573;1295;Savings;1.05.2026;$28.130,32
5574;1296;Savings;31.08.2024;$23.216,74
5575;1296;Checking;21.01.2025;$3.719,72
5576;1297;Credit Card;8.03.2026;-$5.293,31
5577;1297;Savings;29.03.2026;$22.195,25
5578;1298;Credit Card;11.02.2026;-$6.852,99
5579;1298;Savings;16.02.2026;$80.632,08
5580;1299;Savings;15.12.2024;$13.177,80
5581;1300;Checking;1.05.2026;$12.363,86
5582;1300;Credit Card;1.05.2026;-$2.630,29
5583;1300;Savings;1.05.2026;$65.107,19
5584;1301;Savings;7.04.2026;$63.454,05
5585;1301;Checking;8.02.2026;$2.310,88
5586;1301;Credit Card;31.03.2026;-$719,14
5587;1302;Credit Card;7.06.2024;-$3.354,16
5588;1302;Checking;8.05.2024;$7.940,02
5589;1302;Savings;4.05.2024;$66.095,33
5590;1303;Savings;14.02.2025;$95.173,87
5591;1303;Checking;22.02.2025;$10.020,85
5592;1304;Savings;15.07.2024;$52.118,72
5593;1305;Savings;6.10.2024;$13.811,79
5594;1305;Credit Card;4.11.2024;-$28,42
5595;1305;Checking;29.10.2024;$9.146,23
5596;1306;Checking;11.08.2024;$16.043,42
5597;1307;Credit Card;23.06.2024;-$290,62
5598;1307;Checking;26.04.2024;$18.197,84
5599;1307;Savings;24.04.2024;$91.777,87
5600;1308;Credit Card;15.09.2025;-$566,39
5601;1308;Savings;24.10.2025;$37.008,19
5602;1309;Savings;30.07.2023;$10.839,61
5603;1310;Savings;23.03.2024;$48.545,76
5604;1310;Credit Card;19.06.2024;-$5.415,05
5605;1311;Credit Card;26.09.2024;-$6.299,28
5606;1312;Credit Card;16.08.2025;-$1.419,06
5607;1313;Credit Card;1.11.2025;-$3.156,06
5608;1313;Savings;15.09.2025;$112.983,44
5609;1313;Checking;16.07.2025;$16.185,90
5610;1314;Savings;22.05.2023;$38.782,62
5611;1314;Credit Card;27.04.2023;-$3.704,86
5612;1314;Checking;10.05.2023;$5.944,55
5613;1315;Savings;31.05.2023;$23.039,63
5614;1315;Credit Card;30.08.2023;-$5.657,18
5615;1316;Credit Card;5.09.2023;-$587,23
5616;1316;Checking;28.09.2023;$11.179,82
5617;1316;Savings;16.10.2023;$57.516,21
5618;1317;Checking;7.07.2025;$15.517,99
5619;1317;Savings;2.03.2025;$30.463,95
5620;1317;Credit Card;24.03.2025;-$6.214,29
5621;1318;Credit Card;22.01.2025;-$5.720,21
5622;1318;Checking;17.11.2024;$12.898,88
5623;1319;Checking;24.02.2026;$15.987,33
5624;1319;Savings;1.05.2026;$13.889,19
5625;1320;Checking;12.06.2024;$19.096,50
5626;1320;Savings;14.05.2024;$8.409,44
5627;1321;Savings;21.03.2025;$19.853,45
5628;1321;Credit Card;15.03.2025;-$5.503,68
5629;1322;Savings;13.07.2023;$63.950,55
5630;1322;Credit Card;11.06.2023;-$5.448,04
5631;1323;Credit Card;7.05.2024;-$1.100,11
5632;1323;Savings;5.08.2024;$29.976,27
5633;1324;Savings;1.03.2025;$84.678,81
5634;1324;Checking;22.03.2025;$19.484,98
5635;1324;Credit Card;30.07.2025;-$5.508,15
5636;1325;Credit Card;28.07.2025;-$5.511,10
5637;1326;Checking;12.09.2025;$2.395,71
5638;1326;Savings;11.09.2025;$5.707,86
5639;1326;Credit Card;6.08.2025;-$2.237,06
5640;1327;Savings;25.11.2025;$17.690,06
5641;1327;Checking;5.02.2026;$3.586,81
5642;1328;Credit Card;12.06.2024;-$2.987,69
5643;1328;Savings;8.08.2024;$61.687,16
5644;1328;Checking;22.09.2024;$3.308,49
5645;1329;Savings;2.05.2025;$44.065,40
5646;1329;Credit Card;20.07.2025;-$6.784,83
5647;1329;Checking;15.05.2025;$6.167,08
5648;1330;Checking;22.11.2025;$18.524,19
5649;1331;Credit Card;11.12.2023;-$2.372,01
5650;1332;Savings;5.06.2025;$27.108,66
5651;1332;Credit Card;28.04.2025;-$5.620,39
5652;1333;Savings;29.03.2025;$65.374,49
5653;1334;Credit Card;1.03.2023;-$3.098,51
5654;1334;Savings;22.02.2023;$119.635,29
5655;1335;Savings;7.05.2025;$41.201,71
5656;1335;Checking;5.06.2025;$12.347,26
5657;1336;Savings;21.11.2023;$20.625,95
5658;1336;Credit Card;30.10.2023;-$219,15
5659;1337;Credit Card;27.04.2026;-$533,68
5660;1337;Savings;18.01.2026;$81.509,89
5661;1337;Checking;13.03.2026;$1.058,87
5662;1338;Credit Card;11.04.2024;-$92,43
5663;1338;Savings;29.07.2024;$63.249,62
5664;1339;Credit Card;12.10.2025;-$6.359,28
5665;1339;Savings;18.08.2025;$10.600,72
5666;1340;Credit Card;1.10.2025;-$208,69
5667;1340;Checking;4.10.2025;$7.388,99
5668;1340;Savings;2.11.2025;$5.708,72
5669;1341;Checking;14.01.2024;$2.912,98
5670;1341;Savings;2.04.2024;$54.154,39
5671;1342;Credit Card;7.05.2023;-$6.289,44
5672;1343;Credit Card;30.11.2023;-$6.938,16
5673;1344;Checking;21.03.2024;$16.646,88
5674;1344;Credit Card;5.08.2024;-$3.092,37
5675;1345;Credit Card;19.11.2023;-$557,60
5676;1345;Savings;18.01.2024;$116.932,24
5677;1345;Checking;19.01.2024;$840,91
5678;1346;Credit Card;8.07.2023;-$6.207,00
5679;1346;Savings;25.05.2023;$16.208,09
5680;1346;Checking;1.06.2023;$4.017,37
5681;1347;Checking;17.10.2023;$17.272,77
5682;1347;Savings;21.11.2023;$100.714,69
5683;1348;Credit Card;9.10.2025;-$6.753,06
5684;1348;Checking;22.12.2025;$6.009,01
5685;1348;Savings;18.11.2025;$40.220,53
5686;1349;Checking;20.12.2025;$190,95
5687;1349;Credit Card;11.03.2026;-$1.555,31
5688;1350;Checking;7.11.2024;$17.197,54
5689;1351;Credit Card;13.07.2024;-$5.335,77
5690;1351;Savings;16.10.2024;$48.517,16
5691;1352;Credit Card;21.03.2025;-$4.894,71
5692;1353;Checking;8.07.2024;$5.609,34
5693;1353;Credit Card;6.03.2024;-$5.641,04
5694;1354;Checking;22.06.2023;$8.108,36
5695;1355;Checking;8.05.2024;$8.744,51
5696;1356;Credit Card;8.04.2025;-$5.429,21
5697;1356;Checking;15.04.2025;$15.810,26
5698;1356;Savings;12.07.2025;$96.568,09
5699;1357;Checking;9.06.2025;$14.800,33
5700;1357;Credit Card;17.05.2025;-$3.338,14
5701;1357;Savings;27.03.2025;$14.578,18
5702;1358;Checking;7.10.2023;$10.141,02
5703;1359;Savings;9.02.2025;$22.091,99
5704;1360;Credit Card;17.03.2024;-$2.004,32
5705;1360;Savings;23.02.2024;$104.763,50
5706;1360;Checking;14.11.2023;$6.330,93
5707;1361;Credit Card;1.05.2026;-$1.442,29
5708;1361;Checking;1.05.2026;$7.470,75
5709;1362;Savings;28.07.2025;$31.696,96
5710;1362;Checking;15.11.2025;$8.544,27
5711;1363;Credit Card;9.04.2026;-$4.556,26
5712;1363;Savings;21.04.2026;$51.907,88
5713;1363;Checking;1.05.2026;$1.967,03
5714;1364;Credit Card;4.04.2025;-$1.605,50
5715;1365;Savings;6.12.2023;$64.419,78
5716;1365;Credit Card;21.01.2024;-$882,47
5717;1365;Checking;2.01.2024;$17.207,27
5718;1366;Savings;24.07.2024;$51.368,63
5719;1367;Credit Card;4.04.2025;-$1.783,54
5720;1368;Savings;28.02.2024;$14.801,88
5721;1368;Credit Card;5.01.2024;-$3.170,97
5722;1368;Checking;21.12.2023;$9.953,71
5723;1369;Savings;19.09.2024;$97.456,96
5724;1369;Checking;19.09.2024;$19.184,41
5725;1369;Credit Card;29.07.2024;-$2.507,01
5726;1370;Credit Card;17.02.2024;-$3.812,73
5727;1371;Credit Card;23.01.2024;-$2.660,81
5728;1372;Credit Card;1.05.2026;-$1.105,71
5729;1372;Checking;11.04.2026;$9.848,70
5730;1372;Savings;1.05.2026;$30.207,69
5731;1373;Savings;6.02.2025;$55.569,19
5732;1374;Savings;22.05.2025;$84.378,78
5733;1375;Savings;28.06.2025;$105.382,00
5734;1375;Checking;18.07.2025;$12.492,51
5735;1375;Credit Card;5.10.2025;-$2.051,37
5736;1376;Checking;26.08.2024;$4.691,61
5737;1376;Credit Card;31.01.2025;-$519,42
5738;1376;Savings;10.08.2024;$43.060,08
5739;1377;Checking;18.12.2025;$1.885,72
5740;1377;Savings;24.12.2025;$30.758,74
5741;1378;Savings;30.04.2025;$103.228,58
5742;1379;Credit Card;1.05.2026;-$5.468,94
5743;1379;Checking;1.05.2026;$12.886,99
5744;1379;Savings;1.05.2026;$40.567,88
5745;1380;Checking;1.05.2026;$12.951,18
5746;1380;Savings;1.05.2026;$51.165,97
5747;1381;Savings;24.09.2024;$13.296,03
5748;1382;Savings;11.10.2025;$39.316,20
5749;1382;Checking;10.10.2025;$6.110,10
5750;1383;Credit Card;23.04.2026;-$3.464,08
5751;1384;Checking;5.11.2024;$1.575,46
5752;1384;Credit Card;4.02.2025;-$4.110,78
5753;1385;Credit Card;14.12.2025;-$2.379,43
5754;1385;Savings;17.08.2025;$11.570,71
5755;1386;Credit Card;6.08.2025;-$3.508,10
5756;1386;Savings;16.11.2025;$100.882,46
5757;1386;Checking;1.12.2025;$1.228,24
5758;1387;Checking;12.11.2023;$3.241,42
5759;1388;Savings;3.04.2023;$28.495,40
5760;1389;Credit Card;3.06.2023;-$2.291,59
5761;1389;Checking;2.07.2023;$841,76
5762;1390;Checking;20.12.2023;$18.948,46
5763;1390;Credit Card;3.01.2024;-$3.580,02
5764;1391;Savings;27.03.2026;$42.172,00
5765;1392;Checking;4.01.2026;$2.220,39
5766;1393;Checking;25.04.2026;$16.935,41
5767;1393;Credit Card;2.04.2026;-$5.044,01
5768;1394;Savings;21.09.2025;$57.063,42
5769;1395;Credit Card;31.01.2024;-$6.063,49
5770;1395;Checking;25.09.2023;$6.136,20
5771;1396;Credit Card;3.07.2024;-$2.831,15
5772;1396;Savings;3.09.2024;$113.519,66
5773;1396;Checking;22.09.2024;$4.860,92
5774;1397;Savings;11.09.2025;$92.189,39
5775;1397;Checking;5.11.2025;$16.037,70
5776;1397;Credit Card;24.07.2025;-$488,77
5777;1398;Savings;5.03.2024;$30.066,20
5778;1398;Checking;18.12.2023;$7.095,98
5779;1398;Credit Card;22.11.2023;-$4.118,44
5780;1399;Savings;12.05.2023;$59.334,72
5781;1400;Checking;26.08.2024;$17.546,29
5782;1400;Savings;5.11.2024;$103.691,91
5783;1401;Savings;14.09.2023;$14.025,82
5784;1401;Credit Card;20.10.2023;-$6.869,90
5785;1401;Checking;19.09.2023;$16.548,46
5786;1402;Savings;5.06.2023;$29.219,03
5787;1402;Checking;15.08.2023;$18.659,01
5788;1402;Credit Card;22.10.2023;-$2.642,78
5789;1403;Savings;10.01.2024;$36.978,58
5790;1404;Checking;1.04.2026;$9.754,39
5791;1404;Savings;10.03.2026;$113.793,52
5792;1405;Credit Card;25.09.2024;-$1.060,03
5793;1405;Checking;3.05.2024;$6.534,18
5794;1406;Credit Card;20.07.2023;-$1.289,63
5795;1407;Credit Card;30.12.2025;-$5.496,51
5796;1407;Savings;4.12.2025;$20.502,54
5797;1407;Checking;14.02.2026;$211,12
5798;1408;Savings;15.05.2025;$99.343,52
5799;1408;Checking;31.05.2025;$8.388,08
5800;1409;Savings;1.05.2026;$59.529,92
5801;1410;Credit Card;26.07.2025;-$2.058,79
5802;1411;Savings;22.11.2024;$34.818,41
5803;1412;Savings;16.02.2024;$116.218,20
5804;1413;Credit Card;16.10.2024;-$779,73
5805;1413;Savings;1.09.2024;$76.140,31
5806;1413;Checking;26.10.2024;$14.872,15
5807;1414;Savings;16.04.2025;$51.466,27
5808;1414;Checking;1.04.2025;$15.069,47
5809;1414;Credit Card;16.05.2025;-$2.423,63
5810;1415;Credit Card;17.09.2024;-$255,38
5811;1415;Checking;5.10.2024;$5.622,16
5812;1416;Credit Card;6.10.2023;-$709,26
5813;1416;Savings;20.11.2023;$76.487,20
5814;1416;Checking;24.11.2023;$4.702,89
5815;1417;Savings;13.06.2024;$15.508,01
5816;1418;Savings;16.12.2024;$35.239,52
5817;1418;Credit Card;26.04.2025;-$3.882,59
5818;1419;Credit Card;1.06.2023;-$2.236,09
5819;1420;Checking;1.02.2024;$15.083,15
5820;1420;Credit Card;21.12.2023;-$6.704,74
5821;1420;Savings;2.03.2024;$14.632,02
5822;1421;Savings;10.01.2025;$94.273,87
5823;1421;Checking;21.05.2025;$1.083,93
5824;1422;Credit Card;1.05.2026;-$2.838,66
5825;1422;Savings;1.05.2026;$83.730,19
5826;1423;Savings;13.02.2024;$63.996,26
5827;1423;Checking;2.04.2024;$12.214,61
5828;1424;Credit Card;1.05.2026;-$779,50
5829;1424;Savings;1.05.2026;$70.459,33
5830;1425;Checking;1.05.2026;$18.109,70
5831;1425;Credit Card;24.03.2026;-$4.194,36
5832;1426;Savings;17.12.2024;$95.027,16
5833;1426;Checking;2.10.2024;$7.178,26
5834;1426;Credit Card;2.02.2025;-$3.856,00
5835;1427;Checking;26.05.2023;$18.924,09
5836;1428;Savings;20.12.2025;$54.507,54
5837;1428;Checking;21.01.2026;$274,64
5838;1428;Credit Card;4.02.2026;-$6.137,66
5839;1429;Credit Card;3.12.2023;-$4.262,75
5840;1429;Checking;30.09.2023;$5.070,14
5841;1430;Credit Card;27.02.2026;-$1.107,55
5842;1431;Credit Card;10.11.2024;-$5.912,16
5843;1431;Savings;6.09.2024;$114.397,52
5844;1431;Checking;23.11.2024;$16.495,27
5845;1432;Savings;1.05.2026;$66.261,64
5846;1432;Checking;1.05.2026;$7.639,41
5847;1433;Checking;9.10.2024;$7.112,56
5848;1433;Credit Card;18.12.2024;-$2.364,09
5849;1433;Savings;16.11.2024;$45.171,92
5850;1434;Credit Card;28.09.2023;-$6.529,81
5851;1435;Savings;18.06.2024;$91.877,37
5852;1435;Credit Card;14.05.2024;-$4.049,09
5853;1435;Checking;13.02.2024;$5.694,03
5854;1436;Checking;5.09.2024;$4.479,38
5855;1436;Credit Card;28.10.2024;-$231,80
5856;1437;Checking;10.03.2025;$7.370,20
5857;1438;Credit Card;24.05.2023;-$375,97
5858;1439;Checking;14.10.2024;$793,23
5859;1440;Savings;9.12.2024;$108.442,88
5860;1440;Checking;7.10.2024;$14.053,53
5861;1440;Credit Card;24.10.2024;-$1.068,40
5862;1441;Credit Card;2.11.2025;-$614,93
5863;1442;Savings;24.08.2025;$89.446,33
5864;1443;Savings;13.10.2025;$70.971,28
5865;1443;Checking;20.09.2025;$7.181,06
5866;1444;Checking;1.05.2026;$19.548,02
5867;1445;Checking;23.11.2025;$13.129,85
5868;1445;Savings;4.12.2025;$21.276,72
5869;1445;Credit Card;16.11.2025;-$464,05
5870;1446;Credit Card;21.02.2024;-$1.391,23
5871;1446;Checking;25.02.2024;$7.983,06
5872;1446;Savings;26.09.2023;$28.116,69
5873;1447;Savings;29.07.2025;$20.446,97
5874;1447;Checking;14.09.2025;$6.360,79
5875;1447;Credit Card;12.07.2025;-$5.684,11
5876;1448;Credit Card;7.03.2023;-$5.652,56
5877;1449;Checking;22.02.2026;$13.933,16
5878;1449;Savings;23.02.2026;$109.682,47
5879;1449;Credit Card;1.05.2026;-$5.443,26
5880;1450;Credit Card;1.05.2026;-$2.120,94
5881;1450;Savings;21.03.2026;$54.255,06
5882;1450;Checking;25.02.2026;$19.266,90
5883;1451;Checking;27.07.2023;$17.256,07
5884;1451;Savings;26.09.2023;$99.221,77
5885;1451;Credit Card;4.07.2023;-$5.449,91
5886;1452;Credit Card;14.05.2024;-$2.489,97
5887;1452;Checking;23.03.2024;$6.394,73
5888;1452;Savings;8.04.2024;$35.296,62
5889;1453;Credit Card;13.08.2023;-$4.125,12
5890;1453;Savings;19.04.2023;$110.737,73
5891;1454;Credit Card;21.01.2024;-$2.181,37
5892;1454;Checking;9.03.2024;$726,13
5893;1454;Savings;9.04.2024;$8.481,50
5894;1455;Checking;1.05.2026;$18.772,74
5895;1455;Savings;1.05.2026;$100.500,45
5896;1455;Credit Card;1.05.2026;-$6.218,75
5897;1456;Checking;28.06.2024;$17.429,65
5898;1456;Credit Card;20.10.2024;-$5.476,96
5899;1457;Checking;23.08.2025;$8.092,48
5900;1458;Savings;31.03.2023;$79.457,67
5901;1458;Credit Card;20.06.2023;-$655,81
5902;1459;Savings;19.12.2025;$81.535,86
5903;1459;Credit Card;20.03.2026;-$4.060,27
5904;1459;Checking;9.12.2025;$11.287,16
5905;1460;Credit Card;28.03.2023;-$5.999,13
5906;1460;Checking;7.05.2023;$14.148,25
5907;1461;Credit Card;21.08.2025;-$465,08
5908;1461;Checking;29.11.2025;$778,63
5909;1461;Savings;30.07.2025;$17.124,82
5910;1462;Savings;28.01.2026;$87.250,88
5911;1462;Checking;1.05.2026;$3.610,33
5912;1463;Checking;27.02.2024;$12.281,21
5913;1464;Savings;14.01.2025;$63.146,09
5914;1464;Credit Card;11.12.2024;-$2.442,13
5915;1465;Checking;18.04.2025;$16.097,87
5916;1465;Credit Card;10.06.2025;-$809,55
5917;1466;Credit Card;1.05.2026;-$3.601,64
5918;1466;Checking;8.04.2026;$13.493,86
5919;1467;Credit Card;6.04.2024;-$1.626,82
5920;1468;Credit Card;12.07.2025;-$4.039,11
5921;1469;Savings;24.05.2024;$57.667,63
5922;1470;Credit Card;29.03.2023;-$5.535,13
5923;1470;Savings;15.04.2023;$54.100,47
5924;1470;Checking;15.02.2023;$14.651,33
5925;1471;Savings;25.08.2023;$51.232,72
5926;1472;Savings;4.06.2023;$39.459,08
5927;1473;Checking;16.09.2024;$4.874,87
5928;1473;Credit Card;13.08.2024;-$6.155,72
5929;1473;Savings;24.08.2024;$101.300,14
5930;1474;Savings;25.08.2025;$24.393,38
5931;1474;Checking;21.06.2025;$705,19
5932;1474;Credit Card;10.07.2025;-$6.316,01
5933;1475;Credit Card;14.05.2023;-$2.876,66
5934;1475;Savings;23.09.2023;$56.812,90
5935;1475;Checking;28.05.2023;$5.276,42
5936;1476;Credit Card;28.08.2023;-$1.646,71
5937;1477;Savings;15.12.2024;$73.491,06
5938;1477;Checking;22.09.2024;$10.446,94
5939;1477;Credit Card;28.11.2024;-$6.176,51
5940;1478;Credit Card;12.03.2024;-$506,45
5941;1478;Checking;22.02.2024;$19.470,08
5942;1478;Savings;28.02.2024;$116.363,36
5943;1479;Savings;4.04.2023;$34.012,98
5944;1479;Checking;27.01.2023;$13.852,75
5945;1479;Credit Card;10.04.2023;-$3.780,62
5946;1480;Credit Card;28.03.2026;-$3.118,00
5947;1481;Checking;6.10.2024;$16.228,72
5948;1481;Savings;27.11.2024;$94.080,74
5949;1482;Savings;3.04.2026;$20.560,62
5950;1483;Checking;18.05.2024;$6.260,02
5951;1483;Savings;31.10.2024;$72.129,57
5952;1483;Credit Card;28.08.2024;-$2.421,38
5953;1484;Checking;27.12.2025;$7.117,62
5954;1484;Savings;28.10.2025;$91.889,41
5955;1484;Credit Card;18.12.2025;-$243,20
5956;1485;Savings;3.03.2024;$69.685,43
5957;1485;Credit Card;30.06.2024;-$5.990,78
5958;1486;Checking;14.10.2024;$19.500,86
5959;1487;Checking;24.11.2024;$17.951,98
5960;1487;Savings;15.02.2025;$106.056,37
5961;1487;Credit Card;13.01.2025;-$2.850,74
5962;1488;Savings;12.03.2026;$65.608,88
5963;1489;Credit Card;16.12.2025;-$6.270,73
5964;1489;Savings;3.09.2025;$114.374,15
5965;1490;Checking;22.09.2023;$14.321,39
5966;1490;Credit Card;30.06.2023;-$3.326,66
5967;1491;Credit Card;16.11.2023;-$846,29
5968;1491;Checking;7.12.2023;$5.898,23
5969;1492;Credit Card;1.07.2025;-$6.025,36
5970;1492;Checking;23.06.2025;$12.915,76
5971;1493;Checking;13.04.2024;$17.233,04
5972;1493;Credit Card;22.06.2024;-$5.316,81
5973;1493;Savings;8.08.2024;$61.028,14
5974;1494;Checking;1.01.2026;$4.759,32
5975;1494;Credit Card;19.10.2025;-$5.304,04
5976;1495;Checking;9.08.2025;$3.725,15
5977;1496;Savings;30.07.2025;$53.742,86
5978;1496;Checking;14.07.2025;$8.133,68
5979;1497;Credit Card;30.09.2023;-$4.417,20
5980;1497;Savings;13.05.2023;$81.777,18
5981;1498;Savings;12.02.2025;$11.549,37
5982;1498;Credit Card;5.05.2025;-$6.257,17
5983;1498;Checking;22.06.2025;$5.241,81
5984;1499;Checking;27.02.2026;$1.834,66
5985;1500;Credit Card;21.02.2026;-$6.058,67
5986;1500;Checking;13.01.2026;$18.373,57
5987;1501;Credit Card;4.06.2023;-$1.710,34
5988;1501;Checking;14.06.2023;$1.618,56
5989;1502;Savings;25.08.2025;$19.886,83
5990;1503;Checking;18.08.2025;$2.750,58
5991;1504;Checking;20.08.2024;$3.195,81
5992;1504;Credit Card;10.09.2024;-$4.866,77
5993;1504;Savings;13.10.2024;$36.954,86
5994;1505;Checking;19.04.2026;$386,40
5995;1505;Savings;27.04.2026;$21.044,78
5996;1505;Credit Card;1.05.2026;-$4.243,18
5997;1506;Savings;3.01.2026;$35.335,44
5998;1506;Checking;10.02.2026;$14.724,01
5999;1506;Credit Card;1.05.2026;-$172,16
6000;1507;Savings;1.05.2026;$79.731,20
6001;1508;Credit Card;14.05.2024;-$2.619,37
6002;1509;Savings;11.10.2025;$68.233,38
6003;1509;Credit Card;18.01.2026;-$5.103,94
6004;1509;Checking;6.12.2025;$14.980,85
6005;1510;Savings;29.04.2025;$116.975,98
6006;1511;Savings;29.03.2024;$73.513,10
6007;1512;Savings;5.06.2024;$33.260,18
6008;1512;Checking;27.06.2024;$14.097,71
6009;1513;Checking;25.06.2024;$11.102,31
6010;1514;Savings;3.11.2023;$49.229,76
6011;1514;Credit Card;23.07.2023;-$241,21
6012;1514;Checking;16.08.2023;$9.487,11
6013;1515;Savings;8.02.2024;$5.293,36
6014;1515;Checking;15.11.2023;$18.791,49
6015;1515;Credit Card;6.11.2023;-$1.809,59
6016;1516;Credit Card;1.05.2026;-$4.457,32
6017;1516;Checking;1.05.2026;$13.537,91
6018;1517;Checking;17.03.2024;$10.272,27
6019;1518;Checking;2.02.2024;$715,06
6020;1519;Savings;3.10.2023;$8.349,75
6021;1519;Checking;14.01.2024;$12.093,95
6022;1519;Credit Card;27.01.2024;-$3.298,84
6023;1520;Checking;30.05.2024;$1.167,41
6024;1520;Credit Card;12.07.2024;-$1.495,14
6025;1521;Savings;6.10.2023;$58.573,23
6026;1521;Checking;22.12.2023;$19.131,92
6027;1522;Credit Card;10.11.2023;-$3.430,88
6028;1522;Checking;18.10.2023;$15.060,10
6029;1523;Checking;2.06.2025;$18.584,40
6030;1524;Savings;24.09.2023;$70.933,46
6031;1524;Credit Card;1.12.2023;-$6.881,37
6032;1524;Checking;29.09.2023;$1.806,81
6033;1525;Savings;30.10.2024;$108.898,64
6034;1525;Checking;4.10.2024;$12.237,77
6035;1525;Credit Card;27.01.2025;-$1.460,75
6036;1526;Savings;5.07.2024;$35.507,61
6037;1527;Credit Card;17.12.2025;-$5.584,27
6038;1527;Checking;5.11.2025;$17.902,07
6039;1527;Savings;1.10.2025;$78.987,76
6040;1528;Checking;28.10.2024;$7.833,85
6041;1528;Savings;16.10.2024;$49.772,52
6042;1529;Savings;8.09.2025;$60.827,72
6043;1529;Checking;27.09.2025;$9.836,62
6044;1529;Credit Card;8.12.2025;-$2.153,90
6045;1530;Checking;3.04.2024;$3.552,51
6046;1530;Credit Card;20.02.2024;-$4.348,55
6047;1530;Savings;29.02.2024;$73.499,53
6048;1531;Checking;1.05.2026;$12.003,27
6049;1532;Credit Card;15.11.2025;-$2.883,21
6050;1533;Credit Card;3.07.2024;-$3.133,85
6051;1534;Checking;26.06.2024;$6.103,29
6052;1534;Credit Card;30.09.2024;-$3.928,10
6053;1534;Savings;21.09.2024;$11.696,69
6054;1535;Savings;22.06.2023;$52.610,36
6055;1535;Checking;26.06.2023;$6.590,67
6056;1535;Credit Card;27.05.2023;-$4.156,56
6057;1536;Savings;17.08.2025;$71.922,13
6058;1537;Savings;1.05.2026;$24.770,75
6059;1537;Checking;13.04.2026;$19.738,89
6060;1538;Savings;4.01.2026;$42.934,85
6061;1538;Checking;26.04.2026;$9.611,54
6062;1538;Credit Card;8.04.2026;-$1.487,92
6063;1539;Checking;7.03.2024;$5.839,15
6064;1540;Savings;19.01.2026;$52.108,07
6065;1540;Checking;10.02.2026;$7.888,92
6066;1541;Checking;10.06.2025;$2.675,44
6067;1541;Credit Card;2.05.2025;-$6.364,59
6068;1542;Checking;1.05.2026;$12.762,47
6069;1542;Savings;1.05.2026;$8.520,51
6070;1542;Credit Card;1.03.2026;-$164,36
6071;1543;Savings;1.08.2023;$57.387,88
6072;1544;Credit Card;23.04.2025;-$5.968,92
6073;1544;Savings;13.11.2024;$20.413,18
6074;1545;Savings;20.01.2025;$60.808,75
6075;1546;Credit Card;2.09.2025;-$4.072,91
6076;1546;Checking;1.05.2025;$3.157,11
6077;1547;Credit Card;1.11.2025;-$3.884,24
6078;1547;Savings;11.09.2025;$9.029,51
6079;1548;Credit Card;9.12.2023;-$2.938,75
6080;1549;Credit Card;14.02.2026;-$2.082,40
6081;1549;Savings;9.11.2025;$85.454,08
6082;1550;Credit Card;26.10.2024;-$6.966,66
6083;1550;Savings;11.10.2024;$86.542,91
6084;1550;Checking;24.10.2024;$9.999,31
6085;1551;Savings;5.03.2026;$30.393,93
6086;1551;Credit Card;26.11.2025;-$3.996,09
6087;1552;Checking;17.02.2025;$5.437,18
6088;1552;Savings;24.07.2025;$110.709,89
6089;1553;Checking;16.04.2025;$6.354,55
6090;1553;Credit Card;8.05.2025;-$3.421,41
6091;1554;Savings;1.05.2026;$75.319,99
6092;1554;Checking;1.05.2026;$939,60
6093;1554;Credit Card;1.05.2026;-$6.831,59
6094;1555;Savings;1.05.2026;$39.714,73
6095;1555;Credit Card;25.03.2026;-$3.515,47
6096;1555;Checking;1.05.2026;$5.872,60
6097;1556;Savings;19.11.2024;$65.540,36
6098;1557;Savings;22.01.2024;$80.745,39
6099;1557;Checking;16.04.2024;$14.797,00
6100;1557;Credit Card;20.03.2024;-$6.867,47
6101;1558;Savings;12.03.2026;$45.123,52
6102;1558;Credit Card;31.01.2026;-$5.937,89
6103;1558;Checking;4.04.2026;$9.595,17
6104;1559;Credit Card;6.12.2023;-$2.508,72
6105;1559;Savings;25.01.2024;$82.236,02
6106;1560;Credit Card;28.04.2025;-$4.999,43
6107;1560;Checking;18.08.2025;$6.875,81
6108;1561;Checking;27.03.2025;$8.027,71
6109;1561;Credit Card;14.12.2024;-$491,61
6110;1562;Savings;14.09.2024;$57.266,97
6111;1562;Checking;30.01.2025;$3.914,62
6112;1563;Checking;11.09.2024;$8.114,15
6113;1563;Savings;8.09.2024;$20.203,01
6114;1564;Checking;1.11.2025;$4.926,57
6115;1564;Savings;28.10.2025;$10.849,10
6116;1564;Credit Card;21.08.2025;-$2.890,77
6117;1565;Credit Card;2.02.2023;-$2.205,03
6118;1565;Checking;3.02.2023;$16.370,33
6119;1566;Savings;29.01.2025;$74.383,74
6120;1567;Savings;17.02.2026;$108.797,67
6121;1567;Credit Card;3.03.2026;-$6.693,64
6122;1567;Checking;1.03.2026;$10.979,67
6123;1568;Savings;1.07.2024;$17.131,06
6124;1568;Checking;9.03.2024;$1.914,55
6125;1569;Checking;3.12.2024;$13.662,80
6126;1569;Savings;4.11.2024;$67.948,51
6127;1570;Savings;26.05.2024;$10.753,90
6128;1571;Credit Card;14.04.2026;-$4.152,03
6129;1572;Savings;9.07.2024;$71.570,47
6130;1572;Credit Card;31.07.2024;-$2.157,58
6131;1572;Checking;26.06.2024;$208,58
6132;1573;Savings;18.07.2024;$42.252,00
6133;1573;Checking;22.10.2024;$15.994,90
6134;1573;Credit Card;28.09.2024;-$5.833,78
6135;1574;Savings;28.08.2024;$10.187,88
6136;1574;Checking;3.08.2024;$2.295,87
6137;1574;Credit Card;23.09.2024;-$5.143,81
6138;1575;Savings;9.06.2024;$112.564,55
6139;1576;Savings;25.12.2025;$62.128,14
6140;1576;Credit Card;16.01.2026;-$6.248,32
6141;1577;Credit Card;19.10.2024;-$3.433,06
6142;1578;Checking;10.07.2024;$10.252,43
6143;1578;Savings;5.04.2024;$24.563,80
6144;1578;Credit Card;24.03.2024;-$1.507,11
6145;1579;Checking;21.02.2026;$1.256,35
6146;1579;Savings;5.04.2026;$30.164,86
6147;1579;Credit Card;6.02.2026;-$384,05
6148;1580;Checking;19.02.2024;$13.681,18
6149;1581;Savings;27.06.2024;$5.911,66
6150;1581;Credit Card;16.04.2024;-$854,93
6151;1582;Checking;15.10.2023;$8.979,34
6152;1583;Checking;30.01.2024;$9.628,56
6153;1583;Savings;7.10.2023;$61.243,27
6154;1583;Credit Card;25.10.2023;-$1.759,10
6155;1584;Checking;1.01.2025;$13.063,12
6156;1584;Savings;5.11.2024;$43.524,76
6157;1585;Credit Card;4.09.2023;-$650,67
6158;1585;Savings;25.11.2023;$90.932,66
6159;1585;Checking;7.07.2023;$14.614,31
6160;1586;Credit Card;10.10.2024;-$2.753,64
6161;1586;Checking;12.08.2024;$4.477,23
6162;1586;Savings;23.08.2024;$29.404,15
6163;1587;Credit Card;10.04.2026;-$2.470,08
6164;1588;Checking;8.12.2024;$8.574,27
6165;1588;Savings;17.02.2025;$118.248,80
6166;1588;Credit Card;10.02.2025;-$6.823,03
6167;1589;Credit Card;8.12.2023;-$3.413,32
6168;1589;Checking;18.09.2023;$12.002,16
6169;1589;Savings;25.12.2023;$108.247,53
6170;1590;Checking;25.01.2024;$19.071,43
6171;1590;Savings;29.05.2024;$44.098,12
6172;1590;Credit Card;30.03.2024;-$3.183,79
6173;1591;Savings;24.12.2025;$82.407,02
6174;1591;Checking;21.10.2025;$13.848,48
6175;1591;Credit Card;23.12.2025;-$4.962,25
6176;1592;Checking;13.07.2024;$12.744,04
6177;1593;Savings;1.05.2026;$117.824,43
6178;1593;Credit Card;1.05.2026;-$6.522,59
6179;1593;Checking;1.05.2026;$4.416,51
6180;1594;Checking;30.04.2026;$15.605,16
6181;1594;Credit Card;1.05.2026;-$904,03
6182;1595;Credit Card;23.07.2024;-$6.016,06
6183;1595;Savings;28.08.2024;$104.340,62
6184;1595;Checking;29.10.2024;$14.932,39
6185;1596;Credit Card;1.03.2024;-$3.244,40
6186;1597;Credit Card;26.06.2023;-$3.806,24
6187;1598;Credit Card;1.05.2026;-$2.567,67
6188;1599;Credit Card;7.11.2025;-$159,96
6189;1599;Savings;29.12.2025;$15.811,20
6190;1600;Checking;10.09.2024;$973,18
6191;1600;Savings;20.06.2024;$81.406,22
6192;1600;Credit Card;26.04.2024;-$474,62
6193;1601;Savings;17.04.2026;$95.650,40
6194;1601;Credit Card;1.05.2026;-$832,42
6195;1602;Savings;20.04.2026;$50.199,17
6196;1602;Checking;1.05.2026;$2.583,08
6197;1602;Credit Card;25.04.2026;-$1.993,88
6198;1603;Checking;19.10.2023;$4.364,71
6199;1604;Savings;10.02.2024;$50.380,52
6200;1604;Checking;19.03.2024;$16.929,39
6201;1605;Checking;15.09.2025;$15.667,19
6202;1605;Savings;19.10.2025;$36.084,59
6203;1605;Credit Card;18.11.2025;-$5.339,87
6204;1606;Checking;29.01.2025;$14.600,16
6205;1606;Credit Card;14.06.2025;-$1.053,75
6206;1606;Savings;28.04.2025;$26.838,13
6207;1607;Checking;12.05.2024;$12.431,35
6208;1607;Savings;21.07.2024;$44.624,98
6209;1608;Savings;5.08.2023;$96.132,72
6210;1608;Checking;7.12.2023;$5.693,86
6211;1609;Checking;1.05.2026;$6.300,57
6212;1609;Credit Card;1.05.2026;-$5.186,83
6213;1609;Savings;1.05.2026;$35.306,77
6214;1610;Savings;4.10.2023;$91.932,83
6215;1611;Checking;18.03.2024;$1.675,14
6216;1611;Savings;2.05.2024;$81.946,78
6217;1612;Savings;19.03.2026;$12.573,90
6218;1612;Checking;24.02.2026;$19.220,33
6219;1612;Credit Card;12.04.2026;-$2.988,30
6220;1613;Checking;13.06.2023;$13.161,82
6221;1614;Checking;1.05.2026;$5.494,25
6222;1614;Savings;1.05.2026;$51.022,79
6223;1615;Credit Card;12.01.2026;-$3.432,80
6224;1615;Savings;28.04.2026;$99.174,23
6225;1615;Checking;3.01.2026;$13.724,77
6226;1616;Checking;11.02.2024;$10.869,01
6227;1616;Savings;18.01.2024;$37.030,68
6228;1616;Credit Card;21.04.2024;-$688,70
6229;1617;Checking;7.07.2023;$16.075,25
6230;1617;Savings;2.06.2023;$61.316,23
6231;1617;Credit Card;22.06.2023;-$4.710,39
6232;1618;Savings;12.02.2023;$107.346,75
6233;1618;Checking;10.07.2023;$3.381,26
6234;1619;Savings;13.07.2025;$71.119,39
6235;1619;Credit Card;6.07.2025;-$5.881,98
6236;1619;Checking;21.06.2025;$16.321,29
6237;1620;Savings;14.02.2024;$7.108,77
6238;1620;Credit Card;22.12.2023;-$4.724,26
6239;1620;Checking;28.12.2023;$8.987,40
6240;1621;Credit Card;8.04.2026;-$4.594,18
6241;1621;Savings;7.04.2026;$107.995,46
6242;1621;Checking;1.05.2026;$10.335,56
6243;1622;Savings;4.01.2026;$60.680,91
6244;1622;Checking;2.02.2026;$15.636,00
6245;1623;Checking;15.10.2023;$18.286,30
6246;1624;Savings;14.01.2025;$63.436,61
6247;1624;Credit Card;20.02.2025;-$2.509,52
6248;1624;Checking;8.03.2025;$19.077,39
6249;1625;Savings;1.03.2025;$58.048,74
6250;1625;Credit Card;27.12.2024;-$6.246,44
6251;1625;Checking;17.02.2025;$16.093,96
6252;1626;Checking;23.10.2023;$16.838,01
6253;1626;Savings;23.10.2023;$14.261,30
6254;1627;Savings;15.04.2025;$110.728,06
6255;1627;Credit Card;16.02.2025;-$3.973,35
6256;1628;Checking;6.07.2024;$16.216,70
6257;1628;Savings;25.06.2024;$69.799,74
6258;1628;Credit Card;4.05.2024;-$4.231,46
6259;1629;Checking;12.03.2026;$3.253,03
6260;1629;Credit Card;1.05.2026;-$4.091,28
6261;1629;Savings;21.04.2026;$18.616,78
6262;1630;Credit Card;19.02.2024;-$3.076,94
6263;1630;Checking;23.01.2024;$5.444,35
6264;1631;Checking;29.01.2025;$3.440,84
6265;1632;Checking;16.06.2024;$11.200,60
6266;1632;Credit Card;27.04.2024;-$354,75
6267;1633;Checking;22.10.2025;$1.852,36
6268;1633;Savings;27.09.2025;$75.362,90
6269;1634;Credit Card;2.06.2024;-$4.457,60
6270;1634;Savings;22.09.2024;$115.463,38
6271;1635;Credit Card;18.04.2024;-$1.433,51
6272;1635;Checking;6.01.2024;$4.184,68
6273;1635;Savings;15.06.2024;$69.718,57
6274;1636;Checking;1.05.2026;$1.346,24
6275;1637;Checking;15.04.2026;$12.013,39
6276;1637;Credit Card;1.02.2026;-$350,03
6277;1637;Savings;3.12.2025;$71.720,18
6278;1638;Checking;1.10.2025;$17.840,83
6279;1638;Credit Card;16.10.2025;-$885,75
6280;1639;Savings;30.03.2025;$6.717,94
6281;1640;Checking;27.10.2024;$6.336,18
6282;1640;Credit Card;9.09.2024;-$4.302,59
6283;1641;Savings;1.05.2024;$76.548,18
6284;1642;Savings;4.08.2023;$47.622,64
6285;1642;Credit Card;18.10.2023;-$4.775,91
6286;1642;Checking;27.07.2023;$4.988,44
6287;1643;Credit Card;8.11.2023;-$3.367,50
6288;1644;Credit Card;28.05.2024;-$6.664,65
6289;1644;Savings;17.06.2024;$46.945,67
6290;1644;Checking;10.04.2024;$17.247,52
6291;1645;Savings;8.07.2025;$89.728,48
6292;1646;Credit Card;17.08.2023;-$3.004,39
6293;1646;Savings;11.05.2023;$55.908,21
6294;1646;Checking;20.10.2023;$5.513,99
6295;1647;Credit Card;15.04.2026;-$3.485,35
6296;1647;Savings;24.01.2026;$84.269,91
6297;1648;Savings;20.10.2024;$29.319,98
6298;1648;Credit Card;15.11.2024;-$3.995,21
6299;1649;Credit Card;19.10.2024;-$1.744,98
6300;1649;Savings;9.10.2024;$42.886,00
6301;1649;Checking;12.07.2024;$16.984,36
6302;1650;Checking;29.12.2025;$3.048,16
6303;1650;Savings;17.12.2025;$78.682,49
6304;1650;Credit Card;1.05.2026;-$2.875,67
6305;1651;Credit Card;8.12.2024;-$5.413,44
6306;1651;Checking;16.01.2025;$12.870,57
6307;1652;Credit Card;16.02.2024;-$3.172,88
6308;1652;Checking;11.11.2023;$16.735,68
6309;1653;Credit Card;10.10.2023;-$1.138,87
6310;1653;Savings;11.08.2023;$46.071,82
6311;1654;Checking;7.11.2025;$11.817,40
6312;1655;Credit Card;23.01.2026;-$2.339,49
6313;1655;Savings;1.12.2025;$23.460,34
6314;1656;Checking;14.11.2024;$15.486,39
6315;1656;Credit Card;5.07.2024;-$4.853,62
6316;1656;Savings;3.08.2024;$31.922,16
6317;1657;Credit Card;29.06.2023;-$776,02
6318;1657;Checking;6.08.2023;$2.086,43
6319;1657;Savings;2.05.2023;$64.908,30
6320;1658;Savings;23.12.2023;$94.891,10
6321;1659;Checking;8.03.2023;$4.403,59
6322;1659;Savings;2.04.2023;$47.331,07
6323;1660;Savings;31.03.2023;$47.268,54
6324;1660;Checking;28.08.2023;$7.614,22
6325;1661;Savings;3.01.2024;$117.365,85
6326;1662;Credit Card;12.05.2024;-$6.415,09
6327;1662;Checking;9.08.2024;$11.894,01
6328;1663;Checking;8.06.2025;$11.662,04
6329;1663;Savings;6.09.2025;$84.340,48
6330;1663;Credit Card;22.08.2025;-$4.271,91
6331;1664;Credit Card;29.03.2025;-$3.013,76
6332;1665;Savings;13.01.2024;$97.218,93
6333;1666;Checking;21.01.2026;$18.915,96
6334;1666;Savings;26.12.2025;$5.452,13
6335;1667;Credit Card;26.05.2023;-$5.844,70
6336;1667;Savings;7.02.2023;$41.293,40
6337;1667;Checking;15.06.2023;$7.441,62
6338;1668;Savings;21.07.2023;$52.765,38
6339;1668;Checking;26.08.2023;$5.093,83
6340;1668;Credit Card;7.09.2023;-$1.478,45
6341;1669;Credit Card;5.08.2023;-$5.951,29
6342;1669;Checking;26.10.2023;$11.162,27
6343;1670;Savings;6.09.2024;$104.749,12
6344;1670;Checking;11.11.2024;$3.214,61
6345;1671;Savings;1.04.2025;$81.666,30
6346;1671;Credit Card;26.04.2025;-$4.132,65
6347;1672;Savings;1.05.2026;$117.488,84
6348;1672;Checking;1.05.2026;$17.009,78
6349;1673;Credit Card;26.05.2025;-$6.129,21
6350;1673;Savings;13.07.2025;$109.129,24
6351;1673;Checking;2.04.2025;$14.156,40
6352;1674;Checking;8.11.2025;$10.356,70
6353;1674;Savings;23.10.2025;$35.091,57
6354;1675;Savings;14.04.2025;$95.922,78
6355;1675;Checking;9.05.2025;$15.099,98
6356;1675;Credit Card;14.03.2025;-$240,15
6357;1676;Checking;29.03.2024;$14.955,64
6358;1676;Savings;7.01.2024;$87.353,04
6359;1677;Savings;4.11.2023;$16.694,69
6360;1677;Checking;4.07.2023;$8.207,51
6361;1678;Credit Card;26.03.2024;-$6.934,87
6362;1678;Checking;13.03.2024;$16.131,09
6363;1679;Credit Card;17.04.2026;-$1.801,08
6364;1680;Checking;1.05.2026;$5.307,86
6365;1680;Savings;28.04.2026;$15.134,82
6366;1680;Credit Card;23.02.2026;-$6.461,81
6367;1681;Credit Card;25.02.2026;-$175,22
6368;1681;Savings;29.03.2026;$26.026,74
6369;1682;Checking;16.03.2026;$13.366,26
6370;1682;Credit Card;1.05.2026;-$149,34
6371;1683;Savings;14.01.2026;$85.166,23
6372;1684;Checking;19.12.2023;$9.503,35
6373;1685;Savings;14.12.2025;$29.947,20
6374;1685;Credit Card;30.11.2025;-$216,10
6375;1685;Checking;13.02.2026;$12.142,26
6376;1686;Checking;17.01.2024;$15.764,47
6377;1686;Savings;15.06.2024;$76.704,12
6378;1687;Credit Card;4.09.2025;-$5.540,22
6379;1688;Credit Card;7.08.2025;-$169,14
6380;1689;Credit Card;26.07.2024;-$5.704,34
6381;1690;Checking;1.05.2026;$2.392,52
6382;1690;Savings;1.05.2026;$81.289,74
6383;1690;Credit Card;1.05.2026;-$1.061,04
6384;1691;Credit Card;1.05.2026;-$3.088,04
6385;1691;Checking;1.05.2026;$14.356,92
6386;1691;Savings;21.04.2026;$88.679,30
6387;1692;Savings;18.11.2023;$25.409,87
6388;1692;Credit Card;20.12.2023;-$5.168,45
6389;1693;Checking;30.09.2025;$8.494,52
6390;1694;Savings;8.01.2025;$40.617,49
6391;1694;Checking;22.03.2025;$1.908,21
6392;1694;Credit Card;30.09.2024;-$1.141,92
6393;1695;Checking;19.01.2026;$11.369,17
6394;1695;Savings;1.05.2026;$94.883,83
6395;1696;Credit Card;13.06.2025;-$6.946,98
6396;1696;Checking;19.04.2025;$5.875,09
6397;1697;Checking;4.07.2025;$7.800,81
6398;1698;Credit Card;29.04.2025;-$5.407,58
6399;1698;Checking;1.02.2025;$2.303,13
6400;1698;Savings;18.06.2025;$91.955,71
6401;1699;Credit Card;13.07.2024;-$6.820,81
6402;1700;Checking;29.10.2024;$5.770,22
6403;1700;Credit Card;23.10.2024;-$854,57
6404;1700;Savings;12.08.2024;$81.378,69
6405;1701;Savings;14.05.2024;$8.486,07
6406;1702;Checking;17.06.2025;$13.401,39
6407;1702;Savings;21.05.2025;$74.543,84
6408;1702;Credit Card;25.08.2025;-$5.562,24
6409;1703;Checking;19.07.2023;$5.911,43
6410;1703;Savings;28.06.2023;$73.366,96
6411;1703;Credit Card;3.12.2023;-$2.879,10
6412;1704;Checking;25.07.2023;$213,13
6413;1704;Savings;30.07.2023;$32.435,07
6414;1704;Credit Card;28.08.2023;-$591,59
6415;1705;Checking;10.03.2024;$1.573,72
6416;1705;Savings;25.08.2024;$30.545,10
6417;1706;Savings;30.05.2024;$35.304,28
6418;1707;Checking;27.11.2025;$9.934,77
6419;1707;Savings;22.10.2025;$61.250,22
6420;1707;Credit Card;10.10.2025;-$927,28
6421;1708;Credit Card;16.07.2025;-$4.187,46
6422;1709;Credit Card;1.05.2026;-$4.894,74
6423;1710;Checking;3.11.2023;$6.533,37
6424;1711;Checking;1.05.2026;$2.911,51
6425;1712;Credit Card;22.05.2025;-$2.260,55
6426;1712;Checking;7.08.2025;$2.329,95
6427;1712;Savings;21.05.2025;$26.385,13
6428;1713;Credit Card;27.01.2024;-$3.212,19
6429;1713;Savings;6.09.2023;$118.112,13
6430;1713;Checking;28.08.2023;$2.928,70
6431;1714;Savings;1.05.2026;$34.037,15
6432;1714;Credit Card;1.05.2026;-$6.041,26
6433;1714;Checking;31.03.2026;$15.593,59
6434;1715;Savings;23.04.2025;$26.264,06
6435;1715;Credit Card;25.05.2025;-$1.285,61
6436;1715;Checking;14.12.2024;$15.350,88
6437;1716;Savings;25.12.2024;$83.520,65
6438;1716;Checking;10.11.2024;$3.455,27
6439;1717;Credit Card;16.11.2023;-$5.624,85
6440;1717;Checking;18.11.2023;$3.437,52
6441;1718;Savings;1.05.2026;$48.442,30
6442;1718;Checking;1.05.2026;$17.212,92
6443;1718;Credit Card;1.05.2026;-$1.044,83
6444;1719;Credit Card;24.12.2024;-$3.251,74
6445;1719;Checking;17.04.2025;$5.097,20
6446;1720;Checking;14.07.2025;$3.820,16
6447;1721;Savings;13.07.2025;$80.753,90
6448;1721;Checking;14.08.2025;$17.329,33
6449;1721;Credit Card;3.07.2025;-$3.695,14
6450;1722;Credit Card;8.11.2025;-$2.225,99
6451;1723;Checking;24.02.2025;$12.088,26
6452;1724;Credit Card;6.12.2023;-$4.616,34
6453;1724;Savings;1.01.2024;$52.831,14
6454;1725;Savings;5.04.2025;$84.403,55
6455;1725;Credit Card;7.06.2025;-$3.892,05
6456;1726;Credit Card;15.12.2023;-$3.143,34
6457;1727;Savings;22.07.2023;$37.293,58
6458;1727;Checking;5.04.2023;$8.788,85
6459;1728;Credit Card;23.11.2023;-$1.440,91
6460;1729;Credit Card;17.03.2025;-$2.217,75
6461;1729;Savings;15.11.2024;$7.142,56
6462;1730;Savings;16.05.2025;$46.238,52
6463;1730;Credit Card;28.05.2025;-$1.996,98
6464;1730;Checking;29.01.2025;$5.015,57
6465;1731;Savings;15.01.2024;$62.797,16
6466;1731;Credit Card;7.02.2024;-$3.321,21
6467;1732;Credit Card;1.05.2026;-$6.414,73
6468;1733;Savings;29.06.2025;$32.087,00
6469;1734;Checking;2.10.2024;$19.058,02
6470;1735;Savings;1.05.2026;$57.025,64
6471;1735;Credit Card;1.05.2026;-$5.686,85
6472;1735;Checking;1.05.2026;$6.892,42
6473;1736;Savings;27.04.2024;$41.467,15
6474;1737;Credit Card;24.11.2025;-$3.850,16
6475;1737;Checking;13.12.2025;$10.483,51
6476;1737;Savings;11.12.2025;$26.178,03
6477;1738;Savings;18.03.2024;$63.747,98
6478;1738;Checking;22.12.2023;$13.299,87
6479;1739;Credit Card;14.02.2025;-$4.660,98
6480;1740;Savings;2.03.2024;$59.534,35
6481;1740;Credit Card;1.05.2024;-$1.238,67
6482;1740;Checking;1.06.2024;$2.110,98
6483;1741;Checking;28.04.2025;$19.121,36
6484;1741;Savings;5.08.2025;$108.141,16
6485;1741;Credit Card;16.03.2025;-$2.467,05
6486;1742;Checking;14.05.2024;$9.611,16
6487;1743;Savings;12.07.2023;$12.846,21
6488;1743;Credit Card;7.08.2023;-$2.565,58
6489;1743;Checking;28.03.2023;$11.890,99
6490;1744;Checking;4.06.2023;$5.085,55
6491;1745;Checking;1.05.2026;$8.306,43
6492;1745;Credit Card;1.05.2026;-$1.565,87
6493;1746;Savings;8.11.2024;$115.730,69
6494;1746;Credit Card;2.09.2024;-$275,23
6495;1746;Checking;2.01.2025;$472,65
6496;1747;Checking;6.06.2023;$4.559,44
6497;1747;Savings;1.05.2023;$12.862,21
6498;1747;Credit Card;19.05.2023;-$2.815,25
6499;1748;Checking;23.08.2024;$16.971,77
6500;1748;Savings;18.08.2024;$27.102,96
6501;1748;Credit Card;30.07.2024;-$19,26
6502;1749;Savings;12.12.2024;$117.088,71
6503;1749;Credit Card;2.11.2024;-$418,34
6504;1750;Checking;2.12.2023;$17.286,97
6505;1750;Savings;5.10.2023;$89.829,44
6506;1751;Savings;1.05.2026;$89.533,08
6507;1751;Checking;1.05.2026;$11.841,49
6508;1752;Checking;26.02.2024;$4.555,09
6509;1752;Savings;29.06.2024;$25.473,07
6510;1753;Checking;11.04.2024;$4.864,70
6511;1754;Savings;6.06.2025;$23.167,13
6512;1754;Checking;11.08.2025;$1.572,50
6513;1755;Savings;4.02.2025;$94.415,89
6514;1755;Credit Card;19.11.2024;-$322,68
6515;1755;Checking;6.01.2025;$1.117,98
6516;1756;Credit Card;6.11.2025;-$2.084,38
6517;1756;Savings;25.02.2026;$98.028,60
6518;1756;Checking;23.11.2025;$14.806,81
6519;1757;Savings;27.08.2023;$54.471,15
6520;1757;Checking;7.07.2023;$19.590,07
6521;1757;Credit Card;19.07.2023;-$6.219,65
6522;1758;Savings;28.01.2024;$55.651,85
6523;1758;Credit Card;21.01.2024;-$5.324,25
6524;1758;Checking;27.03.2024;$11.580,12
6525;1759;Savings;16.09.2023;$40.486,48
6526;1759;Credit Card;27.09.2023;-$2.861,93
6527;1760;Checking;17.04.2024;$6.013,99
6528;1760;Savings;10.07.2024;$74.026,47
6529;1761;Credit Card;31.03.2024;-$6.015,07
6530;1761;Checking;16.01.2024;$5.273,20
6531;1762;Credit Card;14.03.2026;-$1.592,85
6532;1762;Checking;29.10.2025;$10.409,80
6533;1762;Savings;7.02.2026;$74.578,82
6534;1763;Checking;7.08.2024;$18.794,30
6535;1763;Savings;29.08.2024;$17.557,28
6536;1763;Credit Card;22.06.2024;-$5.023,39
6537;1764;Savings;16.09.2024;$89.101,60
6538;1764;Credit Card;14.05.2024;-$2.924,93
6539;1765;Savings;12.04.2026;$101.061,43
6540;1765;Checking;1.05.2026;$12.488,33
6541;1765;Credit Card;11.04.2026;-$638,87
6542;1766;Credit Card;14.06.2023;-$4.285,32
6543;1766;Checking;14.04.2023;$14.941,37
6544;1766;Savings;14.06.2023;$13.359,92
6545;1767;Savings;23.12.2023;$110.044,47
6546;1767;Checking;28.10.2023;$1.891,00
6547;1768;Checking;1.05.2026;$7.853,23
6548;1768;Credit Card;1.05.2026;-$166,56
6549;1769;Checking;1.05.2026;$8.292,53
6550;1770;Savings;24.08.2024;$21.562,87
6551;1770;Checking;14.10.2024;$6.498,98
6552;1770;Credit Card;20.10.2024;-$193,01
6553;1771;Savings;18.11.2025;$77.492,16
6554;1772;Checking;1.05.2026;$5.544,23
6555;1773;Credit Card;25.03.2025;-$283,69
6556;1773;Savings;15.02.2025;$15.168,92
6557;1774;Credit Card;31.10.2024;-$3.989,55
6558;1775;Credit Card;16.11.2023;-$1.785,72
6559;1775;Savings;18.07.2023;$55.676,11
6560;1775;Checking;17.07.2023;$4.854,26
6561;1776;Credit Card;24.11.2024;-$2.090,06
6562;1776;Savings;30.10.2024;$40.273,43
6563;1776;Checking;17.07.2024;$2.968,15
6564;1777;Credit Card;7.06.2025;-$203,05
6565;1777;Savings;5.03.2025;$78.896,58
6566;1777;Checking;30.05.2025;$9.389,76
6567;1778;Checking;2.08.2023;$18.027,74
6568;1778;Credit Card;12.11.2023;-$6.131,53
6569;1779;Checking;7.02.2024;$3.260,29
6570;1779;Credit Card;22.02.2024;-$2.392,81
6571;1779;Savings;25.01.2024;$24.622,19
6572;1780;Savings;16.02.2025;$52.290,84
6573;1780;Checking;26.02.2025;$10.523,83
6574;1781;Savings;17.10.2023;$11.666,12
6575;1782;Credit Card;1.05.2026;-$4.376,73
6576;1783;Savings;9.03.2024;$91.736,76
6577;1783;Checking;10.03.2024;$13.324,73
6578;1784;Checking;29.04.2026;$16.318,86
6579;1784;Credit Card;1.05.2026;-$4.335,81
6580;1785;Savings;11.09.2023;$95.889,06
6581;1785;Checking;26.07.2023;$3.089,02
6582;1786;Credit Card;17.12.2024;-$1.737,15
6583;1787;Checking;27.05.2025;$5.824,61
6584;1787;Credit Card;15.06.2025;-$4.705,55
6585;1788;Checking;29.03.2023;$19.203,72
6586;1788;Savings;9.04.2023;$48.789,60
6587;1789;Checking;28.01.2025;$5.486,90
6588;1789;Savings;20.12.2024;$52.296,76
6589;1790;Checking;29.11.2024;$15.885,52
6590;1790;Credit Card;16.03.2025;-$5.721,22
6591;1790;Savings;16.12.2024;$37.993,23
6592;1791;Savings;30.12.2024;$66.485,77
6593;1791;Checking;13.01.2025;$6.450,60
6594;1792;Savings;24.01.2026;$30.791,64
6595;1792;Checking;21.12.2025;$8.604,60
6596;1792;Credit Card;21.12.2025;-$3.980,19
6597;1793;Savings;13.03.2024;$108.922,72
6598;1793;Checking;13.07.2024;$5.668,05
6599;1793;Credit Card;2.04.2024;-$1.889,85
6600;1794;Savings;21.09.2025;$102.606,01
6601;1794;Credit Card;15.08.2025;-$6.458,83
6602;1795;Savings;1.05.2026;$91.567,30
6603;1795;Credit Card;1.05.2026;-$3.685,11
6604;1795;Checking;1.05.2026;$11.156,81
6605;1796;Checking;5.06.2025;$8.907,98
6606;1796;Savings;30.08.2025;$9.285,56
6607;1796;Credit Card;1.11.2025;-$228,97
6608;1797;Savings;21.10.2025;$114.893,77
6609;1797;Credit Card;18.01.2026;-$3.669,90
6610;1798;Savings;22.02.2024;$23.149,96
6611;1798;Credit Card;12.03.2024;-$4.016,15
6612;1798;Checking;7.03.2024;$1.633,36
6613;1799;Savings;22.10.2024;$51.425,31
6614;1799;Checking;21.09.2024;$14.576,54
6615;1800;Credit Card;26.01.2025;-$4.324,55
6616;1800;Checking;29.10.2024;$7.944,11
6617;1801;Credit Card;16.03.2025;-$3.489,19
6618;1801;Checking;31.05.2025;$5.845,43
6619;1802;Credit Card;2.09.2024;-$1.927,74
6620;1802;Checking;3.08.2024;$8.655,71
6621;1803;Credit Card;11.02.2024;-$5.957,69
6622;1804;Credit Card;15.05.2025;-$2.706,69
6623;1805;Savings;1.05.2026;$32.617,67
6624;1805;Checking;1.05.2026;$5.939,72
6625;1805;Credit Card;2.04.2026;-$3.421,20
6626;1806;Credit Card;8.09.2023;-$6.514,35
6627;1807;Credit Card;1.12.2024;-$6.225,20
6628;1807;Savings;16.09.2024;$78.080,22
6629;1808;Checking;1.05.2026;$1.316,00
6630;1808;Savings;1.05.2026;$69.178,04
6631;1808;Credit Card;1.05.2026;-$5.200,65
6632;1809;Checking;12.03.2026;$4.188,38
6633;1809;Credit Card;1.05.2026;-$4.923,33
6634;1809;Savings;1.05.2026;$34.852,58
6635;1810;Savings;7.10.2025;$99.621,67
6636;1810;Checking;25.07.2025;$1.713,50
6637;1811;Savings;15.09.2024;$47.238,86
6638;1811;Checking;22.07.2024;$1.482,68
6639;1811;Credit Card;29.03.2024;-$1.660,58
6640;1812;Credit Card;5.03.2025;-$6.017,19
6641;1812;Checking;17.04.2025;$8.259,25
6642;1813;Checking;14.08.2023;$19.580,92
6643;1814;Credit Card;11.05.2024;-$245,82
6644;1815;Checking;3.07.2024;$2.042,37
6645;1815;Credit Card;28.09.2024;-$5.231,38
6646;1816;Savings;1.05.2025;$119.565,38
6647;1816;Credit Card;29.04.2025;-$2.310,36
6648;1816;Checking;21.03.2025;$6.770,11
6649;1817;Credit Card;14.11.2024;-$134,15
6650;1818;Checking;2.04.2026;$6.121,53
6651;1818;Credit Card;1.05.2026;-$1.693,13
6652;1819;Credit Card;26.12.2023;-$1.797,33
6653;1819;Checking;26.02.2024;$12.888,45
6654;1820;Savings;23.03.2026;$21.898,82
6655;1821;Credit Card;16.04.2026;-$1.173,74
6656;1822;Savings;13.10.2023;$103.410,64
6657;1822;Checking;20.09.2023;$8.698,19
6658;1822;Credit Card;1.11.2023;-$5.859,15
6659;1823;Credit Card;16.10.2023;-$1.940,92
6660;1824;Credit Card;16.08.2024;-$244,87
6661;1824;Checking;5.07.2024;$14.354,61
6662;1824;Savings;18.09.2024;$38.421,42
6663;1825;Savings;22.01.2025;$5.699,32
6664;1826;Credit Card;6.07.2024;-$4.945,91
6665;1827;Checking;1.05.2026;$14.589,95
6666;1827;Credit Card;7.02.2026;-$722,95
6667;1828;Checking;20.07.2023;$8.445,94
6668;1828;Credit Card;28.05.2023;-$2.637,66
6669;1828;Savings;7.05.2023;$75.440,86
6670;1829;Savings;3.05.2023;$17.222,23
6671;1829;Checking;11.06.2023;$14.538,48
6672;1830;Credit Card;19.07.2023;-$6.618,06
6673;1830;Savings;25.09.2023;$84.025,77
6674;1831;Credit Card;1.05.2026;-$6.954,03
6675;1831;Checking;3.03.2026;$634,47
6676;1831;Savings;5.04.2026;$27.013,95
6677;1832;Savings;12.02.2026;$81.575,46
6678;1832;Checking;17.01.2026;$17.690,56
6679;1833;Credit Card;1.11.2024;-$4.226,89
6680;1833;Checking;4.12.2024;$12.123,72
6681;1834;Savings;9.12.2025;$104.726,93
6682;1835;Savings;1.05.2026;$41.577,10
6683;1836;Credit Card;21.04.2026;-$1.725,12
6684;1836;Checking;1.05.2026;$6.166,07
6685;1837;Savings;15.08.2024;$23.012,07
6686;1837;Credit Card;7.10.2024;-$3.924,37
6687;1838;Credit Card;16.06.2023;-$3.984,36
6688;1839;Credit Card;14.11.2023;-$3.538,12
6689;1840;Checking;26.07.2024;$18.025,03
6690;1840;Savings;17.05.2024;$118.292,75
6691;1840;Credit Card;9.06.2024;-$2.309,31
6692;1841;Credit Card;9.05.2025;-$4.887,30
6693;1841;Savings;22.01.2025;$19.537,37
6694;1841;Checking;12.01.2025;$501,21
6695;1842;Checking;22.01.2026;$3.018,16
6696;1842;Credit Card;30.10.2025;-$3.352,48
6697;1842;Savings;20.10.2025;$79.814,58
6698;1843;Credit Card;25.09.2024;-$3.511,99
6699;1843;Savings;5.09.2024;$89.842,12
6700;1844;Checking;9.03.2026;$19.569,97
6701;1844;Credit Card;1.10.2025;-$2.468,72
6702;1844;Savings;26.12.2025;$50.739,81
6703;1845;Savings;27.04.2025;$91.729,87
6704;1845;Credit Card;26.01.2025;-$1.638,34
6705;1846;Checking;29.08.2024;$1.124,36
6706;1846;Savings;10.09.2024;$8.164,56
6707;1847;Savings;21.05.2025;$41.736,28
6708;1848;Credit Card;20.08.2025;-$2.169,36
6709;1848;Savings;10.08.2025;$70.578,94
6710;1848;Checking;16.07.2025;$17.831,70
6711;1849;Credit Card;10.08.2025;-$4.593,49
6712;1849;Savings;13.11.2025;$106.580,13
6713;1850;Checking;26.08.2023;$1.419,12
6714;1850;Credit Card;13.11.2023;-$6.951,50
6715;1851;Checking;28.03.2024;$15.337,49
6716;1851;Savings;4.02.2024;$86.545,67
6717;1851;Credit Card;2.03.2024;-$5.421,37
6718;1852;Checking;20.08.2025;$4.551,84
6719;1852;Savings;10.11.2025;$17.943,36
6720;1852;Credit Card;6.09.2025;-$3.139,07
6721;1853;Checking;16.02.2025;$19.407,97
6722;1854;Credit Card;23.07.2024;-$4.590,08
6723;1855;Credit Card;2.01.2025;-$4.954,70
6724;1856;Savings;21.03.2023;$98.641,15
6725;1857;Savings;23.12.2025;$108.979,38
6726;1857;Credit Card;26.10.2025;-$6.835,42
6727;1858;Credit Card;21.05.2025;-$242,97
6728;1859;Credit Card;11.07.2024;-$5.181,86
6729;1860;Checking;9.03.2026;$1.341,44
6730;1860;Credit Card;1.05.2026;-$582,42
6731;1861;Credit Card;15.06.2025;-$891,31
6732;1861;Checking;4.06.2025;$14.756,05
6733;1861;Savings;10.01.2025;$63.272,20
6734;1862;Checking;3.04.2024;$13.963,22
6735;1862;Savings;8.04.2024;$13.554,35
6736;1863;Credit Card;26.10.2025;-$3.288,32
6737;1863;Checking;18.01.2026;$8.812,97
6738;1863;Savings;18.12.2025;$71.111,12
6739;1864;Checking;1.06.2025;$5.736,95
6740;1864;Savings;6.06.2025;$70.306,56
6741;1864;Credit Card;2.06.2025;-$988,92
6742;1865;Checking;3.07.2025;$14.080,02
6743;1866;Savings;30.12.2025;$91.956,88
6744;1866;Credit Card;24.01.2026;-$6.891,36
6745;1866;Checking;17.12.2025;$7.583,21
6746;1867;Checking;16.04.2025;$19.254,64
6747;1867;Savings;18.01.2025;$28.639,60
6748;1867;Credit Card;1.01.2025;-$6.372,90
6749;1868;Credit Card;13.11.2023;-$6.136,06
6750;1868;Savings;22.02.2024;$7.892,15
6751;1869;Credit Card;10.02.2025;-$6.742,73
6752;1870;Savings;3.02.2026;$26.073,49
6753;1870;Credit Card;26.01.2026;-$5.091,13
6754;1870;Checking;19.02.2026;$18.576,69
6755;1871;Checking;15.01.2026;$12.157,41
6756;1871;Savings;30.10.2025;$24.286,38
6757;1872;Checking;8.09.2025;$9.483,32
6758;1872;Credit Card;10.09.2025;-$6.319,68
6759;1873;Checking;22.11.2025;$12.182,68
6760;1874;Credit Card;17.03.2024;-$3.579,46
6761;1874;Savings;21.03.2024;$18.193,65
6762;1875;Checking;31.07.2024;$17.340,73
6763;1875;Savings;26.05.2024;$5.192,01
6764;1876;Credit Card;17.01.2025;-$1.728,14
6765;1876;Savings;10.02.2025;$101.706,20
6766;1877;Credit Card;7.10.2023;-$4.930,35
6767;1877;Savings;18.09.2023;$115.853,03
6768;1877;Checking;27.10.2023;$9.516,03
6769;1878;Credit Card;23.09.2025;-$4.668,06
6770;1878;Checking;30.11.2025;$4.317,05
6771;1878;Savings;29.10.2025;$56.887,85
6772;1879;Credit Card;2.02.2024;-$4.131,71
6773;1880;Savings;4.08.2024;$105.312,27
6774;1880;Checking;27.12.2024;$5.495,85
6775;1880;Credit Card;26.10.2024;-$272,59
6776;1881;Checking;3.01.2024;$17.188,52
6777;1882;Credit Card;19.12.2023;-$6.473,84
6778;1882;Checking;26.12.2023;$4.302,73
6779;1882;Savings;1.10.2023;$102.063,70
6780;1883;Checking;19.03.2024;$12.895,15
6781;1883;Savings;16.12.2023;$31.694,82
6782;1883;Credit Card;29.12.2023;-$4.440,17
6783;1884;Checking;9.01.2024;$8.451,37
6784;1884;Savings;3.12.2023;$99.243,69
6785;1885;Credit Card;16.07.2024;-$3.752,75
6786;1885;Savings;30.03.2024;$81.739,71
6787;1885;Checking;20.04.2024;$15.954,05
6788;1886;Checking;26.02.2024;$540,87
6789;1886;Savings;21.02.2024;$115.520,62
6790;1887;Checking;2.05.2024;$17.540,21
6791;1887;Savings;7.06.2024;$20.422,41
6792;1887;Credit Card;17.07.2024;-$2.489,62
6793;1888;Savings;8.12.2023;$101.477,36
6794;1888;Credit Card;21.12.2023;-$2.746,74
6795;1889;Savings;26.02.2024;$83.159,95
6796;1889;Checking;10.08.2024;$6.903,93
6797;1890;Savings;2.06.2024;$58.808,15
6798;1890;Checking;2.06.2024;$19.440,82
6799;1890;Credit Card;2.09.2024;-$5.622,09
6800;1891;Savings;21.08.2023;$11.805,76
6801;1891;Credit Card;15.05.2023;-$4.112,13
6802;1892;Credit Card;20.11.2023;-$3.799,86
6803;1893;Savings;26.12.2024;$94.995,74
6804;1893;Checking;28.10.2024;$10.559,94
6805;1893;Credit Card;16.08.2024;-$6.099,29
6806;1894;Checking;5.07.2025;$18.952,04
6807;1894;Credit Card;26.06.2025;-$1.874,99
6808;1894;Savings;24.05.2025;$112.283,52
6809;1895;Credit Card;6.01.2025;-$4.793,94
6810;1896;Checking;10.11.2024;$8.807,56
6811;1896;Credit Card;21.08.2024;-$1.014,58
6812;1897;Savings;18.07.2024;$11.467,86
6813;1897;Credit Card;11.03.2024;-$5.209,69
6814;1897;Checking;23.05.2024;$9.153,71
6815;1898;Checking;14.07.2023;$653,49
6816;1898;Credit Card;17.09.2023;-$1.325,58
6817;1898;Savings;11.08.2023;$45.560,13
6818;1899;Savings;20.12.2024;$101.672,44
6819;1899;Checking;31.12.2024;$14.606,98
6820;1900;Checking;7.03.2026;$11.054,52
6821;1901;Checking;10.11.2025;$3.088,92
6822;1902;Checking;23.04.2026;$5.540,16
6823;1902;Credit Card;12.04.2026;-$4.639,93
6824;1903;Checking;6.07.2023;$16.732,71
6825;1903;Credit Card;21.05.2023;-$1.781,89
6826;1904;Savings;1.05.2026;$81.696,26
6827;1904;Checking;1.05.2026;$10.317,47
6828;1904;Credit Card;1.05.2026;-$2.324,63
6829;1905;Savings;30.07.2025;$11.684,24
6830;1905;Credit Card;3.10.2025;-$2.669,93
6831;1905;Checking;3.07.2025;$727,16
6832;1906;Credit Card;1.05.2026;-$4.929,25
6833;1906;Savings;1.05.2026;$46.070,30
6834;1906;Checking;1.05.2026;$15.884,66
6835;1907;Credit Card;21.06.2023;-$2.709,01
6836;1907;Savings;19.11.2023;$55.581,94
6837;1907;Checking;21.10.2023;$17.990,26
6838;1908;Credit Card;21.01.2025;-$6.094,62
6839;1909;Savings;22.07.2025;$17.103,52
6840;1909;Checking;8.12.2025;$16.641,62
6841;1909;Credit Card;27.07.2025;-$3.601,32
6842;1910;Credit Card;29.05.2024;-$1.947,46
6843;1910;Checking;11.05.2024;$16.824,03
6844;1911;Savings;10.07.2023;$82.316,41
6845;1911;Credit Card;4.09.2023;-$1.918,42
6846;1911;Checking;10.09.2023;$5.800,59
6847;1912;Checking;7.09.2023;$19.548,23
6848;1912;Credit Card;24.11.2023;-$2.816,97
6849;1913;Credit Card;1.01.2025;-$5.745,16
6850;1914;Savings;17.05.2024;$84.966,78
6851;1915;Checking;16.02.2025;$14.965,90
6852;1915;Credit Card;30.05.2025;-$2.175,57
6853;1916;Savings;1.05.2026;$57.590,77
6854;1916;Credit Card;15.04.2026;-$1.258,06
6855;1917;Checking;1.08.2025;$19.605,06
6856;1917;Savings;8.11.2025;$56.774,92
6857;1917;Credit Card;15.08.2025;-$3.004,91
6858;1918;Credit Card;27.07.2025;-$1.677,70
6859;1918;Checking;28.09.2025;$5.210,04
6860;1919;Checking;20.08.2024;$9.676,76
6861;1919;Credit Card;22.05.2024;-$1.732,01
6862;1919;Savings;12.08.2024;$67.675,22
6863;1920;Credit Card;14.04.2026;-$3.909,25
6864;1920;Checking;1.03.2026;$15.766,56
6865;1921;Checking;7.05.2024;$1.272,41
6866;1922;Credit Card;13.10.2024;-$4.027,83
6867;1923;Checking;24.05.2023;$368,21
6868;1924;Checking;18.07.2023;$8.179,16
6869;1924;Credit Card;13.08.2023;-$3.049,40
6870;1925;Checking;10.12.2025;$5.568,36
6871;1926;Savings;21.12.2023;$73.651,04
6872;1926;Credit Card;3.02.2024;-$2.255,34
6873;1927;Savings;9.12.2023;$22.215,67
6874;1927;Credit Card;13.01.2024;-$6.752,42
6875;1927;Checking;30.01.2024;$19.451,51
6876;1928;Savings;25.09.2025;$92.158,82
6877;1928;Checking;2.11.2025;$4.278,21
6878;1928;Credit Card;9.10.2025;-$4.384,15
6879;1929;Credit Card;24.01.2024;-$4.854,45
6880;1929;Savings;27.02.2024;$29.506,45
6881;1930;Savings;22.04.2024;$66.528,86
6882;1930;Checking;2.10.2024;$18.497,74
6883;1931;Credit Card;24.01.2025;-$2.655,36
6884;1931;Checking;16.11.2024;$130,25
6885;1932;Checking;24.04.2023;$8.088,66
6886;1933;Checking;2.09.2025;$10.603,31
6887;1933;Credit Card;20.09.2025;-$1.561,03
6888;1933;Savings;30.06.2025;$39.247,57
6889;1934;Credit Card;3.07.2024;-$1.361,31
6890;1935;Checking;7.11.2023;$12.741,84
6891;1936;Savings;6.02.2026;$21.156,71
6892;1936;Checking;8.02.2026;$8.463,85
6893;1937;Credit Card;27.11.2024;-$5.935,77
6894;1938;Savings;12.10.2024;$28.942,61
6895;1938;Checking;1.06.2024;$16.162,67
6896;1939;Credit Card;5.10.2024;-$5.119,13
6897;1939;Savings;23.07.2024;$38.795,11
6898;1940;Checking;17.11.2023;$7.954,56
6899;1940;Credit Card;23.10.2023;-$3.688,81
6900;1940;Savings;15.11.2023;$94.105,54
6901;1941;Savings;2.12.2023;$26.490,52
6902;1941;Checking;9.07.2023;$19.253,74
6903;1942;Checking;9.06.2024;$9.242,79
6904;1942;Savings;20.04.2024;$12.360,15
6905;1943;Credit Card;20.10.2025;-$5.832,28
6906;1943;Checking;24.07.2025;$6.442,74
6907;1943;Savings;15.10.2025;$79.395,10
6908;1944;Checking;13.09.2024;$8.967,70
6909;1944;Savings;28.11.2024;$118.224,20
6910;1945;Checking;1.05.2026;$4.127,20
6911;1945;Credit Card;1.05.2026;-$4.884,24
6912;1945;Savings;1.05.2026;$114.361,52
6913;1946;Checking;4.05.2025;$9.640,93
6914;1947;Savings;4.08.2023;$68.114,90
6915;1947;Credit Card;3.08.2023;-$829,99
6916;1947;Checking;15.09.2023;$9.921,62
6917;1948;Credit Card;3.09.2024;-$1.316,78
6918;1948;Checking;28.08.2024;$12.700,09
6919;1948;Savings;8.11.2024;$116.004,00
6920;1949;Checking;25.12.2023;$10.938,73
6921;1949;Savings;2.12.2023;$47.939,39
6922;1949;Credit Card;2.05.2024;-$311,61
6923;1950;Savings;25.02.2024;$28.574,97
6924;1950;Credit Card;10.11.2023;-$2.481,98
6925;1951;Credit Card;10.03.2024;-$4.636,39
6926;1951;Savings;11.03.2024;$44.144,81
6927;1951;Checking;2.01.2024;$19.663,17
6928;1952;Credit Card;15.09.2025;-$5.764,95
6929;1952;Savings;17.01.2026;$97.450,59
6930;1952;Checking;28.12.2025;$15.714,04
6931;1953;Savings;17.12.2025;$81.859,51
6932;1954;Credit Card;2.04.2024;-$3.537,45
6933;1955;Credit Card;17.05.2024;-$5.572,96
6934;1956;Checking;14.06.2023;$1.937,22
6935;1956;Savings;21.05.2023;$24.713,40
6936;1957;Checking;16.05.2025;$4.114,03
6937;1957;Savings;12.07.2025;$83.059,12
6938;1957;Credit Card;4.06.2025;-$5.004,55
6939;1958;Checking;13.10.2025;$9.715,94
6940;1958;Credit Card;7.08.2025;-$893,03
6941;1958;Savings;7.06.2025;$10.233,78
6942;1959;Checking;2.02.2024;$19.300,42
6943;1959;Credit Card;24.12.2023;-$5.074,51
6944;1960;Savings;25.05.2025;$81.639,27
6945;1960;Credit Card;13.09.2025;-$151,72
6946;1960;Checking;18.11.2025;$4.842,78
6947;1961;Credit Card;16.05.2024;-$1.676,27
6948;1961;Savings;4.05.2024;$74.305,88
6949;1962;Savings;9.01.2025;$84.869,92
6950;1963;Savings;30.12.2024;$47.535,22
6951;1964;Checking;9.12.2024;$19.000,59
6952;1964;Savings;6.03.2025;$86.078,19
6953;1964;Credit Card;17.02.2025;-$4.279,69
6954;1965;Savings;17.04.2025;$62.646,05
6955;1965;Credit Card;27.05.2025;-$5.448,24
6956;1966;Checking;1.05.2026;$11.964,77
6957;1966;Credit Card;1.05.2026;-$4.327,17
6958;1967;Savings;1.07.2025;$97.205,37
6959;1968;Checking;24.06.2024;$10.560,59
6960;1968;Savings;8.07.2024;$93.999,03
6961;1969;Checking;27.05.2024;$11.159,54
6962;1969;Savings;7.07.2024;$28.673,50
6963;1970;Checking;15.08.2023;$458,00
6964;1970;Credit Card;29.03.2023;-$4.992,52
6965;1971;Checking;20.04.2024;$15.081,68
6966;1972;Checking;14.03.2025;$18.074,76
6967;1972;Credit Card;8.05.2025;-$5.922,00
6968;1973;Credit Card;10.03.2024;-$3.066,63
6969;1974;Savings;28.07.2024;$14.290,15
6970;1974;Credit Card;24.11.2024;-$6.668,03
6971;1975;Savings;1.05.2026;$75.783,02
6972;1975;Credit Card;1.05.2026;-$5.323,54
6973;1975;Checking;1.05.2026;$16.290,59
6974;1976;Checking;23.10.2023;$19.855,70
6975;1976;Savings;15.07.2023;$117.898,98
6976;1976;Credit Card;1.11.2023;-$3.106,86
6977;1977;Savings;6.11.2024;$103.406,16
6978;1978;Checking;30.08.2024;$18.568,08
6979;1978;Savings;14.09.2024;$67.558,73
6980;1979;Credit Card;31.10.2023;-$2.295,23
6981;1980;Checking;31.03.2023;$9.746,82
6982;1980;Savings;4.04.2023;$102.293,66
6983;1981;Credit Card;14.08.2024;-$947,42
6984;1981;Savings;4.08.2024;$53.663,03
6985;1981;Checking;5.11.2024;$14.935,51
6986;1982;Checking;23.01.2026;$14.559,01
6987;1983;Savings;31.08.2023;$105.259,62
6988;1984;Checking;16.03.2025;$11.192,37
6989;1984;Credit Card;29.01.2025;-$4.761,82
6990;1985;Credit Card;19.03.2023;-$2.159,40
6991;1985;Checking;6.09.2023;$18.800,03
6992;1985;Savings;3.04.2023;$95.394,73
6993;1986;Savings;1.05.2026;$72.995,30
6994;1986;Credit Card;27.03.2026;-$3.159,99
6995;1986;Checking;1.05.2026;$12.679,25
6996;1987;Checking;28.12.2023;$10.372,70
6997;1987;Savings;20.08.2023;$34.091,00
6998;1987;Credit Card;4.01.2024;-$359,07
6999;1988;Savings;1.05.2026;$35.299,09
7000;1988;Checking;1.05.2026;$7.710,11
7001;1989;Credit Card;2.05.2023;-$4.003,19
7002;1989;Checking;6.09.2023;$17.329,57
7003;1990;Checking;10.04.2026;$10.908,61
7004;1990;Savings;19.03.2026;$28.488,45
7005;1991;Credit Card;26.05.2023;-$2.914,47
7006;1991;Savings;24.07.2023;$113.494,76
7007;1992;Savings;26.11.2025;$44.424,85
7008;1992;Credit Card;21.09.2025;-$5.478,65
7009;1992;Checking;1.11.2025;$1.236,27
7010;1993;Credit Card;10.01.2025;-$1.364,22
7011;1994;Savings;19.07.2023;$28.810,11
7012;1994;Checking;25.08.2023;$2.805,68
7013;1994;Credit Card;15.08.2023;-$4.022,42
7014;1995;Checking;8.03.2025;$3.965,85
7015;1995;Savings;4.05.2025;$5.714,86
7016;1995;Credit Card;31.01.2025;-$3.260,20
7017;1996;Savings;17.01.2024;$36.636,56
7018;1996;Credit Card;23.02.2024;-$4.492,78
7019;1996;Checking;3.11.2023;$13.035,71
7020;1997;Checking;28.06.2025;$4.649,68
7021;1997;Credit Card;6.04.2025;-$4.637,73
7022;1997;Savings;5.04.2025;$71.564,33
7023;1998;Checking;23.04.2025;$9.075,66
7024;1998;Savings;4.07.2025;$80.377,91
7025;1999;Checking;21.04.2024;$11.504,09
7026;1999;Credit Card;5.07.2024;-$6.720,25
7027;2000;Savings;31.05.2023;$85.311,35
7028;2000;Credit Card;13.04.2023;-$4.514,85
7029;2001;Checking;24.09.2025;$18.658,47
7030;2001;Savings;30.08.2025;$12.753,03
7031;2001;Credit Card;1.09.2025;-$5.756,34
7032;2002;Credit Card;15.03.2024;-$105,16
7033;2002;Checking;18.01.2024;$14.874,36
7034;2002;Savings;7.12.2023;$6.474,17
7035;2003;Credit Card;1.05.2026;-$6.380,29
7036;2004;Savings;25.10.2025;$60.316,85
7037;2004;Checking;4.12.2025;$6.748,78
7038;2005;Checking;15.02.2026;$17.581,22
7039;2006;Savings;4.05.2024;$42.897,08
7040;2006;Credit Card;25.06.2024;-$849,31
7041;2006;Checking;4.07.2024;$9.656,02
7042;2007;Credit Card;5.10.2023;-$4.353,99
7043;2007;Savings;7.09.2023;$33.502,98
7044;2007;Checking;24.12.2023;$3.620,99
7045;2008;Savings;1.02.2025;$98.466,82
7046;2008;Checking;29.11.2024;$11.520,00
7047;2009;Checking;4.09.2023;$6.114,95
7048;2009;Credit Card;30.08.2023;-$5.742,11
7049;2010;Checking;3.10.2024;$9.130,92
7050;2010;Credit Card;8.10.2024;-$5.372,84
7051;2011;Checking;28.07.2024;$16.691,37
7052;2012;Credit Card;6.12.2023;-$3.456,72
7053;2012;Savings;28.12.2023;$16.765,74
7054;2013;Credit Card;20.02.2026;-$3.187,03
7055;2014;Checking;6.07.2025;$12.637,64
7056;2014;Credit Card;28.11.2025;-$3.337,33
7057;2014;Savings;13.11.2025;$112.770,26
7058;2015;Credit Card;23.01.2026;-$3.347,26
7059;2015;Savings;23.02.2026;$118.377,27
7060;2016;Credit Card;1.05.2026;-$5.858,61
7061;2016;Savings;9.04.2026;$84.905,57
7062;2016;Checking;1.05.2026;$2.025,02
7063;2017;Credit Card;18.06.2025;-$6.065,37
7064;2018;Credit Card;31.08.2024;-$6.792,58
7065;2018;Savings;25.07.2024;$91.856,51
7066;2018;Checking;28.11.2024;$11.341,90
7067;2019;Savings;26.03.2024;$13.963,42
7068;2019;Credit Card;7.05.2024;-$3.278,66
7069;2019;Checking;4.03.2024;$15.608,48
7070;2020;Savings;3.01.2023;$42.347,59
7071;2021;Checking;24.03.2025;$16.762,75
7072;2021;Savings;23.01.2025;$41.303,21
7073;2022;Checking;1.10.2023;$8.020,73
7074;2023;Savings;13.06.2024;$54.950,39
7075;2024;Savings;26.04.2026;$15.508,35
7076;2025;Checking;14.04.2025;$10.103,32
7077;2025;Credit Card;16.03.2025;-$4.315,41
7078;2025;Savings;22.05.2025;$101.161,41
7079;2026;Savings;31.10.2024;$62.643,90
7080;2026;Checking;16.09.2024;$15.983,64
7081;2026;Credit Card;12.08.2024;-$2.621,09
7082;2027;Credit Card;4.02.2024;-$2.174,24
7083;2027;Checking;26.02.2024;$3.199,69
7084;2028;Savings;7.05.2025;$58.133,78
7085;2029;Checking;24.01.2024;$6.009,38
7086;2030;Checking;17.12.2023;$7.197,92
7087;2030;Savings;3.12.2023;$98.007,88
7088;2030;Credit Card;19.01.2024;-$5.068,32
7089;2031;Checking;2.02.2024;$6.038,37
7090;2032;Credit Card;26.02.2023;-$2.340,05
7091;2032;Checking;17.05.2023;$4.621,35
7092;2032;Savings;23.05.2023;$112.201,72
7093;2033;Savings;20.05.2023;$79.633,75
7094;2033;Credit Card;26.08.2023;-$4.923,81
7095;2033;Checking;12.06.2023;$1.223,57
7096;2034;Savings;3.08.2024;$82.413,05
7097;2035;Checking;1.05.2026;$17.257,08
7098;2036;Credit Card;3.11.2023;-$4.790,41
7099;2036;Checking;6.06.2023;$18.284,57
7100;2036;Savings;24.08.2023;$73.171,46
7101;2037;Checking;18.09.2023;$7.940,69
7102;2038;Savings;5.01.2024;$32.379,96
7103;2038;Checking;10.04.2024;$12.085,32
7104;2039;Savings;22.12.2024;$11.480,71
7105;2039;Credit Card;7.03.2025;-$4.002,86
7106;2040;Checking;26.03.2024;$4.865,04
7107;2040;Savings;27.03.2024;$112.259,33
7108;2041;Checking;13.07.2023;$1.874,11
7109;2042;Credit Card;24.11.2025;-$3.391,21
7110;2043;Checking;10.09.2023;$11.993,31
7111;2044;Credit Card;3.03.2026;-$2.205,05
7112;2044;Checking;12.02.2026;$13.957,89
7113;2044;Savings;23.04.2026;$24.561,01
7114;2045;Credit Card;5.04.2026;-$5.682,88
7115;2045;Savings;19.03.2026;$117.942,05
7116;2046;Credit Card;6.07.2025;-$6.975,65
7117;2046;Savings;19.08.2025;$97.172,17
7118;2046;Checking;22.06.2025;$2.958,96
7119;2047;Checking;20.01.2024;$11.399,05
7120;2047;Savings;29.12.2023;$89.668,14
7121;2047;Credit Card;28.10.2023;-$5.279,16
7122;2048;Credit Card;29.02.2024;-$3.650,38
7123;2048;Checking;4.02.2024;$15.392,07
7124;2049;Credit Card;25.05.2024;-$4.742,84
7125;2049;Savings;15.01.2024;$9.920,28
7126;2050;Checking;19.08.2023;$18.981,27
7127;2050;Savings;6.04.2023;$52.284,92
7128;2050;Credit Card;30.07.2023;-$4.183,50
7129;2051;Savings;15.10.2023;$27.543,19
7130;2052;Checking;22.06.2023;$11.541,11
7131;2053;Credit Card;1.05.2026;-$2.769,51
7132;2054;Credit Card;29.04.2023;-$2.475,76
7133;2054;Checking;20.05.2023;$15.502,92
7134;2055;Credit Card;24.02.2023;-$3.314,73
7135;2055;Checking;16.05.2023;$5.975,85
7136;2056;Credit Card;22.07.2025;-$1.469,86
7137;2056;Checking;16.06.2025;$13.224,99
7138;2057;Credit Card;13.07.2023;-$5.221,17
7139;2057;Checking;18.08.2023;$16.909,20
7140;2058;Savings;23.09.2023;$95.619,96
7141;2058;Checking;3.11.2023;$11.693,75
7142;2058;Credit Card;29.06.2023;-$832,69
7143;2059;Credit Card;17.02.2025;-$5.110,37
7144;2060;Checking;25.03.2025;$8.736,51
7145;2060;Savings;24.05.2025;$58.773,56
7146;2060;Credit Card;15.03.2025;-$5.112,38
7147;2061;Credit Card;22.11.2023;-$6.709,30
7148;2061;Checking;22.02.2024;$2.938,63
7149;2061;Savings;13.12.2023;$34.175,00
7150;2062;Credit Card;8.07.2025;-$2.252,40
7151;2062;Savings;18.06.2025;$111.963,89
7152;2062;Checking;14.06.2025;$4.870,31
7153;2063;Checking;15.09.2025;$8.269,53
7154;2063;Savings;26.10.2025;$30.955,16
7155;2063;Credit Card;16.08.2025;-$3.960,21
7156;2064;Credit Card;20.02.2026;-$3.631,25
7157;2064;Savings;1.12.2025;$77.278,68
7158;2064;Checking;10.11.2025;$6.486,19
7159;2065;Checking;21.09.2024;$18.192,40
7160;2065;Savings;22.01.2025;$23.620,73
7161;2065;Credit Card;6.12.2024;-$4.206,51
7162;2066;Savings;4.03.2025;$88.815,78
7163;2066;Checking;4.01.2025;$12.703,46
7164;2067;Credit Card;22.07.2024;-$229,30
7165;2067;Checking;8.12.2024;$5.102,63
7166;2068;Checking;17.10.2023;$10.386,96
7167;2068;Savings;10.11.2023;$47.585,11
7168;2069;Checking;26.03.2023;$18.482,54
7169;2069;Savings;14.08.2023;$79.038,06
7170;2069;Credit Card;6.04.2023;-$1.091,76
7171;2070;Checking;1.05.2026;$18.527,24
7172;2071;Checking;6.01.2024;$11.985,48
7173;2072;Savings;18.04.2025;$74.046,45
7174;2073;Credit Card;20.05.2024;-$1.579,72
7175;2073;Savings;22.06.2024;$14.111,48
7176;2074;Savings;5.02.2025;$107.813,79
7177;2074;Credit Card;6.12.2024;-$4.035,77
7178;2074;Checking;26.04.2025;$11.374,34
7179;2075;Checking;28.08.2025;$8.770,52
7180;2075;Credit Card;8.07.2025;-$6.139,99
7181;2075;Savings;4.10.2025;$105.714,09
7182;2076;Savings;31.10.2024;$60.122,94
7183;2077;Credit Card;6.07.2025;-$5.119,51
7184;2077;Savings;6.04.2025;$5.600,99
7185;2078;Checking;20.02.2024;$3.664,51
7186;2078;Savings;15.10.2023;$33.896,42
7187;2078;Credit Card;15.10.2023;-$5.207,16
7188;2079;Credit Card;16.02.2024;-$5.899,17
7189;2080;Credit Card;31.08.2024;-$1.438,93
7190;2080;Checking;27.08.2024;$17.591,51
7191;2081;Savings;22.03.2026;$71.745,67
7192;2082;Savings;31.08.2023;$119.798,09
7193;2082;Credit Card;3.05.2023;-$2.026,98
7194;2083;Credit Card;10.05.2023;-$123,75
7195;2083;Checking;20.05.2023;$11.909,03
7196;2084;Savings;12.02.2024;$17.324,88
7197;2085;Credit Card;12.03.2026;-$778,12
7198;2085;Savings;1.05.2026;$64.273,44
7199;2085;Checking;1.05.2026;$15.270,23
7200;2086;Savings;14.06.2024;$112.983,00
7201;2086;Credit Card;19.02.2024;-$5.889,44
7202;2086;Checking;2.03.2024;$2.507,31
7203;2087;Savings;12.01.2026;$87.951,29
7204;2087;Credit Card;27.11.2025;-$6.955,11
7205;2088;Credit Card;27.10.2025;-$6.686,91
7206;2088;Savings;23.03.2026;$64.309,03
7207;2089;Credit Card;19.08.2023;-$653,29
7208;2090;Savings;20.03.2023;$115.854,18
7209;2090;Credit Card;31.05.2023;-$3.357,62
7210;2090;Checking;10.04.2023;$5.111,37
7211;2091;Savings;2.12.2025;$87.172,35
7212;2091;Checking;14.12.2025;$16.222,53
7213;2091;Credit Card;20.01.2026;-$6.411,49
7214;2092;Checking;14.12.2024;$513,68
7215;2092;Savings;8.12.2024;$24.663,65
7216;2093;Savings;18.07.2024;$102.935,87
7217;2093;Credit Card;9.05.2024;-$4.286,63
7218;2093;Checking;15.04.2024;$7.355,99
7219;2094;Credit Card;9.07.2024;-$4.172,04
7220;2094;Checking;28.04.2024;$989,89
7221;2094;Savings;29.06.2024;$114.552,53
7222;2095;Savings;28.06.2024;$78.660,16
7223;2095;Checking;25.07.2024;$13.231,35
7224;2095;Credit Card;24.06.2024;-$3.771,57
7225;2096;Credit Card;4.07.2025;-$4.633,79
7226;2097;Checking;12.08.2023;$19.346,79
7227;2097;Savings;29.12.2023;$90.708,17
7228;2097;Credit Card;2.08.2023;-$4.960,72
7229;2098;Checking;28.11.2024;$13.993,67
7230;2098;Credit Card;17.10.2024;-$5.942,12
7231;2099;Checking;26.10.2023;$18.238,29
7232;2100;Savings;19.08.2024;$84.774,29
7233;2100;Credit Card;18.05.2024;-$1.766,92
7234;2101;Checking;10.01.2025;$18.406,46
7235;2102;Credit Card;19.07.2025;-$862,49
7236;2102;Checking;5.07.2025;$5.256,87
7237;2102;Savings;24.10.2025;$101.805,73
7238;2103;Credit Card;14.04.2024;-$2.445,08
7239;2103;Checking;15.02.2024;$8.983,69
7240;2104;Savings;13.05.2025;$87.295,55
7241;2105;Credit Card;6.08.2024;-$3.525,70
7242;2105;Checking;21.04.2024;$8.969,34
7243;2105;Savings;5.07.2024;$75.950,37
7244;2106;Credit Card;5.11.2025;-$2.895,57
7245;2106;Checking;30.12.2025;$1.269,91
7246;2107;Savings;15.05.2023;$37.675,33
7247;2107;Credit Card;16.03.2023;-$2.100,26
7248;2107;Checking;25.03.2023;$136,81
7249;2108;Credit Card;25.11.2024;-$1.791,74
7250;2108;Checking;15.10.2024;$11.220,16
7251;2109;Credit Card;12.03.2024;-$1.204,92
7252;2109;Savings;15.06.2024;$10.507,92
7253;2109;Checking;20.04.2024;$17.291,13
7254;2110;Savings;12.03.2024;$33.686,89
7255;2111;Savings;15.12.2023;$16.682,70
7256;2112;Credit Card;2.03.2026;-$5.073,85
7257;2112;Checking;1.05.2026;$3.213,39
7258;2113;Savings;13.07.2024;$61.887,23
7259;2113;Checking;28.09.2024;$2.342,51
7260;2114;Checking;22.11.2024;$2.973,41
7261;2115;Savings;8.11.2024;$108.883,88
7262;2115;Checking;19.10.2024;$860,75
7263;2116;Checking;14.08.2025;$9.633,93
7264;2116;Savings;20.06.2025;$114.877,05
7265;2116;Credit Card;22.10.2025;-$2.364,27
7266;2117;Credit Card;4.02.2025;-$241,58
7267;2117;Savings;6.02.2025;$18.252,58
7268;2117;Checking;13.04.2025;$4.363,61
7269;2118;Credit Card;23.08.2024;-$6.972,21
7270;2118;Checking;4.07.2024;$4.265,28
7271;2118;Savings;28.05.2024;$41.499,05
7272;2119;Credit Card;17.11.2025;-$3.610,73
7273;2120;Checking;20.04.2025;$14.911,42
7274;2120;Savings;3.01.2025;$108.633,79
7275;2120;Credit Card;16.12.2024;-$3.098,56
7276;2121;Checking;22.06.2025;$16.798,07
7277;2122;Checking;24.07.2025;$8.784,61
7278;2122;Credit Card;22.06.2025;-$3.785,55
7279;2122;Savings;30.06.2025;$8.303,70
7280;2123;Savings;9.02.2026;$62.782,85
7281;2124;Credit Card;2.09.2025;-$5.068,13
7282;2124;Checking;17.11.2025;$10.853,92
7283;2125;Savings;7.06.2025;$58.361,34
7284;2125;Credit Card;10.08.2025;-$2.724,64
7285;2125;Checking;5.07.2025;$18.639,70
7286;2126;Savings;23.01.2026;$119.999,79
7287;2126;Credit Card;26.01.2026;-$6.672,95
7288;2126;Checking;19.02.2026;$14.978,80
7289;2127;Credit Card;1.09.2024;-$6.846,32
7290;2128;Savings;6.03.2025;$80.936,65
7291;2128;Checking;28.11.2024;$12.610,74
7292;2129;Checking;17.10.2023;$7.436,54
7293;2130;Credit Card;7.04.2026;-$2.238,90
7294;2131;Checking;22.08.2023;$1.600,64
7295;2131;Savings;14.08.2023;$60.050,02
7296;2131;Credit Card;22.06.2023;-$5.269,88
7297;2132;Checking;24.03.2025;$4.887,09
7298;2132;Savings;13.03.2025;$103.576,45
7299;2133;Savings;13.07.2023;$113.880,96
7300;2134;Credit Card;26.03.2023;-$6.631,93
7301;2134;Savings;31.03.2023;$119.423,39
7302;2134;Checking;13.06.2023;$17.920,46
7303;2135;Savings;13.08.2024;$104.902,48
7304;2136;Checking;27.01.2026;$2.599,55
7305;2136;Credit Card;9.03.2026;-$6,21
7306;2136;Savings;17.02.2026;$28.277,75
7307;2137;Savings;26.07.2024;$81.072,52
7308;2138;Credit Card;1.05.2026;-$64,17
7309;2138;Checking;1.05.2026;$19.207,08
7310;2139;Savings;13.06.2024;$35.739,13
7311;2140;Credit Card;8.08.2023;-$1.743,04
7312;2140;Savings;31.10.2023;$8.062,23
7313;2141;Savings;28.11.2023;$19.212,45
7314;2141;Credit Card;21.11.2023;-$6.310,67
7315;2142;Checking;8.08.2023;$6.395,08
7316;2142;Savings;19.01.2024;$88.874,41
7317;2143;Savings;9.02.2024;$56.030,63
7318;2144;Credit Card;16.05.2025;-$3.573,58
7319;2144;Checking;27.03.2025;$3.328,44
7320;2145;Savings;10.02.2024;$80.140,66
7321;2146;Checking;18.06.2024;$19.367,05
7322;2147;Savings;1.05.2026;$89.208,30
7323;2147;Credit Card;1.05.2026;-$1.821,12
7324;2148;Savings;22.02.2024;$116.017,64
7325;2148;Checking;26.01.2024;$6.205,31
7326;2148;Credit Card;17.03.2024;-$5.851,80
7327;2149;Credit Card;1.09.2024;-$2.094,94
7328;2149;Savings;17.10.2024;$20.432,02
7329;2149;Checking;12.09.2024;$11.249,37
7330;2150;Credit Card;29.09.2025;-$4.642,12
7331;2151;Savings;27.07.2024;$94.831,33
7332;2151;Credit Card;9.08.2024;-$4.844,79
7333;2152;Savings;8.02.2026;$66.762,71
7334;2152;Credit Card;12.12.2025;-$4.327,93
7335;2153;Credit Card;7.01.2025;-$6.652,81
7336;2153;Savings;6.02.2025;$91.939,86
7337;2154;Savings;30.03.2026;$107.801,71
7338;2154;Checking;1.05.2026;$14.170,57
7339;2155;Savings;14.11.2025;$24.180,86
7340;2156;Credit Card;7.09.2023;-$4.743,32
7341;2156;Savings;18.07.2023;$41.266,87
7342;2157;Credit Card;1.05.2026;-$299,41
7343;2158;Credit Card;20.09.2023;-$953,05
7344;2158;Checking;29.10.2023;$18.109,06
7345;2159;Savings;19.12.2024;$93.302,36
7346;2159;Checking;12.05.2025;$18.510,06
7347;2159;Credit Card;22.12.2024;-$6.371,74
7348;2160;Credit Card;12.10.2025;-$451,93
7349;2161;Credit Card;19.06.2025;-$2.963,64
7350;2161;Savings;12.05.2025;$45.531,71
7351;2162;Checking;9.01.2026;$19.314,44
7352;2162;Savings;1.02.2026;$11.074,34
7353;2162;Credit Card;1.05.2026;-$2.576,67
7354;2163;Savings;7.06.2023;$79.511,47
7355;2163;Checking;11.06.2023;$9.149,21
7356;2163;Credit Card;5.11.2023;-$3.969,75
7357;2164;Savings;19.09.2023;$34.010,68
7358;2164;Credit Card;25.05.2023;-$5.398,58
7359;2164;Checking;27.07.2023;$16.934,53
7360;2165;Savings;10.05.2025;$87.799,67
7361;2165;Checking;9.04.2025;$16.715,08
7362;2165;Credit Card;18.03.2025;-$4.453,50
7363;2166;Credit Card;13.08.2025;-$4.571,76
7364;2167;Savings;10.12.2024;$95.190,39
7365;2167;Checking;13.12.2024;$11.973,71
7366;2168;Savings;16.11.2024;$111.870,18
7367;2169;Checking;9.06.2023;$1.752,10
7368;2169;Savings;24.08.2023;$106.666,33
7369;2169;Credit Card;30.03.2023;-$5.587,13
7370;2170;Checking;18.07.2025;$14.626,18
7371;2170;Credit Card;28.05.2025;-$3.623,07
7372;2170;Savings;5.08.2025;$115.881,78
7373;2171;Savings;21.02.2025;$73.538,90
7374;2171;Checking;28.12.2024;$14.976,02
7375;2172;Credit Card;9.09.2025;-$600,98
7376;2172;Savings;19.09.2025;$5.494,57
7377;2173;Credit Card;3.01.2025;-$2.616,41
7378;2173;Savings;3.12.2024;$20.799,22
7379;2174;Credit Card;17.07.2024;-$1.908,01
7380;2174;Checking;6.08.2024;$16.271,46
7381;2175;Credit Card;2.02.2024;-$6.750,63
7382;2176;Credit Card;1.05.2026;-$6.424,45
7383;2176;Checking;1.05.2026;$12.003,67
7384;2177;Savings;6.04.2026;$46.708,53
7385;2177;Credit Card;12.01.2026;-$6.604,04
7386;2177;Checking;7.12.2025;$19.188,72
7387;2178;Credit Card;27.10.2024;-$2.031,12
7388;2179;Credit Card;1.05.2026;-$3.167,49
7389;2180;Checking;17.09.2023;$12.873,33
7390;2180;Credit Card;9.02.2024;-$1.104,72
7391;2181;Savings;16.11.2023;$99.388,61
7392;2182;Checking;25.07.2023;$672,30
7393;2182;Credit Card;26.06.2023;-$6.658,36
7394;2182;Savings;12.04.2023;$117.763,63
7395;2183;Checking;24.06.2024;$19.902,52
7396;2183;Credit Card;19.04.2024;-$1.319,77
7397;2183;Savings;10.06.2024;$28.469,46
7398;2184;Savings;3.12.2024;$39.632,18
7399;2184;Credit Card;28.01.2025;-$5.011,40
7400;2184;Checking;21.12.2024;$5.123,86
7401;2185;Savings;24.09.2023;$70.816,48
7402;2185;Credit Card;27.06.2023;-$2.867,23
7403;2186;Savings;22.08.2025;$86.700,22
7404;2186;Checking;26.07.2025;$4.709,16
7405;2186;Credit Card;10.03.2025;-$5.276,62
7406;2187;Checking;14.08.2023;$18.654,45
7407;2188;Checking;7.05.2025;$230,27
7408;2189;Checking;7.11.2023;$18.546,42
7409;2189;Savings;19.12.2023;$35.562,78
7410;2190;Credit Card;9.01.2024;-$60,95
7411;2190;Savings;25.11.2023;$48.611,40
7412;2191;Credit Card;26.01.2025;-$6.122,03
7413;2192;Checking;24.04.2025;$12.132,63
7414;2192;Credit Card;6.01.2025;-$5.216,01
7415;2192;Savings;13.04.2025;$78.134,85
7416;2193;Savings;8.04.2023;$25.124,91
7417;2194;Checking;27.12.2025;$6.509,31
7418;2195;Credit Card;13.01.2024;-$1.557,13
7419;2195;Savings;15.12.2023;$73.519,35
7420;2196;Checking;7.06.2024;$6.677,36
7421;2196;Savings;3.05.2024;$94.564,80
7422;2196;Credit Card;5.08.2024;-$587,08
7423;2197;Credit Card;29.01.2026;-$4.285,59
7424;2198;Savings;2.08.2023;$61.545,45
7425;2199;Credit Card;28.01.2024;-$6.505,32
7426;2199;Savings;15.06.2024;$7.297,26
7427;2200;Savings;26.04.2023;$41.249,96
7428;2200;Credit Card;20.10.2023;-$4.551,58
7429;2201;Checking;14.11.2025;$10.822,21
7430;2201;Credit Card;23.03.2026;-$4.842,82
7431;2202;Credit Card;24.03.2024;-$1.680,49
7432;2203;Credit Card;25.03.2026;-$6.528,20
7433;2203;Savings;1.05.2026;$97.967,59
7434;2204;Credit Card;7.03.2024;-$1.378,57
7435;2205;Savings;9.12.2023;$19.297,82
7436;2206;Credit Card;19.09.2025;-$2.165,02
7437;2206;Savings;2.11.2025;$11.588,17
7438;2207;Credit Card;6.02.2025;-$2.664,07
7439;2207;Savings;15.09.2024;$43.305,53
7440;2208;Credit Card;1.06.2025;-$4.955,44
7441;2208;Checking;18.06.2025;$6.655,41
7442;2208;Savings;3.09.2025;$18.198,14
7443;2209;Checking;18.10.2025;$4.037,25
7444;2209;Savings;8.12.2025;$9.684,40
7445;2210;Credit Card;24.03.2026;-$6.656,47
7446;2210;Checking;24.01.2026;$1.189,73
7447;2211;Credit Card;13.12.2025;-$6.661,13
7448;2212;Credit Card;17.07.2025;-$5.120,05
7449;2212;Checking;31.08.2025;$13.577,80
7450;2213;Credit Card;14.02.2024;-$1.733,98
7451;2213;Savings;26.03.2024;$39.830,95
7452;2214;Savings;18.01.2026;$19.862,10
7453;2214;Credit Card;7.12.2025;-$3.712,99
7454;2214;Checking;4.11.2025;$5.263,89
7455;2215;Savings;5.08.2023;$95.063,18
7456;2215;Credit Card;4.03.2023;-$4.383,74
7457;2215;Checking;14.08.2023;$7.501,92
7458;2216;Savings;21.12.2025;$51.570,15
7459;2217;Credit Card;22.04.2026;-$332,93
7460;2217;Checking;1.05.2026;$9.916,42
7461;2218;Savings;25.03.2023;$62.722,32
7462;2218;Credit Card;11.03.2023;-$5.295,02
7463;2218;Checking;12.03.2023;$6.187,40
7464;2219;Checking;1.05.2026;$6.798,57
7465;2219;Credit Card;1.05.2026;-$1.198,84
7466;2219;Savings;1.05.2026;$5.066,57
7467;2220;Credit Card;23.02.2024;-$4.685,25
7468;2221;Savings;17.07.2025;$28.324,31
7469;2222;Checking;25.05.2024;$8.957,19
7470;2222;Savings;15.07.2024;$26.718,12
7471;2223;Checking;11.10.2025;$7.642,88
7472;2223;Credit Card;9.08.2025;-$376,53
7473;2224;Credit Card;1.05.2026;-$3.604,38
7474;2224;Savings;21.02.2026;$6.056,13
7475;2224;Checking;24.01.2026;$212,55
7476;2225;Savings;23.01.2026;$49.709,93
7477;2225;Checking;30.11.2025;$18.402,36
7478;2225;Credit Card;2.12.2025;-$3.879,65
7479;2226;Checking;1.05.2026;$10.631,65
7480;2226;Savings;30.04.2026;$10.167,72
7481;2227;Savings;25.08.2025;$12.231,59
7482;2227;Checking;29.07.2025;$7.415,82
7483;2227;Credit Card;29.11.2025;-$1.143,33
7484;2228;Savings;6.02.2023;$94.667,38
7485;2228;Checking;7.04.2023;$1.162,54
7486;2229;Credit Card;12.08.2023;-$5.399,31
7487;2229;Checking;8.09.2023;$1.493,54
7488;2230;Credit Card;13.03.2026;-$4.222,25
7489;2230;Savings;1.05.2026;$94.312,72
7490;2230;Checking;2.03.2026;$19.393,01
7491;2231;Savings;17.03.2026;$97.337,59
7492;2231;Checking;27.12.2025;$10.226,09
7493;2231;Credit Card;17.03.2026;-$1.254,72
7494;2232;Savings;23.02.2025;$118.126,66
7495;2232;Credit Card;17.03.2025;-$310,38
7496;2232;Checking;19.02.2025;$2.330,60
7497;2233;Credit Card;20.02.2025;-$6.206,09
7498;2233;Checking;28.10.2024;$8.770,72
7499;2234;Credit Card;3.06.2025;-$5.991,61
7500;2234;Checking;8.08.2025;$2.668,79
7501;2235;Checking;20.07.2025;$130,39
7502;2236;Savings;6.05.2025;$8.155,79
7503;2237;Checking;1.06.2023;$10.538,40
7504;2237;Credit Card;11.07.2023;-$2.321,76
7505;2238;Checking;2.09.2024;$6.808,97
7506;2239;Checking;21.02.2025;$731,00
7507;2239;Credit Card;19.03.2025;-$392,22
7508;2240;Credit Card;15.02.2023;-$6.177,61
7509;2240;Checking;2.07.2023;$14.980,48
7510;2240;Savings;5.03.2023;$26.016,89
7511;2241;Checking;6.01.2026;$14.785,21
7512;2241;Credit Card;27.12.2025;-$4.448,01
7513;2242;Checking;11.01.2026;$12.211,03
7514;2242;Savings;5.03.2026;$33.256,98
7515;2243;Credit Card;25.04.2023;-$631,28
7516;2243;Checking;12.08.2023;$15.157,40
7517;2243;Savings;27.08.2023;$12.063,89
7518;2244;Checking;20.11.2024;$15.202,66
7519;2245;Checking;25.07.2023;$9.667,25
7520;2245;Savings;4.08.2023;$67.056,85
7521;2246;Checking;21.01.2025;$2.602,54
7522;2246;Credit Card;31.01.2025;-$5.944,18
7523;2247;Credit Card;1.11.2023;-$2.749,46
7524;2248;Credit Card;16.08.2025;-$6.014,89
7525;2248;Savings;15.06.2025;$92.712,38
7526;2249;Savings;2.01.2024;$116.797,12
7527;2249;Checking;19.11.2023;$4.073,69
7528;2249;Credit Card;6.11.2023;-$6.160,27
7529;2250;Credit Card;28.08.2023;-$6.125,63
7530;2250;Savings;27.08.2023;$110.301,02
7531;2251;Savings;1.10.2023;$13.313,93
7532;2252;Savings;5.10.2024;$39.725,40
7533;2252;Checking;9.05.2024;$4.677,19
7534;2253;Checking;28.08.2025;$19.117,43
7535;2253;Savings;5.09.2025;$76.359,47
7536;2254;Savings;6.10.2024;$96.367,42
7537;2254;Checking;20.06.2024;$6.256,93
7538;2255;Credit Card;8.12.2023;-$5.675,60
7539;2255;Savings;11.12.2023;$47.311,47
7540;2255;Checking;5.09.2023;$17.232,44
7541;2256;Checking;7.02.2023;$3.243,95
7542;2256;Credit Card;19.01.2023;-$1.831,69
7543;2257;Savings;1.05.2026;$40.478,27
7544;2257;Checking;1.05.2026;$4.228,37
7545;2258;Checking;10.03.2024;$15.270,79
7546;2258;Credit Card;19.03.2024;-$6.934,93
7547;2259;Checking;3.05.2023;$7.962,70
7548;2259;Credit Card;5.08.2023;-$626,99
7549;2260;Credit Card;1.06.2024;-$5.596,89
7550;2260;Checking;6.07.2024;$4.824,75
7551;2260;Savings;26.05.2024;$76.559,04
7552;2261;Credit Card;1.05.2026;-$4.681,36
7553;2261;Savings;1.05.2026;$37.560,77
7554;2262;Checking;1.05.2026;$12.623,95
7555;2262;Credit Card;14.04.2026;-$6.186,20
7556;2262;Savings;29.04.2026;$34.205,14
7557;2263;Checking;17.02.2024;$3.525,99
7558;2263;Savings;5.02.2024;$51.292,89
7559;2264;Checking;28.02.2025;$15.183,68
7560;2265;Checking;5.02.2024;$19.905,40
7561;2265;Savings;8.11.2023;$22.313,74
7562;2266;Credit Card;23.06.2025;-$6.248,56
7563;2267;Savings;12.06.2023;$113.977,32
7564;2267;Checking;15.08.2023;$12.986,68
7565;2268;Checking;1.05.2026;$17.447,05
7566;2268;Savings;1.05.2026;$82.247,44
7567;2269;Checking;22.12.2025;$10.843,08
7568;2269;Credit Card;26.08.2025;-$5.474,10
7569;2270;Checking;25.08.2025;$2.548,52
7570;2270;Savings;28.01.2026;$40.340,95
7571;2271;Credit Card;6.12.2024;-$3.139,89
7572;2271;Savings;13.11.2024;$35.053,26
7573;2272;Credit Card;25.06.2023;-$5.466,65
7574;2273;Checking;13.12.2025;$11.402,98
7575;2274;Credit Card;23.12.2025;-$5.681,15
7576;2274;Savings;11.11.2025;$67.262,56
7577;2275;Credit Card;26.03.2024;-$6.742,62
7578;2276;Checking;9.04.2026;$9.696,36
7579;2276;Savings;1.05.2026;$70.613,89
7580;2277;Credit Card;29.04.2025;-$3.594,66
7581;2277;Savings;25.06.2025;$89.562,18
7582;2278;Checking;15.05.2023;$18.188,79
7583;2279;Savings;20.09.2024;$40.187,85
7584;2279;Credit Card;27.11.2024;-$6.504,04
7585;2279;Checking;10.09.2024;$15.485,26
7586;2280;Checking;25.11.2025;$245,43
7587;2280;Credit Card;5.10.2025;-$3.059,17
7588;2281;Credit Card;17.02.2026;-$2.206,24
7589;2281;Savings;19.01.2026;$80.198,44
7590;2281;Checking;1.05.2026;$15.906,70
7591;2282;Credit Card;16.08.2023;-$2.704,41
7592;2282;Checking;22.10.2023;$7.673,71
7593;2283;Credit Card;29.11.2025;-$5.444,57
7594;2283;Checking;29.03.2026;$18.728,90
7595;2283;Savings;23.01.2026;$108.447,62
7596;2284;Savings;17.05.2024;$118.902,23
7597;2284;Credit Card;2.04.2024;-$3.030,96
7598;2285;Savings;28.04.2026;$6.087,85
7599;2285;Checking;1.05.2026;$3.148,61
7600;2285;Credit Card;1.05.2026;-$1.946,74
7601;2286;Savings;23.08.2023;$21.626,91
7602;2286;Credit Card;23.09.2023;-$1.454,88
7603;2287;Credit Card;12.07.2023;-$5.650,28
7604;2287;Checking;30.05.2023;$15.980,90
7605;2288;Credit Card;4.09.2024;-$4.929,26
7606;2288;Checking;9.07.2024;$1.557,31
7607;2289;Savings;31.01.2026;$45.780,80
7608;2290;Savings;11.11.2024;$45.714,35
7609;2290;Checking;7.09.2024;$6.086,60
7610;2291;Credit Card;2.01.2024;-$5.152,68
7611;2292;Checking;19.06.2024;$9.625,79
7612;2293;Checking;13.09.2025;$8.312,21
7613;2293;Savings;16.09.2025;$40.617,84
7614;2293;Credit Card;7.12.2025;-$4.235,60
7615;2294;Credit Card;26.10.2024;-$6.230,12
7616;2294;Checking;20.01.2025;$714,16
7617;2295;Checking;6.09.2025;$16.365,33
7618;2295;Credit Card;20.06.2025;-$6.357,17
7619;2296;Credit Card;3.01.2025;-$3.395,60
7620;2296;Savings;8.01.2025;$40.402,71
7621;2296;Checking;6.03.2025;$13.812,81
7622;2297;Checking;1.02.2025;$15.074,88
7623;2297;Credit Card;19.04.2025;-$5.428,80
7624;2298;Checking;23.01.2025;$6.595,75
7625;2299;Checking;2.11.2025;$15.418,19
7626;2299;Credit Card;27.10.2025;-$6.368,13
7627;2300;Credit Card;5.08.2025;-$3.448,77
7628;2300;Checking;8.07.2025;$8.031,32
7629;2300;Savings;8.09.2025;$76.359,83
7630;2301;Checking;20.12.2024;$9.569,02
7631;2302;Credit Card;3.07.2025;-$4.236,12
7632;2302;Savings;29.03.2025;$65.549,43
7633;2303;Credit Card;17.04.2024;-$6.288,02
7634;2304;Savings;5.01.2026;$63.228,87
7635;2304;Checking;23.03.2026;$8.365,45
7636;2304;Credit Card;23.03.2026;-$6.696,60
7637;2305;Checking;7.09.2023;$6.225,23
7638;2306;Savings;13.08.2023;$58.438,14
7639;2307;Savings;16.03.2024;$32.748,05
7640;2307;Checking;11.11.2023;$19.044,48
7641;2307;Credit Card;29.03.2024;-$1.696,54
7642;2308;Savings;7.02.2025;$61.721,47
7643;2309;Savings;19.03.2024;$38.577,47
7644;2309;Credit Card;16.11.2023;-$6.000,36
7645;2309;Checking;17.02.2024;$3.692,77
7646;2310;Credit Card;14.03.2026;-$2.054,02
7647;2310;Checking;1.05.2026;$13.558,82
7648;2311;Credit Card;17.11.2024;-$2.394,08
7649;2312;Savings;10.05.2023;$25.166,92
7650;2313;Savings;26.04.2023;$87.024,64
7651;2313;Checking;12.07.2023;$18.641,23
7652;2313;Credit Card;31.07.2023;-$3.220,38
7653;2314;Credit Card;15.11.2024;-$3.769,41
7654;2314;Savings;14.04.2025;$87.702,00
7655;2314;Checking;4.11.2024;$12.891,41
7656;2315;Credit Card;26.03.2026;-$4.353,53
7657;2315;Checking;30.04.2026;$982,88
7658;2316;Credit Card;29.12.2025;-$1.862,75
7659;2317;Checking;11.12.2023;$18.923,21
7660;2317;Savings;13.09.2023;$116.569,00
7661;2317;Credit Card;25.06.2023;-$5.334,54
7662;2318;Checking;4.04.2025;$4.904,62
7663;2318;Savings;20.09.2025;$6.404,30
7664;2318;Credit Card;24.09.2025;-$4.986,93
7665;2319;Savings;10.08.2024;$84.442,91
7666;2319;Credit Card;7.08.2024;-$5.544,20
7667;2319;Checking;7.07.2024;$16.379,97
7668;2320;Savings;7.09.2025;$106.823,89
7669;2321;Credit Card;19.08.2024;-$371,04
7670;2321;Savings;5.07.2024;$71.647,90
7671;2321;Checking;24.10.2024;$11.303,57
7672;2322;Credit Card;26.11.2024;-$1.892,25
7673;2323;Savings;13.05.2025;$10.166,24
7674;2323;Credit Card;4.08.2025;-$5.964,12
7675;2323;Checking;18.07.2025;$11.691,90
7676;2324;Savings;13.04.2024;$88.692,03
7677;2324;Credit Card;9.07.2024;-$6.475,07
7678;2325;Credit Card;13.07.2024;-$623,04
7679;2325;Checking;23.02.2024;$7.989,97
7680;2326;Checking;3.12.2023;$8.869,10
7681;2327;Credit Card;30.07.2023;-$5.375,19
7682;2327;Savings;28.08.2023;$92.612,74
7683;2328;Savings;11.02.2025;$118.749,25
7684;2328;Credit Card;13.02.2025;-$1.948,59
7685;2329;Credit Card;15.08.2024;-$6.650,87
7686;2329;Checking;3.07.2024;$13.011,70
7687;2329;Savings;22.08.2024;$68.028,46
7688;2330;Checking;15.03.2024;$19.886,93
7689;2331;Checking;1.02.2025;$8.247,30
7690;2332;Credit Card;20.08.2024;-$1.214,37
7691;2333;Credit Card;24.03.2026;-$1.104,94
7692;2333;Savings;1.05.2026;$21.812,26
7693;2333;Checking;1.05.2026;$2.577,14
7694;2334;Checking;22.11.2025;$7.466,64
7695;2335;Savings;1.05.2026;$108.172,50
7696;2336;Checking;17.04.2025;$9.413,48
7697;2336;Savings;25.11.2024;$111.140,13
7698;2337;Checking;24.03.2026;$19.434,97
7699;2338;Credit Card;17.12.2024;-$6.983,66
7700;2338;Savings;28.12.2024;$62.560,41
7701;2339;Savings;2.09.2025;$92.952,68
7702;2339;Credit Card;31.10.2025;-$6.079,33
7703;2340;Savings;1.12.2025;$91.505,85
7704;2340;Credit Card;8.09.2025;-$6.569,01
7705;2341;Savings;12.08.2024;$69.114,28
7706;2341;Checking;25.01.2025;$8.009,29
7707;2341;Credit Card;24.09.2024;-$1.323,92
7708;2342;Checking;1.05.2026;$15.218,22
7709;2343;Credit Card;26.09.2023;-$2.126,39
7710;2343;Savings;17.10.2023;$47.692,43
7711;2343;Checking;4.01.2024;$4.353,00
7712;2344;Checking;28.05.2025;$11.819,34
7713;2344;Savings;21.09.2025;$26.959,43
7714;2345;Checking;17.03.2026;$6.638,72
7715;2345;Savings;30.11.2025;$64.427,27
7716;2345;Credit Card;14.02.2026;-$6.842,16
7717;2346;Savings;10.02.2024;$116.315,08
7718;2346;Checking;16.01.2024;$9.434,34
7719;2347;Savings;8.07.2023;$74.179,70
7720;2347;Credit Card;19.07.2023;-$2.452,15
7721;2347;Checking;25.04.2023;$14.502,12
7722;2348;Checking;6.10.2025;$11.272,66
7723;2348;Credit Card;27.01.2026;-$4.366,91
7724;2348;Savings;3.01.2026;$11.712,96
7725;2349;Credit Card;20.06.2024;-$1.874,82
7726;2350;Savings;2.07.2025;$77.825,73
7727;2351;Savings;17.08.2025;$110.933,71
7728;2351;Checking;3.06.2025;$2.365,82
7729;2352;Credit Card;5.10.2024;-$2.242,32
7730;2352;Savings;30.05.2024;$38.428,29
7731;2352;Checking;11.07.2024;$4.436,42
7732;2353;Savings;20.08.2023;$97.898,29
7733;2354;Savings;10.04.2023;$78.576,23
7734;2355;Savings;14.07.2023;$7.450,65
7735;2355;Checking;15.07.2023;$10.055,11
7736;2355;Credit Card;16.07.2023;-$4.291,95
7737;2356;Savings;11.11.2025;$107.291,98
7738;2356;Credit Card;26.04.2026;-$4.879,06
7739;2356;Checking;11.01.2026;$7.165,53
7740;2357;Savings;20.07.2025;$100.795,36
7741;2357;Checking;21.04.2025;$11.515,07
7742;2358;Savings;6.03.2025;$95.517,84
7743;2359;Savings;30.06.2025;$25.990,41
7744;2359;Checking;23.11.2025;$3.607,72
7745;2359;Credit Card;28.10.2025;-$5.534,95
7746;2360;Checking;25.03.2024;$225,33
7747;2360;Credit Card;13.04.2024;-$1.134,18
7748;2360;Savings;8.02.2024;$26.622,50
7749;2361;Savings;1.11.2025;$74.450,15
7750;2361;Credit Card;28.10.2025;-$1.866,31
7751;2361;Checking;5.01.2026;$4.051,21
7752;2362;Checking;14.12.2023;$7.352,38
7753;2362;Credit Card;12.08.2023;-$3.874,31
7754;2362;Savings;19.09.2023;$39.547,22
7755;2363;Credit Card;3.11.2024;-$6.028,00
7756;2363;Savings;4.12.2024;$42.893,86
7757;2363;Checking;27.07.2024;$4.973,53
7758;2364;Checking;20.03.2024;$2.705,37
7759;2365;Savings;16.01.2025;$25.622,67
7760;2365;Credit Card;17.02.2025;-$1.825,17
7761;2365;Checking;3.12.2024;$1.109,06
7762;2366;Checking;3.03.2025;$18.650,40
7763;2366;Savings;15.02.2025;$47.017,03
7764;2366;Credit Card;17.03.2025;-$466,65
7765;2367;Savings;28.03.2025;$41.792,23
7766;2368;Checking;9.09.2025;$9.557,23
7767;2368;Credit Card;7.11.2025;-$1.108,84
7768;2368;Savings;20.08.2025;$17.789,98
7769;2369;Checking;11.08.2023;$10.694,42
7770;2369;Savings;4.07.2023;$78.000,04
7771;2370;Checking;9.06.2023;$5.144,03
7772;2370;Credit Card;19.06.2023;-$2.274,46
7773;2371;Credit Card;21.06.2025;-$5.648,67
7774;2371;Savings;27.04.2025;$8.704,69
7775;2371;Checking;29.04.2025;$7.464,04
7776;2372;Savings;19.04.2026;$41.627,56
7777;2372;Checking;1.05.2026;$19.598,89
7778;2373;Savings;16.05.2025;$43.479,08
7779;2374;Savings;8.01.2025;$114.614,66
7780;2374;Checking;25.01.2025;$4.165,07
7781;2374;Credit Card;14.01.2025;-$2.067,68
7782;2375;Checking;28.01.2026;$15.172,72
7783;2375;Credit Card;29.03.2026;-$2.312,10
7784;2376;Checking;10.03.2025;$8.927,46
7785;2376;Credit Card;27.01.2025;-$1.259,48
7786;2377;Credit Card;29.11.2023;-$1.257,31
7787;2377;Savings;14.10.2023;$12.593,72
7788;2377;Checking;19.11.2023;$12.172,32
7789;2378;Savings;4.06.2023;$101.314,03
7790;2378;Credit Card;11.09.2023;-$6.403,05
7791;2379;Credit Card;21.04.2023;-$6.755,46
7792;2379;Checking;2.04.2023;$12.478,07
7793;2379;Savings;30.06.2023;$29.650,23
7794;2380;Savings;1.08.2024;$117.467,47
7795;2381;Savings;5.04.2024;$57.052,04
7796;2382;Checking;21.12.2024;$17.063,52
7797;2383;Credit Card;1.05.2026;-$69,97
7798;2383;Checking;1.05.2026;$5.412,83
7799;2383;Savings;26.04.2026;$56.741,58
7800;2384;Credit Card;1.05.2026;-$1.747,96
7801;2384;Savings;10.02.2026;$80.207,70
7802;2384;Checking;5.02.2026;$9.160,73
7803;2385;Credit Card;10.04.2026;-$5.069,92
7804;2386;Checking;14.02.2024;$19.632,83
7805;2386;Credit Card;19.01.2024;-$6.641,66
7806;2386;Savings;19.05.2024;$83.862,25
7807;2387;Savings;16.09.2023;$24.929,08
7808;2387;Credit Card;4.08.2023;-$5.889,41
7809;2388;Savings;9.10.2023;$43.265,73
7810;2388;Credit Card;6.07.2023;-$5.597,33
7811;2389;Credit Card;21.07.2024;-$2.672,49
7812;2389;Checking;30.06.2024;$10.451,90
7813;2389;Savings;6.06.2024;$78.648,12
7814;2390;Savings;5.08.2025;$59.682,59
7815;2390;Credit Card;10.06.2025;-$4.012,93
7816;2391;Credit Card;4.09.2025;-$1.617,94
7817;2391;Checking;30.12.2025;$6.324,71
7818;2392;Checking;4.10.2025;$11.694,20
7819;2393;Credit Card;2.12.2025;-$843,33
7820;2393;Checking;1.05.2026;$15.147,61
7821;2393;Savings;7.01.2026;$55.158,32
7822;2394;Savings;27.08.2023;$30.699,79
7823;2394;Checking;22.12.2023;$1.257,25
7824;2395;Checking;31.03.2026;$1.587,85
7825;2396;Credit Card;13.03.2023;-$6.168,66
7826;2397;Credit Card;18.09.2025;-$1.771,86
7827;2398;Savings;10.03.2023;$32.718,34
7828;2398;Checking;11.04.2023;$17.665,85
7829;2398;Credit Card;6.05.2023;-$1.573,21
7830;2399;Savings;23.09.2025;$56.690,45
7831;2399;Checking;25.10.2025;$11.463,22
7832;2400;Credit Card;16.06.2023;-$450,20
7833;2400;Checking;10.04.2023;$5.549,00
7834;2400;Savings;26.04.2023;$35.098,31
7835;2401;Credit Card;9.12.2025;-$2.381,86
7836;2402;Checking;27.09.2025;$15.095,95
7837;2402;Credit Card;17.11.2025;-$4.001,43
7838;2403;Savings;22.04.2025;$31.491,19
7839;2403;Checking;31.12.2024;$6.893,39
7840;2404;Savings;1.05.2026;$45.123,92
7841;2405;Savings;1.09.2024;$20.092,17
7842;2406;Checking;1.03.2025;$17.761,21
7843;2406;Savings;14.03.2025;$9.382,19
7844;2406;Credit Card;27.12.2024;-$224,89
7845;2407;Credit Card;17.03.2024;-$4.772,39
7846;2407;Savings;20.04.2024;$10.498,58
7847;2408;Credit Card;6.08.2024;-$2.246,22
7848;2408;Savings;9.08.2024;$73.882,05
7849;2409;Checking;13.06.2025;$2.903,86
7850;2410;Savings;5.04.2023;$82.101,65
7851;2410;Checking;18.04.2023;$5.596,83
7852;2411;Savings;19.12.2024;$32.596,25
7853;2411;Credit Card;9.03.2025;-$6.429,55
7854;2412;Savings;2.10.2025;$94.293,59
7855;2412;Checking;13.08.2025;$4.195,70
7856;2412;Credit Card;30.10.2025;-$510,16
7857;2413;Credit Card;1.05.2026;-$4.075,01
7858;2413;Checking;22.01.2026;$14.294,92
7859;2414;Savings;27.01.2026;$17.678,79
7860;2415;Savings;26.09.2025;$80.540,23
7861;2415;Checking;20.09.2025;$17.901,92
7862;2416;Savings;8.02.2024;$45.576,90
7863;2416;Checking;7.10.2023;$19.456,59
7864;2416;Credit Card;19.08.2023;-$4.017,46
7865;2417;Credit Card;30.04.2025;-$971,94
7866;2418;Credit Card;15.08.2024;-$4.437,80
7867;2418;Checking;21.08.2024;$1.936,78
7868;2419;Savings;16.01.2025;$29.591,96
7869;2419;Credit Card;23.05.2025;-$6.369,85
7870;2419;Checking;9.03.2025;$9.555,21
7871;2420;Credit Card;1.05.2026;-$6.692,43
7872;2421;Checking;25.10.2025;$7.167,20
7873;2422;Credit Card;17.12.2024;-$6.840,73
7874;2422;Savings;5.03.2025;$17.854,99
7875;2423;Savings;27.08.2025;$115.439,66
7876;2423;Checking;19.10.2025;$9.906,01
7877;2424;Checking;29.11.2025;$10.471,29
7878;2424;Credit Card;30.06.2025;-$4.096,58
7879;2424;Savings;26.11.2025;$69.265,57
7880;2425;Checking;30.07.2023;$8.326,48
7881;2425;Savings;9.05.2023;$105.398,37
7882;2426;Savings;31.08.2024;$20.841,34
7883;2427;Credit Card;10.01.2026;-$1.689,26
7884;2428;Savings;6.01.2025;$114.316,02
7885;2429;Checking;9.01.2024;$14.801,65
7886;2429;Credit Card;12.03.2024;-$2.923,41
7887;2429;Savings;23.12.2023;$12.921,11
7888;2430;Credit Card;29.11.2023;-$1.921,89
7889;2430;Checking;30.08.2023;$7.744,99
7890;2430;Savings;4.12.2023;$18.072,31
7891;2431;Credit Card;18.08.2024;-$3.142,76
7892;2431;Savings;11.01.2025;$6.462,57
7893;2431;Checking;27.12.2024;$9.092,49
7894;2432;Checking;3.10.2023;$9.045,89
7895;2433;Credit Card;10.08.2024;-$3.280,00
7896;2433;Checking;29.10.2024;$243,15
7897;2434;Checking;14.10.2024;$4.049,31
7898;2434;Savings;4.08.2024;$21.415,09
7899;2435;Checking;10.05.2023;$6.174,80
7900;2435;Credit Card;17.06.2023;-$5.574,43
7901;2436;Checking;4.07.2024;$16.309,18
7902;2436;Credit Card;8.07.2024;-$4.460,95
7903;2436;Savings;9.05.2024;$14.237,34
7904;2437;Credit Card;12.04.2026;-$5.793,56
7905;2437;Checking;11.03.2026;$2.146,05
7906;2437;Savings;1.05.2026;$110.875,63
7907;2438;Savings;6.12.2024;$18.825,64
7908;2439;Credit Card;10.07.2024;-$3.303,85
7909;2439;Checking;23.07.2024;$8.051,98
7910;2439;Savings;7.06.2024;$62.393,92
7911;2440;Checking;11.09.2023;$12.821,51
7912;2440;Credit Card;5.09.2023;-$2.087,92
7913;2441;Savings;1.05.2026;$48.351,00
7914;2441;Checking;1.05.2026;$11.717,03
7915;2441;Credit Card;25.02.2026;-$6.011,06
7916;2442;Credit Card;14.10.2024;-$1.150,30
7917;2442;Savings;9.11.2024;$29.061,26
7918;2442;Checking;13.10.2024;$18.538,12
7919;2443;Credit Card;10.02.2024;-$5.890,51
7920;2443;Checking;28.11.2023;$13.585,19
7921;2443;Savings;19.01.2024;$34.906,41
7922;2444;Savings;29.01.2024;$27.925,94
7923;2444;Credit Card;20.09.2023;-$4.929,55
7924;2445;Credit Card;21.08.2023;-$4.049,45
7925;2445;Checking;9.09.2023;$4.944,53
7926;2445;Savings;5.07.2023;$74.931,04
7927;2446;Credit Card;5.04.2026;-$1.405,79
7928;2446;Checking;12.03.2026;$276,40
7929;2446;Savings;1.05.2026;$18.483,56
7930;2447;Savings;15.10.2024;$11.760,12
7931;2447;Checking;19.11.2024;$664,03
7932;2448;Credit Card;27.01.2024;-$273,55
7933;2448;Savings;12.10.2023;$91.687,70
7934;2449;Credit Card;5.01.2025;-$2.928,96
7935;2450;Checking;14.02.2024;$4.470,60
7936;2450;Credit Card;14.03.2024;-$2.958,83
7937;2451;Savings;15.09.2024;$72.920,44
7938;2451;Credit Card;28.04.2024;-$4.420,60
7939;2451;Checking;23.05.2024;$5.647,68
7940;2452;Credit Card;16.06.2024;-$4.785,54
7941;2453;Savings;23.06.2025;$10.223,01
7942;2454;Checking;28.12.2023;$13.326,70
7943;2454;Credit Card;2.04.2024;-$10,20
7944;2454;Savings;13.04.2024;$86.597,21
7945;2455;Savings;18.04.2024;$104.367,50
7946;2455;Checking;11.03.2024;$6.899,66
7947;2455;Credit Card;6.07.2024;-$6.282,72
7948;2456;Checking;12.06.2024;$8.066,67
7949;2456;Credit Card;1.01.2024;-$5.873,76
7950;2456;Savings;30.01.2024;$41.175,46
7951;2457;Credit Card;29.11.2024;-$499,25
7952;2458;Savings;23.04.2023;$95.519,57
7953;2459;Savings;22.03.2024;$8.218,26
7954;2460;Checking;11.10.2025;$10.873,80
7955;2460;Credit Card;14.01.2026;-$3.224,46
7956;2460;Savings;12.09.2025;$116.117,36
7957;2461;Savings;1.05.2026;$69.492,17
7958;2462;Checking;1.05.2026;$17.537,44
7959;2463;Savings;25.02.2026;$71.270,72
7960;2463;Checking;25.04.2026;$18.250,45
7961;2463;Credit Card;20.03.2026;-$1.055,26
7962;2464;Credit Card;28.12.2025;-$5.756,73
7963;2464;Savings;19.02.2026;$28.780,24
7964;2465;Savings;18.04.2025;$44.809,23
7965;2465;Credit Card;14.01.2025;-$5.229,03
7966;2466;Savings;1.08.2024;$8.426,97
7967;2466;Credit Card;26.08.2024;-$575,88
7968;2466;Checking;29.05.2024;$8.391,29
7969;2467;Savings;3.05.2023;$35.127,32
7970;2467;Checking;4.03.2023;$4.398,27
7971;2468;Credit Card;1.02.2024;-$3.188,44
7972;2468;Checking;4.12.2023;$16.468,27
7973;2469;Credit Card;25.02.2024;-$7,86
7974;2469;Savings;19.02.2024;$93.665,41
7975;2469;Checking;29.04.2024;$9.319,88
7976;2470;Credit Card;10.07.2023;-$1.403,20
7977;2470;Checking;13.05.2023;$10.445,67
7978;2470;Savings;1.08.2023;$99.959,68
7979;2471;Checking;26.10.2024;$5.546,02
7980;2471;Savings;15.08.2024;$41.705,67
7981;2471;Credit Card;11.01.2025;-$3.271,08
7982;2472;Checking;15.06.2023;$17.516,84
7983;2472;Credit Card;14.08.2023;-$4.792,82
7984;2472;Savings;27.03.2023;$84.563,18
7985;2473;Checking;22.01.2024;$14.597,59
7986;2473;Credit Card;25.03.2024;-$2.212,49
7987;2474;Checking;11.08.2024;$17.445,24
7988;2474;Savings;2.05.2024;$27.500,56
7989;2474;Credit Card;27.08.2024;-$1.673,05
7990;2475;Checking;10.05.2025;$15.822,21
7991;2476;Credit Card;2.12.2024;-$1.848,28
7992;2476;Checking;28.09.2024;$19.296,77
7993;2476;Savings;22.09.2024;$34.018,45
7994;2477;Credit Card;7.12.2024;-$904,70
7995;2477;Savings;4.03.2025;$52.570,96
7996;2477;Checking;2.10.2024;$6.436,51
7997;2478;Checking;21.04.2025;$824,54
7998;2478;Credit Card;5.11.2024;-$1.440,52
7999;2478;Savings;25.11.2024;$25.515,52
8000;2479;Savings;19.03.2023;$54.730,23
8001;2479;Credit Card;20.06.2023;-$6.850,94
8002;2480;Credit Card;17.10.2025;-$1.585,40
8003;2480;Savings;26.10.2025;$81.468,13
8004;2480;Checking;3.09.2025;$19.484,21
8005;2481;Checking;21.11.2024;$2.614,00
8006;2482;Checking;22.03.2026;$13.421,81
8007;2482;Credit Card;19.03.2026;-$5.798,00
8008;2482;Savings;5.03.2026;$11.220,01
8009;2483;Credit Card;15.10.2023;-$4.109,64
8010;2483;Savings;5.07.2023;$105.159,10
8011;2483;Checking;20.09.2023;$14.338,26
8012;2484;Credit Card;6.11.2024;-$882,79
8013;2484;Checking;29.07.2024;$16.359,08
8014;2485;Savings;25.10.2023;$47.825,04
8015;2485;Checking;14.02.2024;$18.320,02
8016;2486;Checking;27.11.2023;$10.575,43
8017;2486;Credit Card;10.01.2024;-$723,10
8018;2487;Credit Card;11.07.2025;-$2.701,64
8019;2487;Checking;15.06.2025;$19.196,17
8020;2487;Savings;17.02.2025;$88.108,29
8021;2488;Checking;24.07.2023;$11.916,35
8022;2488;Credit Card;12.05.2023;-$4.050,46
8023;2488;Savings;28.05.2023;$81.519,72
8024;2489;Savings;12.11.2025;$9.228,24
8025;2489;Checking;6.10.2025;$14.484,08
8026;2490;Credit Card;7.07.2023;-$4.990,62
8027;2490;Savings;31.08.2023;$77.194,12
8028;2490;Checking;12.10.2023;$19.574,31
8029;2491;Checking;30.01.2026;$15.426,34
8030;2491;Credit Card;22.02.2026;-$3.072,47
8031;2491;Savings;1.05.2026;$13.916,47
8032;2492;Credit Card;8.10.2025;-$4.369,73
8033;2493;Checking;4.05.2024;$15.770,11
8034;2493;Savings;15.03.2024;$98.972,68
8035;2493;Credit Card;8.05.2024;-$3.378,93
8036;2494;Savings;5.11.2023;$80.452,14
8037;2494;Checking;22.02.2024;$1.426,01
8038;2494;Credit Card;5.11.2023;-$51,13
8039;2495;Savings;23.05.2025;$41.362,44
8040;2495;Credit Card;30.04.2025;-$4.804,22
8041;2495;Checking;30.01.2025;$10.581,81
8042;2496;Checking;9.01.2026;$9.354,41
8043;2497;Credit Card;21.11.2024;-$2.621,48
8044;2497;Checking;20.01.2025;$17.523,47
8045;2497;Savings;19.11.2024;$67.738,77
8046;2498;Savings;3.12.2025;$35.125,07
8047;2499;Savings;7.06.2023;$16.682,45
8048;2500;Savings;12.12.2025;$39.428,57
8049;2500;Credit Card;1.05.2026;-$166,94
8050;2500;Checking;1.05.2026;$8.003,43
8051;2501;Savings;3.01.2024;$92.863,33
8052;2501;Credit Card;12.04.2024;-$6.925,77
8053;2501;Checking;26.11.2023;$19.021,67
8054;2502;Checking;23.04.2025;$2.869,15
8055;2502;Savings;28.05.2025;$48.739,75
8056;2502;Credit Card;20.01.2025;-$3.177,82
8057;2503;Savings;8.02.2025;$10.526,72
8058;2504;Credit Card;15.12.2024;-$1.977,48
8059;2504;Checking;9.02.2025;$17.285,15
8060;2505;Credit Card;1.05.2026;-$6.643,83
8061;2505;Checking;1.05.2026;$17.691,05
8062;2505;Savings;16.04.2026;$65.485,24
8063;2506;Checking;16.07.2025;$16.604,01
8064;2507;Credit Card;12.11.2025;-$3.639,37
8065;2508;Credit Card;1.05.2026;-$3.119,83
8066;2509;Checking;16.09.2024;$13.637,51
8067;2510;Credit Card;22.02.2026;-$3.215,87
8068;2510;Checking;7.04.2026;$3.420,02
8069;2510;Savings;14.03.2026;$6.909,98
8070;2511;Checking;25.02.2025;$7.863,62
8071;2511;Savings;4.04.2025;$103.193,61
8072;2512;Savings;4.07.2023;$113.538,61
8073;2512;Credit Card;8.08.2023;-$236,64
8074;2512;Checking;28.06.2023;$13.219,41
8075;2513;Checking;7.01.2025;$19.462,47
8076;2513;Savings;19.01.2025;$65.363,04
8077;2514;Savings;1.05.2026;$98.843,63
8078;2514;Checking;19.03.2026;$18.162,86
8079;2515;Checking;1.05.2026;$5.397,04
8080;2516;Credit Card;28.10.2025;-$700,43
8081;2516;Checking;25.11.2025;$19.632,08
8082;2516;Savings;25.09.2025;$75.201,49
8083;2517;Credit Card;16.09.2025;-$830,65
8084;2518;Savings;13.06.2025;$44.147,81
8085;2518;Checking;4.07.2025;$8.791,26
8086;2518;Credit Card;12.10.2025;-$5.026,22
8087;2519;Savings;3.07.2024;$78.987,83
8088;2519;Credit Card;31.07.2024;-$3.839,70
8089;2519;Checking;10.08.2024;$7.808,68
8090;2520;Credit Card;30.01.2024;-$3.722,39
8091;2520;Checking;17.01.2024;$11.555,64
8092;2520;Savings;9.04.2024;$66.576,01
8093;2521;Savings;11.04.2023;$59.581,73
8094;2522;Checking;25.03.2023;$6.738,62
8095;2522;Credit Card;29.03.2023;-$5.752,61
8096;2523;Credit Card;7.01.2025;-$2.170,93
8097;2524;Savings;11.05.2025;$81.879,48
8098;2524;Credit Card;21.05.2025;-$2.828,87
8099;2525;Checking;30.11.2025;$2.114,80
8100;2526;Checking;10.05.2023;$11.519,20
8101;2526;Credit Card;4.07.2023;-$1.540,32
8102;2527;Checking;19.12.2023;$5.626,72
8103;2528;Checking;11.12.2023;$5.943,23
8104;2529;Savings;7.03.2026;$7.287,98
8105;2530;Credit Card;15.09.2023;-$4.770,53
8106;2531;Savings;9.07.2025;$34.682,10
8107;2532;Savings;14.03.2026;$72.231,15
8108;2532;Credit Card;4.04.2026;-$4.028,73
8109;2533;Credit Card;2.12.2025;-$4.812,39
8110;2533;Savings;12.11.2025;$115.934,54
8111;2533;Checking;15.10.2025;$17.266,86
8112;2534;Credit Card;4.06.2024;-$1.117,15
8113;2534;Savings;25.02.2024;$25.996,21
8114;2535;Credit Card;23.12.2024;-$1.789,75
8115;2536;Savings;14.03.2024;$67.996,37
8116;2536;Credit Card;27.10.2023;-$5.988,48
8117;2536;Checking;8.02.2024;$14.970,03
8118;2537;Savings;15.01.2025;$18.323,08
8119;2538;Savings;23.08.2025;$100.491,79
8120;2538;Checking;24.12.2025;$19.906,91
8121;2538;Credit Card;9.12.2025;-$6.616,26
8122;2539;Checking;30.12.2025;$8.711,85
8123;2539;Credit Card;1.11.2025;-$6.739,92
8124;2540;Checking;30.12.2025;$17.929,15
8125;2540;Credit Card;25.11.2025;-$4.437,60
8126;2541;Checking;31.07.2025;$17.470,88
8127;2541;Savings;2.05.2025;$14.108,45
8128;2542;Credit Card;2.09.2025;-$6.989,98
8129;2542;Savings;20.09.2025;$62.102,64
8130;2542;Checking;1.11.2025;$5.891,99
8131;2543;Credit Card;5.02.2024;-$1.681,92
8132;2544;Credit Card;25.05.2024;-$6.597,08
8133;2545;Savings;14.10.2025;$30.421,52
8134;2545;Credit Card;25.01.2026;-$4.234,50
8135;2546;Credit Card;5.08.2025;-$6.695,85
8136;2546;Checking;30.07.2025;$19.167,47
8137;2546;Savings;8.12.2025;$82.620,82
8138;2547;Credit Card;27.06.2023;-$6.972,90
8139;2548;Credit Card;5.04.2026;-$5.676,19
8140;2548;Checking;21.03.2026;$19.298,18
8141;2548;Savings;1.05.2026;$38.856,54
8142;2549;Savings;23.04.2026;$22.120,93
8143;2550;Credit Card;16.10.2023;-$3.405,21
8144;2550;Checking;16.10.2023;$13.839,72
8145;2550;Savings;21.08.2023;$63.981,86
8146;2551;Checking;28.12.2025;$15.283,08
8147;2551;Savings;7.03.2026;$104.843,07
8148;2551;Credit Card;11.11.2025;-$4.621,59
8149;2552;Savings;26.08.2023;$110.759,30
8150;2552;Credit Card;3.08.2023;-$2.821,99
8151;2553;Credit Card;17.06.2025;-$5.077,42
8152;2554;Credit Card;15.11.2024;-$5.056,48
8153;2554;Checking;6.04.2025;$11.909,90
8154;2555;Credit Card;2.09.2023;-$1.820,00
8155;2555;Checking;17.01.2024;$9.914,90
8156;2556;Credit Card;21.12.2024;-$4.597,82
8157;2556;Checking;3.04.2025;$6.211,03
8158;2556;Savings;20.03.2025;$92.758,66
8159;2557;Credit Card;16.01.2026;-$3.578,25
8160;2557;Savings;31.12.2025;$116.164,79
8161;2557;Checking;29.01.2026;$14.672,57
8162;2558;Checking;5.08.2024;$16.453,51
8163;2558;Savings;18.02.2024;$73.457,52
8164;2559;Checking;21.10.2025;$3.211,28
8165;2559;Credit Card;11.10.2025;-$5.573,60
8166;2560;Savings;21.02.2023;$46.172,74
8167;2561;Checking;6.07.2023;$1.991,60
8168;2561;Savings;6.09.2023;$89.549,76
8169;2562;Savings;1.09.2024;$71.067,66
8170;2563;Savings;12.07.2025;$74.282,65
8171;2563;Checking;20.07.2025;$17.610,54
8172;2564;Credit Card;1.05.2026;-$467,85
8173;2564;Savings;1.05.2026;$24.195,54
8174;2564;Checking;16.02.2026;$17.011,48
8175;2565;Checking;16.12.2024;$10.329,16
8176;2565;Credit Card;16.10.2024;-$6.652,21
8177;2566;Credit Card;4.04.2024;-$3.555,68
8178;2566;Checking;7.07.2024;$15.916,98
8179;2567;Credit Card;3.12.2023;-$5.257,65
8180;2568;Checking;18.06.2025;$6.607,46
8181;2569;Checking;3.03.2026;$2.547,28
8182;2569;Savings;1.05.2026;$95.944,09
8183;2569;Credit Card;1.05.2026;-$6.088,78
8184;2570;Savings;5.02.2025;$29.610,80
8185;2570;Credit Card;18.10.2024;-$1.768,55
8186;2570;Checking;28.03.2025;$7.267,20
8187;2571;Savings;6.10.2024;$77.731,71
8188;2571;Credit Card;11.12.2024;-$4.635,24
8189;2572;Savings;11.09.2024;$77.851,25
8190;2573;Savings;2.12.2025;$110.166,42
8191;2573;Checking;27.10.2025;$8.970,42
8192;2574;Credit Card;6.10.2024;-$1.892,14
8193;2574;Savings;19.09.2024;$79.069,39
8194;2575;Credit Card;13.12.2025;-$3.361,65
8195;2575;Checking;19.11.2025;$12.931,19
8196;2576;Checking;4.12.2024;$16.283,05
8197;2577;Savings;19.03.2026;$115.987,75
8198;2577;Credit Card;1.05.2026;-$60,53
8199;2577;Checking;1.05.2026;$4.298,67
8200;2578;Credit Card;7.01.2023;-$5.996,31
8201;2579;Credit Card;4.10.2025;-$2.435,25
8202;2579;Savings;24.10.2025;$65.199,93
8203;2580;Checking;1.07.2025;$12.281,75
8204;2580;Credit Card;14.02.2025;-$4.078,23
8205;2581;Checking;18.10.2025;$4.038,98
8206;2581;Credit Card;20.12.2025;-$526,06
8207;2582;Checking;29.07.2025;$16.879,49
8208;2582;Credit Card;3.08.2025;-$5.919,10
8209;2582;Savings;8.07.2025;$95.891,01
8210;2583;Checking;27.02.2024;$8.656,68
8211;2584;Savings;31.05.2025;$13.447,66
8212;2584;Credit Card;20.06.2025;-$1.674,44
8213;2585;Savings;8.09.2024;$18.653,79
8214;2585;Credit Card;30.11.2024;-$3.690,34
8215;2586;Credit Card;20.11.2024;-$1.890,46
8216;2587;Savings;22.12.2025;$114.572,96
8217;2587;Credit Card;23.11.2025;-$1.044,62
8218;2587;Checking;18.01.2026;$13.431,03
8219;2588;Savings;3.06.2025;$111.947,14
8220;2588;Credit Card;1.09.2025;-$3.882,43
8221;2588;Checking;19.04.2025;$6.160,92
8222;2589;Checking;20.11.2023;$14.498,66
8223;2589;Savings;3.11.2023;$97.111,87
8224;2590;Savings;9.05.2025;$40.052,78
8225;2590;Credit Card;15.05.2025;-$6.636,00
8226;2591;Checking;21.03.2025;$6.158,67
8227;2592;Credit Card;2.11.2023;-$1.177,87
8228;2592;Savings;18.01.2024;$118.565,60
8229;2592;Checking;20.12.2023;$2.625,26
8230;2593;Savings;17.06.2025;$56.935,15
8231;2593;Credit Card;20.09.2025;-$6.678,38
8232;2593;Checking;1.11.2025;$8.070,04
8233;2594;Checking;1.05.2026;$6.588,62
8234;2594;Credit Card;1.05.2026;-$3.049,08
8235;2594;Savings;16.04.2026;$73.854,19
8236;2595;Checking;25.08.2024;$15.874,24
8237;2595;Savings;12.11.2024;$17.803,87
8238;2596;Credit Card;22.01.2024;-$3.175,89
8239;2596;Checking;22.01.2024;$18.047,28
8240;2597;Savings;4.01.2026;$51.614,78
8241;2597;Credit Card;8.11.2025;-$1.680,35
8242;2597;Checking;11.11.2025;$16.215,98
8243;2598;Savings;18.09.2023;$108.633,78
8244;2599;Checking;26.12.2023;$13.033,28
8245;2600;Checking;28.12.2025;$13.567,54
8246;2601;Savings;29.10.2024;$58.118,18
8247;2601;Checking;13.09.2024;$12.965,18
8248;2601;Credit Card;25.10.2024;-$6.712,61
8249;2602;Credit Card;24.03.2025;-$3.846,16
8250;2603;Credit Card;19.08.2025;-$125,54
8251;2604;Credit Card;15.10.2024;-$4.514,07
8252;2605;Savings;9.03.2026;$20.621,14
8253;2605;Credit Card;2.02.2026;-$2.602,63
8254;2606;Checking;1.05.2026;$1.508,92
8255;2606;Credit Card;1.05.2026;-$2.988,44
8256;2607;Savings;1.05.2026;$77.782,03
8257;2607;Credit Card;1.05.2026;-$457,28
8258;2607;Checking;1.05.2026;$13.647,36
8259;2608;Checking;1.05.2026;$18.754,48
8260;2609;Checking;4.12.2025;$4.762,65
8261;2609;Credit Card;26.11.2025;-$5.709,40
8262;2610;Checking;23.05.2024;$15.467,20
8263;2611;Credit Card;21.09.2025;-$2.662,53
8264;2611;Savings;10.09.2025;$72.508,66
8265;2611;Checking;19.08.2025;$2.242,62
8266;2612;Credit Card;8.03.2025;-$1.038,29
8267;2613;Credit Card;25.05.2025;-$1.990,10
8268;2613;Savings;9.05.2025;$9.883,23
8269;2613;Checking;26.05.2025;$2.709,54
8270;2614;Credit Card;21.05.2025;-$1.774,57
8271;2614;Checking;8.09.2025;$10.325,60
8272;2614;Savings;4.07.2025;$102.088,64
8273;2615;Checking;29.05.2023;$18.299,22
8274;2615;Savings;13.05.2023;$7.977,75
8275;2615;Credit Card;25.02.2023;-$6.154,68
8276;2616;Credit Card;16.07.2024;-$6.334,49
8277;2616;Checking;23.05.2024;$6.601,36
8278;2616;Savings;9.07.2024;$114.542,13
8279;2617;Checking;25.05.2025;$14.547,68
8280;2617;Savings;16.02.2025;$104.037,46
8281;2618;Savings;5.03.2024;$55.544,74
8282;2618;Credit Card;27.02.2024;-$6.762,72
8283;2618;Checking;23.06.2024;$600,89
8284;2619;Savings;29.03.2026;$110.377,48
8285;2620;Checking;23.12.2025;$6.121,49
8286;2621;Credit Card;26.07.2025;-$1.862,79
8287;2621;Savings;2.08.2025;$79.941,43
8288;2621;Checking;27.10.2025;$12.595,96
8289;2622;Checking;17.05.2025;$13.413,86
8290;2622;Savings;24.05.2025;$82.638,92
8291;2623;Credit Card;17.03.2025;-$3.117,22
8292;2623;Checking;8.05.2025;$4.451,47
8293;2624;Credit Card;6.08.2023;-$2.556,18
8294;2625;Checking;28.11.2023;$8.494,45
8295;2625;Credit Card;21.08.2023;-$2.477,88
8296;2625;Savings;14.11.2023;$100.956,40
8297;2626;Savings;3.02.2026;$100.519,87
8298;2626;Checking;24.12.2025;$1.447,42
8299;2627;Credit Card;27.11.2023;-$1.680,33
8300;2627;Savings;3.01.2024;$68.326,37
8301;2628;Savings;10.11.2025;$62.387,45
8302;2629;Checking;25.08.2023;$14.040,60
8303;2629;Credit Card;25.07.2023;-$946,96
8304;2629;Savings;9.08.2023;$8.735,32
8305;2630;Savings;10.05.2023;$16.086,73
8306;2630;Credit Card;13.08.2023;-$6.666,56
8307;2631;Savings;13.03.2023;$82.313,29
8308;2631;Checking;26.04.2023;$589,23
8309;2632;Checking;26.01.2024;$10.384,75
8310;2632;Credit Card;12.09.2023;-$5.171,10
8311;2632;Savings;14.08.2023;$81.290,33
8312;2633;Checking;9.01.2024;$7.114,06
8313;2633;Credit Card;18.03.2024;-$2.302,68
8314;2634;Credit Card;20.08.2023;-$6.501,13
8315;2634;Savings;9.09.2023;$36.848,33
8316;2634;Checking;5.10.2023;$2.062,50
8317;2635;Credit Card;14.05.2023;-$5.512,58
8318;2635;Savings;7.05.2023;$19.871,57
8319;2636;Checking;7.12.2025;$2.500,11
8320;2636;Credit Card;18.10.2025;-$1.735,56
8321;2636;Savings;10.09.2025;$24.248,26
8322;2637;Savings;6.10.2024;$11.301,71
8323;2637;Checking;31.12.2024;$7.663,62
8324;2637;Credit Card;11.09.2024;-$4.322,09
8325;2638;Checking;17.09.2023;$2.093,73
8326;2638;Credit Card;11.09.2023;-$365,11
8327;2638;Savings;13.12.2023;$50.294,85
8328;2639;Checking;30.12.2025;$8.744,34
8329;2639;Credit Card;8.02.2026;-$3.561,78
8330;2640;Credit Card;21.12.2025;-$4.184,29
8331;2640;Savings;1.12.2025;$111.836,33
8332;2640;Checking;2.11.2025;$7.096,68
8333;2641;Savings;30.03.2025;$31.046,60
8334;2641;Checking;25.05.2025;$16.787,12
8335;2641;Credit Card;13.03.2025;-$6.485,02
8336;2642;Credit Card;6.12.2025;-$5.036,15
8337;2642;Checking;12.03.2026;$7.811,18
8338;2643;Credit Card;13.03.2023;-$4.601,04
8339;2643;Checking;29.07.2023;$5.438,56
8340;2643;Savings;22.03.2023;$28.126,41
8341;2644;Credit Card;26.03.2024;-$1.241,78
8342;2644;Checking;18.04.2024;$17.777,77
8343;2645;Checking;12.04.2023;$3.471,62
8344;2645;Credit Card;15.02.2023;-$4.544,32
8345;2645;Savings;15.02.2023;$115.795,40
8346;2646;Savings;19.11.2025;$69.259,47
8347;2646;Credit Card;1.02.2026;-$691,47
8348;2646;Checking;7.10.2025;$2.255,12
8349;2647;Checking;20.07.2023;$11.929,61
8350;2647;Savings;27.05.2023;$15.195,93
8351;2647;Credit Card;12.05.2023;-$4.129,31
8352;2648;Credit Card;20.05.2024;-$4.296,62
8353;2649;Checking;11.02.2024;$11.860,36
8354;2649;Savings;24.10.2023;$106.345,66
8355;2649;Credit Card;24.02.2024;-$1.518,79
8356;2650;Credit Card;17.07.2024;-$108,46
8357;2650;Savings;14.09.2024;$43.886,04
8358;2651;Credit Card;30.05.2023;-$3.519,87
8359;2652;Credit Card;23.10.2023;-$811,18
8360;2652;Checking;23.09.2023;$8.668,93
8361;2653;Credit Card;13.03.2024;-$1.597,18
8362;2654;Savings;1.05.2026;$36.179,75
8363;2654;Credit Card;9.03.2026;-$4.876,24
8364;2654;Checking;1.05.2026;$18.059,21
8365;2655;Checking;7.09.2025;$6.921,00
8366;2655;Savings;7.06.2025;$49.520,71
8367;2656;Checking;18.07.2024;$16.777,75
8368;2657;Savings;22.06.2025;$31.332,13
8369;2657;Checking;10.07.2025;$6.535,36
8370;2657;Credit Card;3.08.2025;-$716,59
8371;2658;Savings;20.05.2023;$83.716,24
8372;2658;Checking;8.09.2023;$3.088,61
8373;2659;Checking;10.12.2023;$4.082,25
8374;2659;Savings;11.03.2024;$5.297,68
8375;2660;Savings;8.07.2024;$119.157,03
8376;2661;Checking;10.12.2023;$453,94
8377;2662;Savings;28.03.2024;$70.513,25
8378;2662;Credit Card;14.03.2024;-$6.993,32
8379;2662;Checking;19.04.2024;$15.048,60
8380;2663;Credit Card;28.05.2025;-$6.923,76
8381;2663;Checking;27.05.2025;$11.458,85
8382;2664;Credit Card;9.08.2024;-$4.736,14
8383;2664;Checking;26.07.2024;$18.593,53
8384;2665;Credit Card;4.06.2023;-$5.415,36
8385;2666;Savings;3.09.2025;$79.049,10
8386;2667;Credit Card;28.07.2023;-$4.740,58
8387;2667;Savings;12.04.2023;$28.784,26
8388;2668;Checking;1.05.2026;$16.543,38
8389;2669;Savings;15.02.2025;$77.171,36
8390;2670;Credit Card;16.05.2025;-$2.741,75
8391;2670;Savings;23.03.2025;$31.909,94
8392;2671;Savings;5.10.2024;$33.259,41
8393;2672;Savings;12.09.2025;$72.325,98
8394;2673;Savings;7.01.2024;$64.360,23
8395;2673;Checking;27.02.2024;$19.173,21
8396;2673;Credit Card;14.02.2024;-$1.449,03
8397;2674;Credit Card;20.08.2025;-$181,03
8398;2674;Savings;14.11.2025;$9.014,33
8399;2675;Credit Card;7.12.2024;-$2.940,26
8400;2675;Savings;14.02.2025;$94.801,72
8401;2675;Checking;4.02.2025;$19.806,05
8402;2676;Checking;5.02.2024;$14.103,46
8403;2676;Savings;15.03.2024;$115.363,48
8404;2676;Credit Card;8.05.2024;-$895,84
8405;2677;Credit Card;18.11.2024;-$4.151,88
8406;2677;Savings;10.01.2025;$102.750,02
8407;2677;Checking;23.11.2024;$18.480,02
8408;2678;Credit Card;15.05.2024;-$383,08
8409;2678;Checking;14.03.2024;$3.627,28
8410;2679;Savings;27.08.2025;$84.605,17
8411;2679;Credit Card;25.10.2025;-$1.696,28
8412;2679;Checking;5.10.2025;$9.078,84
8413;2680;Credit Card;15.08.2025;-$378,78
8414;2681;Checking;4.03.2025;$19.831,48
8415;2681;Credit Card;27.03.2025;-$2.779,44
8416;2682;Credit Card;20.02.2024;-$581,65
8417;2682;Checking;2.11.2023;$19.900,39
8418;2683;Credit Card;13.11.2023;-$4.690,51
8419;2684;Checking;25.03.2026;$5.022,20
8420;2684;Savings;1.05.2026;$20.481,53
8421;2685;Checking;31.07.2024;$10.709,83
8422;2686;Credit Card;6.09.2023;-$6.154,61
8423;2686;Savings;22.11.2023;$105.411,19
8424;2686;Checking;15.11.2023;$808,87
8425;2687;Credit Card;17.06.2023;-$5.230,16
8426;2688;Savings;30.08.2024;$49.348,57
8427;2688;Credit Card;11.09.2024;-$4.711,31
8428;2688;Checking;14.09.2024;$4.587,38
8429;2689;Savings;1.04.2026;$15.416,67
8430;2689;Checking;1.05.2026;$6.257,11
8431;2690;Checking;28.08.2023;$4.897,44
8432;2690;Credit Card;7.07.2023;-$225,83
8433;2691;Savings;12.04.2026;$73.622,21
8434;2691;Checking;10.12.2025;$1.840,46
8435;2692;Credit Card;1.05.2026;-$4.797,48
8436;2692;Savings;1.05.2026;$103.488,65
8437;2693;Credit Card;29.06.2024;-$1.236,85
8438;2693;Savings;27.03.2024;$53.061,27
8439;2693;Checking;26.02.2024;$16.072,48
8440;2694;Checking;6.04.2025;$9.309,64
8441;2694;Savings;3.06.2025;$23.874,85
8442;2695;Savings;10.02.2023;$113.704,80
8443;2696;Savings;29.05.2024;$11.383,31
8444;2696;Credit Card;6.04.2024;-$1.670,30
8445;2696;Checking;16.05.2024;$4.377,29
8446;2697;Savings;22.05.2024;$41.368,71
8447;2697;Credit Card;24.06.2024;-$2.844,22
8448;2698;Credit Card;27.01.2026;-$120,00
8449;2698;Checking;12.01.2026;$1.928,93
8450;2698;Savings;23.02.2026;$75.087,00
8451;2699;Savings;9.03.2026;$17.701,53
8452;2699;Checking;9.01.2026;$439,05
8453;2699;Credit Card;2.04.2026;-$3.544,12
8454;2700;Credit Card;7.01.2026;-$2.580,50
8455;2701;Checking;22.03.2024;$15.730,31
8456;2702;Credit Card;9.10.2025;-$6.492,90
8457;2702;Savings;19.12.2025;$89.807,09
8458;2702;Checking;28.09.2025;$9.557,81
8459;2703;Savings;1.02.2025;$19.516,25
8460;2703;Credit Card;6.12.2024;-$4.665,00
8461;2704;Credit Card;29.06.2023;-$6.428,04
8462;2704;Checking;31.05.2023;$16.307,04
8463;2704;Savings;3.05.2023;$107.935,24
8464;2705;Savings;1.05.2026;$93.047,30
8465;2705;Credit Card;16.12.2025;-$2.512,71
8466;2706;Checking;1.05.2026;$15.894,91
8467;2706;Savings;1.05.2026;$77.024,31
8468;2707;Savings;23.10.2023;$69.623,34
8469;2707;Checking;30.10.2023;$9.508,34
8470;2708;Credit Card;18.12.2025;-$2.799,77
8471;2708;Checking;2.03.2026;$17.118,52
8472;2709;Checking;1.05.2026;$6.132,63
8473;2709;Savings;12.01.2026;$54.399,30
8474;2710;Checking;11.01.2026;$11.905,27
8475;2711;Savings;1.11.2024;$92.705,35
8476;2712;Savings;14.04.2025;$69.538,95
8477;2712;Checking;21.06.2025;$7.633,79
8478;2713;Savings;6.08.2024;$101.672,40
8479;2713;Checking;5.04.2024;$7.625,81
8480;2713;Credit Card;7.06.2024;-$6.428,29
8481;2714;Savings;15.06.2023;$112.239,60
8482;2715;Checking;12.04.2024;$763,10
8483;2716;Credit Card;1.05.2026;-$6.266,49
8484;2716;Checking;16.04.2026;$15.214,49
8485;2717;Savings;1.05.2026;$85.371,63
8486;2718;Checking;30.12.2024;$11.535,70
8487;2719;Savings;9.10.2024;$91.168,81
8488;2720;Savings;15.10.2025;$38.062,51
8489;2720;Credit Card;16.12.2025;-$1.781,48
8490;2720;Checking;26.09.2025;$16.789,62
8491;2721;Checking;11.04.2024;$2.424,82
8492;2721;Savings;26.03.2024;$13.737,90
8493;2721;Credit Card;9.04.2024;-$1.752,33
8494;2722;Credit Card;26.01.2025;-$5.124,03
8495;2722;Savings;25.10.2024;$54.795,44
8496;2722;Checking;12.10.2024;$8.174,71
8497;2723;Savings;14.05.2024;$55.982,92
8498;2723;Checking;18.05.2024;$10.315,32
8499;2724;Savings;14.02.2023;$87.646,32
8500;2724;Credit Card;30.06.2023;-$6.033,17
8501;2724;Checking;10.06.2023;$12.703,73
8502;2725;Credit Card;24.03.2024;-$1.357,51
8503;2725;Checking;29.04.2024;$4.768,80
8504;2726;Savings;8.04.2026;$46.663,98
8505;2727;Savings;2.09.2023;$52.773,24
8506;2728;Checking;8.02.2023;$3.573,95
8507;2729;Credit Card;20.02.2023;-$1.813,58
8508;2729;Checking;5.06.2023;$10.678,29
8509;2730;Credit Card;15.07.2023;-$2.193,96
8510;2731;Credit Card;25.03.2025;-$4.348,90
8511;2731;Savings;29.01.2025;$74.191,51
8512;2731;Checking;4.01.2025;$18.689,91
8513;2732;Savings;1.05.2026;$78.103,66
8514;2732;Credit Card;1.05.2026;-$36,62
8515;2732;Checking;1.05.2026;$8.595,50
8516;2733;Credit Card;25.04.2026;-$962,58
8517;2733;Savings;1.05.2026;$58.258,12
8518;2733;Checking;1.05.2026;$5.059,04
8519;2734;Checking;22.11.2023;$4.037,20
8520;2735;Checking;2.07.2024;$18.295,55
8521;2736;Savings;7.06.2024;$50.261,03
8522;2736;Checking;4.09.2024;$13.831,82
8523;2737;Credit Card;17.02.2024;-$5.804,13
8524;2737;Checking;2.02.2024;$7.913,31
8525;2737;Savings;1.04.2024;$14.302,90
8526;2738;Credit Card;3.03.2026;-$4.977,27
8527;2738;Savings;13.12.2025;$86.125,53
8528;2739;Credit Card;3.12.2025;-$2.278,39
8529;2739;Checking;27.10.2025;$5.359,74
8530;2739;Savings;8.12.2025;$68.370,88
8531;2740;Credit Card;9.02.2025;-$2.151,25
8532;2740;Savings;22.12.2024;$5.903,57
8533;2741;Checking;12.12.2024;$18.758,69
8534;2741;Savings;7.01.2025;$80.869,48
8535;2741;Credit Card;3.02.2025;-$2.807,17
8536;2742;Savings;9.06.2023;$11.050,19
8537;2743;Savings;2.02.2024;$6.818,49
8538;2743;Credit Card;7.01.2024;-$4.381,82
8539;2743;Checking;20.06.2024;$5.008,17
8540;2744;Savings;22.06.2024;$107.739,70
8541;2744;Credit Card;11.02.2024;-$6.113,44
8542;2745;Checking;15.11.2025;$8.098,54
8543;2746;Savings;19.01.2025;$95.111,56
8544;2746;Checking;29.09.2024;$9.340,53
8545;2747;Credit Card;10.04.2025;-$5.990,75
8546;2748;Savings;3.09.2023;$72.181,20
8547;2749;Savings;18.02.2025;$103.180,06
8548;2750;Checking;22.08.2023;$10.472,09
8549;2750;Credit Card;10.08.2023;-$4.209,41
8550;2751;Credit Card;17.09.2024;-$6.307,34
8551;2751;Savings;5.09.2024;$11.351,98
8552;2752;Savings;4.10.2025;$119.125,20
8553;2753;Credit Card;23.02.2025;-$5.249,96
8554;2753;Savings;13.02.2025;$6.474,28
8555;2754;Checking;2.11.2023;$12.492,53
8556;2755;Checking;26.04.2025;$6.365,96
8557;2755;Savings;23.05.2025;$13.022,26
8558;2755;Credit Card;19.03.2025;-$4.953,74
8559;2756;Checking;12.08.2025;$13.784,72
8560;2756;Credit Card;24.07.2025;-$42,06
8561;2756;Savings;18.05.2025;$108.934,25
8562;2757;Credit Card;2.07.2023;-$3.948,67
8563;2758;Credit Card;8.09.2023;-$1.416,35
8564;2758;Checking;16.09.2023;$15.229,28
8565;2759;Savings;29.04.2025;$53.161,42
8566;2760;Credit Card;8.06.2024;-$2.622,89
8567;2761;Credit Card;9.03.2026;-$134,79
8568;2762;Savings;3.11.2025;$24.019,99
8569;2762;Credit Card;26.01.2026;-$4.850,25
8570;2763;Credit Card;13.02.2023;-$1.000,71
8571;2763;Checking;12.03.2023;$8.399,63
8572;2763;Savings;4.07.2023;$96.763,08
8573;2764;Credit Card;2.10.2024;-$6.270,23
8574;2764;Checking;24.09.2024;$11.183,13
8575;2764;Savings;3.11.2024;$12.853,22
8576;2765;Credit Card;14.07.2025;-$5.508,78
8577;2766;Savings;16.10.2025;$73.785,29
8578;2766;Credit Card;2.06.2025;-$1.978,30
8579;2766;Checking;14.11.2025;$10.067,43
8580;2767;Checking;12.03.2024;$3.789,57
8581;2767;Credit Card;21.01.2024;-$2.175,32
8582;2767;Savings;21.12.2023;$8.963,17
8583;2768;Checking;1.05.2026;$3.060,64
8584;2768;Savings;25.04.2026;$76.087,19
8585;2769;Savings;9.06.2023;$109.055,94
8586;2769;Checking;2.11.2023;$5.431,02
8587;2770;Credit Card;14.07.2025;-$267,54
8588;2771;Credit Card;30.03.2024;-$5.001,89
8589;2771;Checking;29.02.2024;$9.470,14
8590;2771;Savings;27.04.2024;$81.918,77
8591;2772;Credit Card;27.01.2026;-$5.751,82
8592;2772;Savings;20.02.2026;$17.366,18
8593;2772;Checking;28.02.2026;$10.889,17
8594;2773;Credit Card;26.10.2024;-$1.988,99
8595;2773;Savings;26.08.2024;$10.303,33
8596;2774;Credit Card;16.11.2024;-$6.715,90
8597;2774;Savings;23.04.2025;$56.512,89
8598;2774;Checking;31.12.2024;$15.955,66
8599;2775;Savings;1.05.2026;$61.907,23
8600;2775;Checking;1.05.2026;$10.170,61
8601;2776;Savings;29.03.2025;$55.938,80
8602;2776;Checking;20.10.2024;$9.921,49
8603;2776;Credit Card;17.01.2025;-$2.097,66
8604;2777;Savings;29.08.2024;$22.328,46
8605;2778;Checking;17.03.2025;$17.582,35
8606;2778;Savings;10.04.2025;$38.934,13
8607;2779;Checking;1.02.2024;$7.839,24
8608;2779;Savings;19.03.2024;$78.215,66
8609;2779;Credit Card;24.03.2024;-$6.362,32
8610;2780;Credit Card;10.04.2026;-$3.681,66
8611;2780;Checking;1.05.2026;$14.249,07
8612;2781;Savings;11.10.2023;$20.212,30
8613;2782;Checking;1.05.2026;$12.453,97
8614;2782;Savings;23.04.2026;$48.711,59
8615;2783;Checking;23.06.2024;$13.044,50
8616;2784;Checking;24.04.2024;$6.298,40
8617;2784;Savings;19.06.2024;$96.392,85
8618;2784;Credit Card;15.07.2024;-$4.241,24
8619;2785;Credit Card;23.11.2024;-$241,32
8620;2786;Checking;2.07.2025;$19.494,61
8621;2787;Credit Card;28.01.2024;-$6.646,96
8622;2787;Checking;10.11.2023;$16.464,67
8623;2788;Savings;31.07.2023;$62.889,62
8624;2788;Credit Card;9.07.2023;-$4.731,52
8625;2789;Checking;28.09.2023;$4.721,10
8626;2790;Credit Card;4.06.2023;-$4.266,02
8627;2791;Credit Card;13.06.2025;-$3.292,43
8628;2791;Savings;18.08.2025;$118.108,94
8629;2792;Savings;23.05.2024;$8.544,11
8630;2792;Checking;15.04.2024;$1.315,61
8631;2793;Savings;15.07.2024;$14.043,25
8632;2794;Credit Card;2.03.2024;-$1.869,70
8633;2794;Savings;11.12.2023;$36.416,12
8634;2794;Checking;19.02.2024;$5.252,52
8635;2795;Credit Card;23.07.2023;-$1.104,08
8636;2796;Savings;28.01.2026;$76.435,72
8637;2797;Savings;19.06.2023;$24.663,38
8638;2797;Credit Card;3.06.2023;-$6.783,32
8639;2798;Savings;5.02.2024;$95.571,77
8640;2798;Checking;18.01.2024;$7.917,33
8641;2798;Credit Card;17.03.2024;-$5.473,98
8642;2799;Credit Card;8.11.2023;-$1.363,97
8643;2799;Savings;19.10.2023;$5.086,96
8644;2799;Checking;19.08.2023;$7.053,36
8645;2800;Savings;29.08.2024;$14.788,86
8646;2800;Credit Card;8.08.2024;-$6.718,80
8647;2801;Checking;12.01.2026;$16.885,43
8648;2801;Savings;1.04.2026;$87.508,67
8649;2802;Credit Card;13.09.2024;-$6.205,80
8650;2802;Checking;21.11.2024;$15.667,15
8651;2803;Savings;8.12.2025;$94.311,06
8652;2803;Credit Card;20.09.2025;-$4.764,88
8653;2803;Checking;21.09.2025;$16.699,07
8654;2804;Checking;9.02.2026;$19.002,91
8655;2804;Savings;9.12.2025;$68.295,48
8656;2805;Credit Card;19.01.2025;-$1.416,19
8657;2805;Checking;24.12.2024;$6.614,62
8658;2805;Savings;21.02.2025;$65.052,39
8659;2806;Savings;12.01.2026;$46.146,30
8660;2807;Credit Card;11.09.2025;-$169,56
8661;2807;Checking;15.11.2025;$1.620,21
8662;2808;Credit Card;1.05.2026;-$1.935,64
8663;2808;Checking;25.02.2026;$17.149,10
8664;2808;Savings;16.03.2026;$91.441,27
8665;2809;Savings;8.10.2025;$99.700,67
8666;2809;Credit Card;30.08.2025;-$538,37
8667;2809;Checking;21.10.2025;$2.660,41
8668;2810;Credit Card;18.03.2025;-$49,08
8669;2811;Credit Card;27.09.2023;-$4.686,09
8670;2812;Credit Card;28.11.2025;-$316,90
8671;2812;Savings;9.08.2025;$5.500,39
8672;2813;Credit Card;2.11.2025;-$3.570,56
8673;2813;Savings;28.11.2025;$7.123,20
8674;2813;Checking;7.01.2026;$2.678,52
8675;2814;Checking;15.10.2025;$18.406,29
8676;2814;Savings;16.09.2025;$84.971,04
8677;2814;Credit Card;12.09.2025;-$638,52
8678;2815;Checking;12.02.2025;$16.472,76
8679;2815;Credit Card;3.02.2025;-$2.724,07
8680;2815;Savings;21.02.2025;$11.595,36
8681;2816;Savings;1.05.2026;$65.642,03
8682;2817;Checking;14.01.2026;$7.420,15
8683;2818;Credit Card;16.07.2025;-$5.489,78
8684;2818;Savings;23.08.2025;$112.843,41
8685;2819;Savings;30.08.2024;$106.343,13
8686;2819;Checking;4.09.2024;$12.638,37
8687;2819;Credit Card;9.09.2024;-$311,61
8688;2820;Savings;4.04.2025;$59.530,85
8689;2820;Credit Card;3.01.2025;-$2.522,71
8690;2820;Checking;31.01.2025;$4.167,42
8691;2821;Checking;30.04.2024;$19.136,83
8692;2822;Credit Card;25.07.2023;-$2.045,21
8693;2823;Checking;6.08.2023;$3.341,97
8694;2823;Credit Card;4.09.2023;-$964,56
8695;2823;Savings;22.06.2023;$83.461,35
8696;2824;Savings;29.07.2024;$35.634,49
8697;2824;Checking;22.10.2024;$110,05
8698;2825;Checking;21.09.2024;$467,92
8699;2825;Savings;31.01.2025;$72.175,60
8700;2825;Credit Card;16.08.2024;-$1.648,79
8701;2826;Savings;16.05.2023;$14.410,29
8702;2826;Credit Card;18.08.2023;-$5.348,21
8703;2826;Checking;26.05.2023;$11.742,59
8704;2827;Savings;22.10.2024;$68.725,63
8705;2827;Credit Card;4.02.2025;-$3.276,54
8706;2828;Credit Card;22.11.2025;-$5.264,77
8707;2828;Savings;6.02.2026;$111.908,00
8708;2829;Credit Card;18.12.2023;-$931,82
8709;2830;Savings;24.04.2024;$98.200,61
8710;2831;Checking;18.10.2024;$2.410,27
8711;2832;Savings;1.05.2026;$29.003,71
8712;2832;Checking;28.03.2026;$537,54
8713;2832;Credit Card;1.05.2026;-$5.595,59
8714;2833;Checking;1.05.2026;$18.793,40
8715;2834;Checking;18.09.2024;$17.421,64
8716;2834;Savings;3.02.2025;$38.051,63
8717;2834;Credit Card;12.11.2024;-$2.590,82
8718;2835;Checking;1.01.2026;$13.646,08
8719;2835;Savings;9.09.2025;$41.123,90
8720;2836;Savings;9.07.2024;$110.707,19
8721;2836;Checking;5.03.2024;$12.608,57
8722;2837;Checking;12.09.2025;$11.109,42
8723;2837;Savings;25.05.2025;$77.366,82
8724;2838;Credit Card;1.08.2025;-$1.534,64
8725;2838;Savings;29.07.2025;$44.629,17
8726;2839;Checking;1.05.2026;$9.168,37
8727;2839;Savings;28.04.2026;$37.469,04
8728;2840;Checking;30.04.2025;$15.972,34
8729;2841;Credit Card;13.06.2025;-$3.019,86
8730;2841;Checking;5.02.2025;$15.540,95
8731;2841;Savings;19.06.2025;$57.071,88
8732;2842;Credit Card;21.06.2025;-$4.643,54
8733;2843;Credit Card;10.04.2025;-$5.581,01
8734;2844;Checking;1.07.2025;$17.448,77
8735;2845;Savings;1.05.2026;$75.740,15
8736;2845;Checking;1.05.2026;$13.205,80
8737;2845;Credit Card;1.05.2026;-$6.054,76
8738;2846;Credit Card;31.10.2023;-$5.361,47
8739;2847;Checking;18.05.2024;$4.967,75
8740;2847;Savings;11.02.2024;$85.298,83
8741;2848;Savings;11.08.2025;$97.547,45
8742;2848;Checking;2.03.2025;$1.240,55
8743;2849;Checking;15.02.2025;$2.085,53
8744;2849;Savings;15.02.2025;$44.421,03
8745;2849;Credit Card;4.03.2025;-$2.443,88
8746;2850;Checking;3.02.2024;$9.642,33
8747;2850;Credit Card;4.10.2023;-$6.904,84
8748;2851;Credit Card;15.07.2023;-$6.357,85
8749;2851;Savings;11.03.2023;$12.220,09
8750;2852;Credit Card;20.10.2025;-$5.093,52
8751;2852;Checking;12.02.2026;$5.398,78
8752;2852;Savings;27.09.2025;$106.578,92
8753;2853;Checking;2.11.2023;$12.716,49
8754;2853;Credit Card;6.03.2024;-$6.023,32
8755;2853;Savings;20.10.2023;$61.779,78
8756;2854;Savings;1.05.2026;$85.011,25
8757;2854;Credit Card;30.01.2026;-$1.424,32
8758;2855;Checking;11.07.2025;$4.366,68
8759;2855;Savings;14.08.2025;$13.859,21
8760;2855;Credit Card;2.11.2025;-$3.342,67
8761;2856;Credit Card;29.09.2025;-$2.725,01
8762;2856;Savings;25.01.2026;$22.344,04
8763;2857;Savings;1.04.2026;$41.602,46
8764;2858;Checking;1.05.2026;$17.451,93
8765;2858;Credit Card;1.05.2026;-$2.196,25
8766;2858;Savings;1.05.2026;$62.183,81
8767;2859;Credit Card;1.05.2026;-$6.350,55
8768;2860;Credit Card;5.04.2026;-$4.561,14
8769;2860;Checking;1.05.2026;$11.849,74
8770;2860;Savings;1.05.2026;$68.841,86
8771;2861;Checking;13.04.2026;$7.801,84
8772;2861;Credit Card;3.04.2026;-$5.134,88
8773;2862;Checking;10.01.2025;$16.640,41
8774;2863;Savings;15.06.2024;$32.058,78
8775;2864;Credit Card;4.02.2024;-$6.596,58
8776;2864;Checking;7.12.2023;$16.183,41
8777;2865;Checking;5.07.2024;$13.098,85
8778;2865;Savings;8.08.2024;$54.865,12
8779;2866;Checking;30.01.2023;$18.092,09
8780;2867;Checking;22.05.2024;$16.229,71
8781;2868;Savings;27.02.2025;$7.341,47
8782;2868;Credit Card;28.03.2025;-$5.368,85
8783;2868;Checking;26.06.2025;$10.315,63
8784;2869;Checking;30.06.2023;$16.047,69
8785;2869;Savings;1.06.2023;$23.650,25
8786;2870;Savings;26.03.2024;$103.649,95
8787;2870;Checking;22.11.2023;$18.058,07
8788;2870;Credit Card;19.02.2024;-$6.179,49
8789;2871;Savings;11.07.2024;$119.098,00
8790;2871;Checking;17.04.2024;$14.259,87
8791;2871;Credit Card;11.08.2024;-$1.469,53
8792;2872;Credit Card;3.01.2026;-$930,15
8793;2872;Checking;16.10.2025;$13.190,09
8794;2872;Savings;22.12.2025;$114.491,92
8795;2873;Savings;28.04.2024;$9.985,63
8796;2873;Credit Card;1.04.2024;-$1.805,17
8797;2874;Savings;18.10.2025;$67.960,62
8798;2874;Checking;31.07.2025;$8.519,41
8799;2874;Credit Card;3.11.2025;-$6.810,56
8800;2875;Credit Card;29.05.2023;-$1.858,85
8801;2875;Savings;9.09.2023;$92.089,28
8802;2876;Credit Card;5.07.2024;-$6.184,40
8803;2877;Checking;6.01.2025;$11.306,65
8804;2877;Savings;11.09.2024;$36.940,64
8805;2878;Savings;8.10.2025;$58.200,53
8806;2878;Credit Card;8.10.2025;-$604,72
8807;2879;Checking;12.12.2025;$9.876,82
8808;2879;Savings;25.01.2026;$118.609,12
8809;2879;Credit Card;20.01.2026;-$1.643,93
8810;2880;Credit Card;24.02.2026;-$6.190,29
8811;2880;Savings;29.03.2026;$86.422,63
8812;2880;Checking;13.12.2025;$16.179,22
8813;2881;Savings;1.05.2026;$84.228,93
8814;2882;Savings;27.05.2024;$92.230,65
8815;2882;Credit Card;30.05.2024;-$2.386,67
8816;2883;Savings;29.10.2023;$40.640,39
8817;2884;Credit Card;15.11.2023;-$6.362,34
8818;2884;Checking;14.01.2024;$11.031,10
8819;2884;Savings;21.01.2024;$9.450,50
8820;2885;Savings;10.09.2025;$74.835,29
8821;2885;Credit Card;18.04.2025;-$1.700,81
8822;2886;Checking;26.09.2025;$19.248,09
8823;2887;Checking;8.11.2023;$13.679,33
8824;2887;Credit Card;1.10.2023;-$4.903,07
8825;2888;Savings;11.02.2023;$50.389,30
8826;2888;Checking;2.03.2023;$5.798,95
8827;2888;Credit Card;18.03.2023;-$2.224,59
8828;2889;Credit Card;4.03.2026;-$178,29
8829;2889;Checking;3.01.2026;$13.976,98
8830;2890;Savings;28.04.2025;$56.050,41
8831;2890;Credit Card;27.06.2025;-$2.525,87
8832;2890;Checking;22.07.2025;$4.266,88
8833;2891;Credit Card;10.03.2026;-$2.646,68
8834;2892;Savings;18.11.2025;$100.577,43
8835;2892;Credit Card;30.08.2025;-$6.377,71
8836;2893;Checking;2.02.2025;$2.416,47
8837;2893;Savings;4.06.2025;$27.428,95
8838;2894;Credit Card;11.03.2026;-$2.097,29
8839;2895;Savings;5.07.2023;$105.150,14
8840;2895;Credit Card;6.11.2023;-$3.371,71
8841;2896;Checking;18.01.2023;$9.324,61
8842;2897;Checking;6.02.2025;$17.027,96
8843;2898;Savings;25.10.2023;$101.394,26
8844;2898;Credit Card;30.10.2023;-$4.659,86
8845;2899;Credit Card;18.02.2026;-$4.714,46
8846;2900;Checking;15.04.2026;$4.810,69
8847;2900;Savings;12.12.2025;$77.554,55
8848;2901;Credit Card;9.01.2025;-$3.304,16
8849;2901;Savings;29.11.2024;$77.884,42
8850;2902;Savings;30.07.2023;$118.276,30
8851;2902;Checking;12.10.2023;$13.354,52
8852;2903;Savings;4.06.2025;$80.498,46
8853;2903;Checking;15.04.2025;$19.595,65
8854;2904;Checking;26.11.2023;$2.133,52
8855;2905;Credit Card;8.08.2023;-$1.358,25
8856;2906;Savings;25.01.2025;$88.547,44
8857;2906;Credit Card;26.10.2024;-$404,53
8858;2907;Savings;29.03.2026;$39.090,63
8859;2908;Savings;29.10.2023;$41.008,17
8860;2909;Checking;24.11.2024;$19.024,35
8861;2909;Savings;4.12.2024;$81.036,89
8862;2909;Credit Card;13.12.2024;-$4.998,19
8863;2910;Checking;31.05.2025;$16.654,73
8864;2910;Savings;25.12.2024;$87.240,17
8865;2911;Credit Card;28.11.2023;-$3.021,23
8866;2912;Checking;26.10.2024;$19.743,65
8867;2913;Credit Card;20.05.2025;-$5.864,07
8868;2914;Credit Card;18.09.2025;-$2.841,12
8869;2914;Savings;31.07.2025;$30.112,43
8870;2914;Checking;13.08.2025;$15.053,01
8871;2915;Savings;2.11.2023;$22.898,89
8872;2915;Checking;15.09.2023;$12.295,56
8873;2915;Credit Card;27.12.2023;-$4.846,23
8874;2916;Checking;21.08.2024;$1.636,80
8875;2916;Credit Card;21.07.2024;-$704,41
8876;2916;Savings;15.03.2024;$32.707,74
8877;2917;Savings;12.07.2025;$77.628,44
8878;2917;Checking;3.04.2025;$16.463,97
8879;2917;Credit Card;16.04.2025;-$2.134,36
8880;2918;Credit Card;22.02.2024;-$5.978,51
8881;2918;Savings;24.01.2024;$37.988,87
8882;2919;Credit Card;2.03.2026;-$2.278,57
8883;2919;Savings;6.12.2025;$6.905,06
8884;2920;Savings;28.10.2023;$29.940,98
8885;2920;Credit Card;14.10.2023;-$1.233,17
8886;2921;Savings;14.12.2023;$23.443,07
8887;2922;Savings;16.08.2024;$118.575,69
8888;2922;Checking;30.08.2024;$3.454,86
8889;2922;Credit Card;31.05.2024;-$2.404,58
8890;2923;Checking;10.10.2023;$9.113,49
8891;2924;Savings;19.08.2024;$49.712,60
8892;2924;Checking;8.09.2024;$18.703,47
8893;2925;Checking;19.01.2024;$4.340,48
8894;2926;Credit Card;7.11.2025;-$6.959,43
8895;2926;Savings;20.02.2026;$59.533,08
8896;2926;Checking;15.10.2025;$6.512,47
8897;2927;Credit Card;11.03.2026;-$1.055,10
8898;2928;Savings;11.06.2023;$69.244,85
8899;2928;Checking;21.10.2023;$7.363,66
8900;2928;Credit Card;24.08.2023;-$5.025,09
8901;2929;Checking;19.06.2025;$11.386,26
8902;2929;Savings;16.05.2025;$8.287,88
8903;2930;Checking;9.04.2024;$251,56
8904;2930;Savings;24.06.2024;$101.933,54
8905;2931;Checking;11.10.2023;$7.779,42
8906;2931;Savings;12.06.2023;$47.226,26
8907;2932;Checking;5.10.2024;$2.291,67
8908;2933;Checking;23.12.2025;$10.644,76
8909;2933;Savings;22.02.2026;$97.910,82
8910;2933;Credit Card;21.12.2025;-$4.810,63
8911;2934;Checking;22.04.2024;$4.603,36
8912;2934;Credit Card;12.08.2024;-$5.948,25
8913;2934;Savings;10.07.2024;$92.510,07
8914;2935;Savings;9.06.2024;$29.856,18
8915;2935;Credit Card;15.06.2024;-$4.054,94
8916;2936;Checking;1.05.2026;$6.275,93
8917;2936;Savings;1.05.2026;$95.800,57
8918;2936;Credit Card;1.05.2026;-$1.418,12
8919;2937;Savings;16.11.2023;$90.988,84
8920;2937;Checking;5.01.2024;$10.753,78
8921;2938;Savings;20.11.2025;$56.716,97
8922;2938;Credit Card;25.07.2025;-$6.632,53
8923;2938;Checking;1.10.2025;$342,61
8924;2939;Savings;14.02.2023;$113.033,34
8925;2939;Credit Card;7.07.2023;-$5.608,76
8926;2940;Savings;24.03.2025;$113.257,41
8927;2941;Checking;14.09.2024;$5.368,16
8928;2941;Credit Card;23.12.2024;-$1.603,96
8929;2941;Savings;3.02.2025;$60.195,97
8930;2942;Credit Card;1.05.2026;-$4.944,47
8931;2943;Credit Card;10.05.2023;-$6.019,77
8932;2943;Checking;30.01.2023;$8.337,83
8933;2943;Savings;9.05.2023;$92.234,57
8934;2944;Credit Card;18.06.2025;-$435,24
8935;2944;Savings;29.08.2025;$51.862,42
8936;2944;Checking;19.03.2025;$6.182,10
8937;2945;Credit Card;2.03.2024;-$2.666,33
8938;2945;Savings;26.01.2024;$45.473,32
8939;2945;Checking;13.12.2023;$19.295,71
8940;2946;Checking;24.10.2023;$10.818,48
8941;2947;Savings;22.01.2024;$52.841,75
8942;2947;Credit Card;7.10.2023;-$4.492,88
8943;2948;Savings;22.03.2023;$42.166,72
8944;2949;Checking;31.08.2024;$920,62
8945;2949;Savings;15.08.2024;$87.129,12
8946;2950;Credit Card;13.07.2023;-$1.494,72
8947;2951;Checking;13.03.2024;$1.225,14
8948;2951;Credit Card;15.01.2024;-$4.827,81
8949;2951;Savings;15.02.2024;$83.541,16
8950;2952;Credit Card;17.12.2025;-$719,07
8951;2952;Checking;27.09.2025;$6.291,78
8952;2953;Credit Card;27.04.2025;-$5.197,95
8953;2953;Savings;18.04.2025;$21.079,93
8954;2954;Checking;22.08.2025;$4.676,22
8955;2955;Savings;6.04.2023;$38.768,84
8956;2956;Checking;24.12.2024;$7.585,81
8957;2957;Savings;27.11.2023;$38.847,34
8958;2957;Checking;10.09.2023;$10.433,47
8959;2957;Credit Card;12.11.2023;-$1.779,87
8960;2958;Checking;13.06.2024;$12.174,32
8961;2959;Savings;1.03.2024;$74.473,86
8962;2959;Checking;22.12.2023;$16.243,24
8963;2959;Credit Card;1.12.2023;-$5.021,37
8964;2960;Credit Card;9.03.2023;-$2.293,38
8965;2961;Credit Card;14.05.2025;-$5.312,07
8966;2961;Savings;30.03.2025;$109.391,36
8967;2962;Checking;16.09.2025;$12.929,10
8968;2963;Savings;14.08.2024;$74.886,39
8969;2963;Credit Card;25.02.2024;-$6.331,24
8970;2963;Checking;22.03.2024;$8.069,03
8971;2964;Checking;1.04.2026;$18.167,99
8972;2964;Credit Card;1.05.2026;-$3.890,59
8973;2965;Credit Card;7.12.2025;-$4.176,97
8974;2966;Checking;2.12.2025;$18.616,89
8975;2966;Savings;7.04.2026;$17.907,05
8976;2966;Credit Card;22.04.2026;-$4.347,24
8977;2967;Savings;9.10.2023;$109.137,47
8978;2967;Checking;11.08.2023;$15.667,20
8979;2968;Checking;14.07.2025;$4.116,18
8980;2968;Savings;26.05.2025;$85.593,58
8981;2968;Credit Card;17.04.2025;-$2.550,12
8982;2969;Checking;4.04.2026;$5.038,05
8983;2970;Credit Card;18.11.2023;-$4.695,43
8984;2971;Checking;1.05.2026;$18.129,23
8985;2971;Credit Card;25.04.2026;-$4.824,00
8986;2971;Savings;1.05.2026;$59.162,55
8987;2972;Credit Card;10.09.2025;-$2.930,53
8988;2972;Checking;26.07.2025;$7.768,18
8989;2972;Savings;8.10.2025;$104.137,06
8990;2973;Savings;25.06.2024;$89.349,17
8991;2973;Credit Card;18.05.2024;-$4.476,10
8992;2973;Checking;9.06.2024;$827,73
8993;2974;Checking;27.04.2025;$8.738,87
8994;2974;Credit Card;25.08.2025;-$3.889,94
8995;2975;Savings;14.07.2025;$10.185,90
8996;2976;Credit Card;25.06.2023;-$1.709,13
8997;2977;Credit Card;3.01.2026;-$5.044,39
8998;2977;Savings;29.01.2026;$107.820,70
8999;2977;Checking;28.01.2026;$9.729,66
9000;2978;Checking;7.11.2025;$11.498,09
9001;2979;Savings;11.10.2025;$66.242,33
9002;2979;Credit Card;14.08.2025;-$5.296,63
9003;2980;Checking;5.08.2025;$6.532,26
9004;2980;Savings;25.05.2025;$31.206,47
9005;2980;Credit Card;9.04.2025;-$6.066,71
9006;2981;Savings;29.07.2025;$70.340,62
9007;2982;Savings;11.01.2025;$56.653,89
9008;2983;Credit Card;24.11.2025;-$5.953,60
9009;2984;Credit Card;7.10.2025;-$4.318,89
9010;2985;Checking;23.12.2023;$1.491,86
9011;2986;Savings;22.05.2025;$16.017,06
9012;2986;Credit Card;8.02.2025;-$5.869,83
9013;2986;Checking;22.04.2025;$10.846,68
9014;2987;Credit Card;1.04.2024;-$2.379,86
9015;2988;Credit Card;17.05.2025;-$1.909,39
9016;2988;Checking;8.05.2025;$16.396,52
9017;2989;Savings;30.01.2026;$69.423,13
9018;2990;Credit Card;21.07.2023;-$6.921,84
9019;2991;Credit Card;1.05.2026;-$4.562,79
9020;2991;Savings;1.05.2026;$55.462,40
9021;2991;Checking;6.04.2026;$10.624,51
9022;2992;Credit Card;8.09.2024;-$4.532,36
9023;2992;Checking;8.11.2024;$11.480,22
9024;2993;Credit Card;13.10.2024;-$1.159,22
9025;2994;Checking;24.03.2023;$2.492,88
9026;2994;Credit Card;25.05.2023;-$6.379,67
9027;2994;Savings;13.02.2023;$34.198,88
9028;2995;Credit Card;25.04.2024;-$5.333,73
9029;2995;Savings;17.05.2024;$69.939,74
9030;2996;Credit Card;23.11.2023;-$489,67
9031;2997;Credit Card;12.03.2024;-$3.846,62
9032;2997;Checking;18.05.2024;$10.288,26
9033;2997;Savings;14.04.2024;$57.197,57
9034;2998;Savings;6.07.2025;$9.295,89
9035;2999;Credit Card;28.10.2023;-$4.883,84
9036;2999;Checking;23.10.2023;$6.396,36
9037;2999;Savings;13.06.2023;$83.465,35
9038;3000;Savings;24.04.2025;$25.940,86
9039;3000;Credit Card;11.06.2025;-$3.264,63
9040;3001;Savings;27.12.2025;$24.399,12
9041;3002;Savings;9.07.2023;$85.453,40
9042;3002;Checking;7.09.2023;$14.490,62
9043;3003;Credit Card;28.09.2025;-$6.080,46
9044;3004;Checking;24.02.2025;$1.928,66
9045;3004;Savings;28.12.2024;$85.215,46
9046;3005;Savings;9.10.2023;$60.219,68
9047;3006;Savings;2.10.2023;$77.568,34
9048;3006;Checking;16.12.2023;$594,40
9049;3006;Credit Card;8.12.2023;-$5.697,63
9050;3007;Checking;16.08.2023;$3.798,75
9051;3008;Savings;22.12.2024;$76.369,32
9052;3009;Savings;3.10.2025;$90.151,66
9053;3009;Checking;19.06.2025;$4.415,84
9054;3009;Credit Card;19.09.2025;-$2.763,72
9055;3010;Savings;11.03.2024;$105.956,19
9056;3010;Credit Card;20.09.2023;-$4.143,38
9057;3010;Checking;23.10.2023;$13.304,50
9058;3011;Savings;3.02.2024;$68.288,76
9059;3011;Credit Card;16.02.2024;-$2.732,16
9060;3011;Checking;5.10.2023;$10.846,58
9061;3012;Savings;22.07.2025;$52.170,02
9062;3012;Checking;24.06.2025;$9.927,60
9063;3013;Credit Card;5.08.2024;-$6.660,97
9064;3013;Checking;26.04.2024;$5.643,00
9065;3014;Credit Card;2.05.2024;-$2.740,42
9066;3015;Savings;19.05.2023;$7.797,60
9067;3015;Checking;25.04.2023;$6.401,17
9068;3016;Checking;30.10.2023;$10.137,83
9069;3016;Credit Card;14.11.2023;-$1.354,99
9070;3017;Savings;2.09.2024;$62.042,83
9071;3017;Credit Card;14.10.2024;-$6.464,13
9072;3017;Checking;14.09.2024;$967,64
9073;3018;Checking;16.03.2024;$8.989,44
9074;3019;Checking;29.06.2024;$10.613,51
9075;3019;Credit Card;9.06.2024;-$3.388,98
9076;3020;Credit Card;6.07.2025;-$838,34
9077;3021;Checking;30.08.2025;$15.693,84
9078;3022;Checking;24.01.2024;$9.095,68
9079;3022;Savings;12.03.2024;$44.180,73
9080;3023;Credit Card;2.09.2023;-$4.835,70
9081;3024;Savings;3.02.2025;$83.779,57
9082;3024;Checking;4.12.2024;$14.010,39
9083;3025;Credit Card;14.05.2025;-$5.852,45
9084;3025;Checking;30.05.2025;$4.821,99
9085;3026;Checking;15.07.2024;$1.949,58
9086;3026;Credit Card;7.05.2024;-$5.541,29
9087;3026;Savings;16.06.2024;$33.769,60
9088;3027;Savings;30.05.2025;$73.963,94
9089;3027;Checking;25.08.2025;$7.731,22
9090;3027;Credit Card;29.04.2025;-$1.852,66
9091;3028;Credit Card;21.04.2026;-$5.489,52
9092;3028;Checking;24.03.2026;$15.264,17
9093;3028;Savings;1.05.2026;$112.630,76
9094;3029;Checking;4.07.2023;$425,97
9095;3030;Checking;27.08.2024;$11.598,33
9096;3030;Savings;11.08.2024;$7.644,57
9097;3031;Credit Card;28.03.2026;-$6.003,55
9098;3031;Checking;22.02.2026;$4.114,24
9099;3031;Savings;10.02.2026;$36.828,20
9100;3032;Checking;1.05.2026;$5.522,17
9101;3033;Credit Card;11.01.2026;-$3.996,61
9102;3034;Savings;3.08.2025;$119.473,18
9103;3035;Savings;7.08.2025;$108.600,32
9104;3035;Credit Card;17.06.2025;-$472,62
9105;3035;Checking;17.10.2025;$8.816,09
9106;3036;Credit Card;13.10.2023;-$670,56
9107;3037;Savings;15.04.2026;$110.646,51
9108;3037;Credit Card;20.02.2026;-$561,77
9109;3038;Savings;28.04.2023;$5.929,19
9110;3038;Credit Card;13.01.2023;-$3.101,04
9111;3039;Credit Card;23.07.2025;-$4.041,44
9112;3039;Savings;30.01.2025;$13.590,55
9113;3039;Checking;5.04.2025;$6.270,76
9114;3040;Checking;26.01.2026;$9.984,50
9115;3040;Credit Card;27.03.2026;-$2.421,56
9116;3041;Credit Card;23.02.2025;-$601,49
9117;3042;Checking;13.10.2023;$10.735,78
9118;3042;Savings;19.10.2023;$87.648,15
9119;3043;Credit Card;20.05.2023;-$5.209,33
9120;3044;Credit Card;29.01.2025;-$662,29
9121;3044;Savings;6.02.2025;$39.974,05
9122;3045;Savings;22.10.2025;$92.445,53
9123;3045;Credit Card;26.08.2025;-$5.538,43
9124;3046;Checking;9.10.2023;$8.422,92
9125;3046;Savings;3.10.2023;$48.841,98
9126;3046;Credit Card;10.08.2023;-$2.016,72
9127;3047;Checking;14.01.2026;$11.346,06
9128;3047;Credit Card;1.12.2025;-$5.237,57
9129;3048;Credit Card;19.09.2023;-$278,81
9130;3048;Savings;12.09.2023;$60.379,02
9131;3049;Credit Card;12.05.2025;-$1.379,74
9132;3049;Savings;13.02.2025;$38.756,92
9133;3049;Checking;2.01.2025;$7.887,08
9134;3050;Credit Card;11.09.2024;-$918,88
9135;3050;Checking;24.11.2024;$5.618,10
9136;3051;Credit Card;6.01.2026;-$4.769,52
9137;3051;Savings;12.02.2026;$43.465,27
9138;3052;Credit Card;20.09.2024;-$100,60
9139;3052;Savings;23.04.2024;$69.280,88
9140;3052;Checking;11.07.2024;$17.877,09
9141;3053;Savings;31.12.2025;$101.437,13
9142;3053;Checking;28.11.2025;$17.969,46
9143;3053;Credit Card;9.03.2026;-$6.788,30
9144;3054;Credit Card;3.06.2024;-$5.529,65
9145;3055;Credit Card;13.11.2025;-$181,03
9146;3055;Savings;8.07.2025;$51.934,59
9147;3056;Checking;16.12.2025;$2.438,20
9148;3057;Credit Card;11.04.2025;-$2.184,93
9149;3057;Checking;21.08.2025;$11.430,54
9150;3057;Savings;25.04.2025;$119.578,58
9151;3058;Checking;2.02.2025;$14.138,15
9152;3058;Savings;17.12.2024;$59.514,93
9153;3059;Checking;21.03.2024;$6.186,91
9154;3059;Savings;9.11.2023;$66.546,06
9155;3060;Savings;24.04.2024;$74.411,23
9156;3061;Checking;29.11.2025;$11.434,03
9157;3061;Savings;25.11.2025;$37.104,64
9158;3062;Checking;16.05.2025;$1.009,39
9159;3062;Credit Card;1.05.2025;-$739,74
9160;3062;Savings;28.08.2025;$22.971,39
9161;3063;Checking;18.06.2023;$6.828,14
9162;3063;Savings;6.08.2023;$14.933,22
9163;3063;Credit Card;18.08.2023;-$4.962,83
9164;3064;Checking;11.11.2025;$10.200,12
9165;3064;Savings;8.12.2025;$42.234,68
9166;3065;Checking;20.04.2024;$7.682,74
9167;3066;Savings;13.04.2025;$115.610,56
9168;3067;Savings;30.08.2025;$80.202,33
9169;3067;Checking;1.05.2025;$9.948,75
9170;3067;Credit Card;2.09.2025;-$281,96
9171;3068;Checking;30.01.2025;$19.510,22
9172;3069;Checking;1.05.2026;$10.979,29
9173;3070;Credit Card;21.11.2023;-$4.776,09
9174;3070;Checking;8.01.2024;$5.934,66
9175;3071;Checking;25.04.2023;$7.227,92
9176;3072;Savings;22.07.2025;$105.840,36
9177;3072;Checking;24.05.2025;$16.650,84
9178;3073;Credit Card;19.03.2025;-$4.377,52
9179;3073;Savings;11.10.2024;$109.068,55
9180;3074;Checking;4.06.2025;$18.850,42
9181;3074;Savings;1.03.2025;$38.595,72
9182;3074;Credit Card;13.04.2025;-$5.626,11
9183;3075;Checking;7.04.2024;$11.568,09
9184;3075;Credit Card;20.01.2024;-$29,51
9185;3076;Credit Card;10.08.2025;-$3.055,41
9186;3076;Savings;31.12.2025;$64.175,18
9187;3077;Credit Card;7.06.2025;-$1.369,26
9188;3077;Checking;25.04.2025;$3.934,74
9189;3077;Savings;25.09.2025;$6.908,94
9190;3078;Credit Card;2.08.2024;-$5.993,86
9191;3079;Savings;22.06.2025;$41.070,89
9192;3080;Savings;13.09.2025;$110.013,67
9193;3080;Checking;31.08.2025;$6.259,44
9194;3080;Credit Card;2.09.2025;-$1.485,80
9195;3081;Savings;6.07.2025;$45.436,39
9196;3082;Savings;29.07.2023;$17.962,27
9197;3083;Savings;1.05.2026;$84.917,10
9198;3083;Credit Card;14.03.2026;-$5.492,27
9199;3084;Savings;19.05.2023;$107.424,12
9200;3084;Credit Card;16.09.2023;-$1.486,44
9201;3085;Credit Card;2.05.2023;-$3.911,00
9202;3085;Savings;14.07.2023;$62.099,11
9203;3085;Checking;14.02.2023;$14.094,73
9204;3086;Savings;25.02.2025;$86.737,18
9205;3086;Checking;1.04.2025;$5.399,26
9206;3087;Savings;3.01.2024;$14.946,89
9207;3087;Credit Card;29.01.2024;-$849,59
9208;3088;Credit Card;14.06.2023;-$3.820,84
9209;3089;Credit Card;3.03.2025;-$3.567,34
9210;3089;Checking;11.06.2025;$19.000,75
9211;3090;Credit Card;1.11.2025;-$2.328,61
9212;3091;Savings;8.03.2024;$55.971,37
9213;3091;Credit Card;20.05.2024;-$2.841,11
9214;3092;Savings;31.08.2023;$100.383,66
9215;3092;Credit Card;7.10.2023;-$6.919,81
9216;3093;Checking;12.05.2024;$3.967,40
9217;3093;Credit Card;28.04.2024;-$6.747,32
9218;3093;Savings;26.09.2024;$59.977,20
9219;3094;Checking;12.06.2023;$6.270,41
9220;3095;Checking;28.05.2024;$17.137,75
9221;3095;Savings;14.05.2024;$110.482,49
9222;3095;Credit Card;2.05.2024;-$5.290,26
9223;3096;Credit Card;9.08.2023;-$4.131,93
9224;3096;Checking;31.08.2023;$2.726,91
9225;3097;Savings;1.05.2026;$52.576,72
9226;3097;Credit Card;1.05.2026;-$1.663,63
9227;3097;Checking;1.03.2026;$3.597,10
9228;3098;Savings;1.05.2026;$104.787,12
9229;3099;Credit Card;29.11.2024;-$3.360,27
9230;3099;Checking;4.04.2025;$13.417,46
9231;3099;Savings;1.12.2024;$43.573,32
9232;3100;Savings;6.05.2025;$10.935,00
9233;3100;Credit Card;2.04.2025;-$2.007,17
9234;3100;Checking;13.05.2025;$18.903,32
9235;3101;Savings;21.04.2024;$73.833,90
9236;3101;Checking;19.12.2023;$17.255,22
9237;3102;Savings;11.12.2023;$74.919,86
9238;3102;Checking;4.11.2023;$4.137,04
9239;3103;Checking;1.07.2024;$18.165,95
9240;3104;Credit Card;9.09.2025;-$6.952,58
9241;3105;Savings;3.04.2025;$22.359,73
9242;3106;Savings;10.08.2024;$52.274,15
9243;3106;Checking;11.06.2024;$11.104,72
9244;3106;Credit Card;25.09.2024;-$6.093,39
9245;3107;Savings;31.05.2023;$19.579,29
9246;3107;Credit Card;13.04.2023;-$5.227,41
9247;3107;Checking;28.01.2023;$18.305,50
9248;3108;Credit Card;16.11.2024;-$2.786,01
9249;3108;Checking;7.12.2024;$4.523,38
9250;3108;Savings;19.10.2024;$97.772,67
9251;3109;Credit Card;7.09.2023;-$5.294,52
9252;3109;Checking;20.11.2023;$12.222,49
9253;3109;Savings;28.09.2023;$77.520,88
9254;3110;Checking;5.08.2023;$6.196,48
9255;3110;Credit Card;7.05.2023;-$4.253,15
9256;3110;Savings;27.05.2023;$87.555,51
9257;3111;Savings;13.09.2023;$27.593,29
9258;3111;Checking;18.01.2024;$9.117,87
9259;3111;Credit Card;1.01.2024;-$4.438,56
9260;3112;Checking;31.08.2023;$15.163,81
9261;3113;Checking;1.05.2026;$307,41
9262;3114;Checking;29.11.2023;$2.386,81
9263;3114;Savings;7.10.2023;$94.112,29
9264;3115;Savings;21.04.2026;$11.850,72
9265;3116;Credit Card;1.05.2026;-$3.951,43
9266;3116;Checking;28.11.2025;$5.714,31
9267;3117;Savings;13.05.2025;$55.453,94
9268;3117;Credit Card;12.03.2025;-$349,13
9269;3118;Credit Card;1.03.2024;-$4.806,56
9270;3118;Checking;19.12.2023;$10.711,32
9271;3118;Savings;29.05.2024;$107.951,01
9272;3119;Savings;5.12.2023;$113.012,16
9273;3120;Savings;21.06.2023;$66.292,48
9274;3121;Credit Card;1.05.2026;-$638,42
9275;3121;Savings;18.12.2025;$9.256,07
9276;3121;Checking;15.01.2026;$1.246,26
9277;3122;Checking;12.09.2023;$9.115,76
9278;3123;Savings;6.11.2023;$41.072,00
9279;3123;Credit Card;1.10.2023;-$1.008,77
9280;3124;Checking;3.05.2023;$15.435,45
9281;3124;Credit Card;14.05.2023;-$5.014,29
9282;3125;Credit Card;18.01.2026;-$2.002,92
9283;3125;Checking;14.03.2026;$4.980,16
9284;3125;Savings;1.05.2026;$63.934,88
9285;3126;Savings;25.05.2024;$46.189,77
9286;3127;Savings;21.01.2025;$59.268,63
9287;3127;Checking;2.05.2025;$15.124,07
9288;3127;Credit Card;16.05.2025;-$157,53
9289;3128;Credit Card;11.02.2026;-$5.284,62
9290;3129;Credit Card;3.11.2024;-$2.786,44
9291;3129;Checking;18.02.2025;$12.264,40
9292;3129;Savings;16.12.2024;$74.855,55
9293;3130;Checking;14.01.2024;$10.530,62
9294;3130;Credit Card;25.04.2024;-$1.303,66
9295;3131;Checking;1.01.2026;$15.752,43
9296;3131;Credit Card;20.11.2025;-$1.211,09
9297;3132;Credit Card;4.06.2023;-$1.850,47
9298;3133;Checking;19.12.2025;$15.630,51
9299;3133;Credit Card;23.09.2025;-$2.366,41
9300;3133;Savings;3.01.2026;$75.687,47
9301;3134;Checking;5.05.2025;$8.432,22
9302;3134;Savings;19.05.2025;$111.517,83
9303;3135;Checking;14.02.2025;$12.329,49
9304;3135;Credit Card;7.12.2024;-$2.100,88
9305;3135;Savings;15.10.2024;$33.921,20
9306;3136;Savings;1.05.2026;$39.811,12
9307;3136;Credit Card;15.04.2026;-$3.932,53
9308;3137;Credit Card;3.03.2026;-$2.586,49
9309;3137;Checking;27.01.2026;$19.149,66
9310;3138;Checking;16.03.2024;$9.104,81
9311;3138;Savings;3.02.2024;$83.248,62
9312;3138;Credit Card;3.03.2024;-$4.603,33
9313;3139;Checking;12.06.2023;$17.393,05
9314;3140;Credit Card;28.08.2023;-$662,81
9315;3141;Savings;30.01.2026;$119.504,17
9316;3141;Credit Card;1.05.2026;-$2.500,54
9317;3141;Checking;30.01.2026;$11.280,56
9318;3142;Savings;25.03.2026;$46.460,93
9319;3142;Checking;1.05.2026;$5.209,09
9320;3142;Credit Card;19.03.2026;-$2.573,81
9321;3143;Savings;5.01.2024;$80.167,64
9322;3144;Checking;15.02.2024;$3.253,19
9323;3144;Savings;7.06.2024;$39.145,11
9324;3144;Credit Card;5.05.2024;-$2.205,62
9325;3145;Credit Card;1.05.2026;-$2.197,14
9326;3145;Checking;31.03.2026;$11.187,39
9327;3145;Savings;1.05.2026;$8.069,35
9328;3146;Savings;16.07.2023;$34.248,97
9329;3147;Savings;14.09.2024;$100.403,96
9330;3147;Credit Card;5.12.2024;-$2.207,21
9331;3148;Credit Card;11.04.2023;-$5.912,06
9332;3148;Checking;30.05.2023;$4.539,56
9333;3148;Savings;23.09.2023;$50.211,69
9334;3149;Savings;23.09.2025;$96.501,27
9335;3150;Checking;1.02.2026;$1.320,96
9336;3150;Savings;1.03.2026;$35.849,40
9337;3151;Checking;1.07.2025;$6.763,01
9338;3151;Credit Card;29.01.2025;-$5.369,08
9339;3151;Savings;27.01.2025;$18.174,56
9340;3152;Checking;8.06.2023;$10.342,90
9341;3153;Savings;10.04.2026;$69.920,12
9342;3153;Credit Card;18.12.2025;-$2.815,42
9343;3153;Checking;9.01.2026;$15.275,54
9344;3154;Credit Card;14.08.2025;-$2.455,19
9345;3154;Savings;24.03.2025;$106.505,23
9346;3155;Checking;16.03.2026;$9.206,83
9347;3156;Credit Card;5.06.2025;-$2.797,19
9348;3156;Checking;15.05.2025;$6.775,33
9349;3156;Savings;16.07.2025;$9.860,97
9350;3157;Credit Card;18.04.2026;-$6.293,37
9351;3157;Savings;1.05.2026;$104.384,05
9352;3157;Checking;16.04.2026;$17.095,79
9353;3158;Credit Card;24.11.2023;-$1.262,74
9354;3158;Checking;17.11.2023;$3.126,74
9355;3158;Savings;28.10.2023;$6.981,48
9356;3159;Savings;1.05.2026;$116.179,71
9357;3159;Credit Card;1.05.2026;-$6.789,18
9358;3159;Checking;1.05.2026;$7.144,89
9359;3160;Savings;15.12.2024;$41.505,84
9360;3161;Savings;29.10.2024;$60.712,74
9361;3161;Checking;13.09.2024;$1.106,76
9362;3162;Credit Card;3.05.2024;-$1.829,77
9363;3162;Savings;25.05.2024;$10.215,06
9364;3163;Savings;13.07.2024;$12.777,11
9365;3163;Checking;3.05.2024;$1.119,93
9366;3163;Credit Card;31.07.2024;-$6.465,08
9367;3164;Credit Card;12.02.2023;-$420,56
9368;3165;Credit Card;4.07.2025;-$1.525,18
9369;3165;Savings;12.05.2025;$5.194,66
9370;3165;Checking;10.07.2025;$8.680,26
9371;3166;Checking;22.04.2023;$5.525,77
9372;3167;Credit Card;5.09.2025;-$3.171,03
9373;3168;Savings;3.10.2025;$113.409,59
9374;3169;Checking;1.01.2026;$11.919,71
9375;3169;Savings;29.03.2026;$6.520,21
9376;3170;Credit Card;18.12.2023;-$629,50
9377;3170;Checking;29.11.2023;$8.785,59
9378;3171;Checking;27.09.2023;$12.018,10
9379;3172;Credit Card;31.12.2025;-$1.761,45
9380;3172;Checking;28.12.2025;$11.808,57
9381;3172;Savings;26.01.2026;$86.584,48
9382;3173;Checking;19.01.2026;$16.065,44
9383;3173;Savings;21.01.2026;$52.098,76
9384;3174;Savings;11.03.2026;$119.855,85
9385;3174;Credit Card;12.02.2026;-$2.147,36
9386;3175;Credit Card;14.05.2024;-$102,62
9387;3175;Checking;21.05.2024;$18.075,20
9388;3176;Credit Card;24.06.2024;-$3.271,51
9389;3176;Savings;20.05.2024;$49.745,82
9390;3176;Checking;9.07.2024;$712,96
9391;3177;Checking;30.10.2023;$7.981,04
9392;3178;Checking;30.03.2024;$4.814,27
9393;3178;Credit Card;25.12.2023;-$1.755,40
9394;3179;Savings;18.12.2024;$25.937,56
9395;3179;Credit Card;10.12.2024;-$6.396,69
9396;3179;Checking;19.12.2024;$15.885,36
9397;3180;Checking;26.02.2025;$18.488,39
9398;3180;Credit Card;27.09.2024;-$1.023,00
9399;3180;Savings;9.11.2024;$63.483,35
9400;3181;Checking;4.10.2025;$1.022,41
9401;3181;Savings;27.08.2025;$62.026,58
9402;3181;Credit Card;8.09.2025;-$3.971,84
9403;3182;Credit Card;18.06.2023;-$6.498,41
9404;3183;Checking;22.06.2024;$12.014,02
9405;3183;Credit Card;26.03.2024;-$4.972,00
9406;3184;Credit Card;22.01.2025;-$2.774,58
9407;3184;Savings;26.11.2024;$101.446,21
9408;3185;Checking;19.06.2023;$9.317,53
9409;3185;Credit Card;28.05.2023;-$2.657,92
9410;3185;Savings;26.06.2023;$112.967,86
9411;3186;Checking;21.03.2023;$7.470,88
9412;3186;Credit Card;2.06.2023;-$6.801,61
9413;3186;Savings;19.06.2023;$77.766,25
9414;3187;Savings;26.07.2024;$41.259,03
9415;3187;Credit Card;8.05.2024;-$2.028,66
9416;3187;Checking;15.03.2024;$15.392,21
9417;3188;Checking;25.11.2025;$15.198,23
9418;3188;Savings;21.03.2026;$52.816,95
9419;3189;Credit Card;15.02.2025;-$1.588,92
9420;3189;Savings;13.02.2025;$82.442,57
9421;3189;Checking;24.03.2025;$18.205,88
9422;3190;Checking;12.02.2024;$18.207,03
9423;3190;Savings;19.09.2023;$57.964,12
9424;3190;Credit Card;17.11.2023;-$5.477,86
9425;3191;Checking;29.06.2024;$8.633,17
9426;3192;Credit Card;15.08.2025;-$212,01
9427;3192;Savings;17.03.2025;$34.726,54
9428;3192;Checking;24.07.2025;$6.487,97
9429;3193;Checking;28.12.2025;$12.973,65
9430;3193;Savings;3.10.2025;$13.382,98
9431;3193;Credit Card;1.02.2026;-$5.449,98
9432;3194;Checking;30.10.2023;$10.559,18
9433;3194;Credit Card;10.12.2023;-$3.899,17
9434;3195;Checking;3.02.2024;$3.913,76
9435;3195;Credit Card;20.08.2023;-$1.666,75
9436;3196;Savings;1.05.2026;$104.092,96
9437;3196;Credit Card;1.05.2026;-$76,31
9438;3196;Checking;1.05.2026;$19.099,54
9439;3197;Savings;1.05.2026;$39.768,37
9440;3198;Checking;13.07.2023;$1.421,24
9441;3198;Credit Card;7.08.2023;-$1,90
9442;3198;Savings;8.06.2023;$12.815,95
9443;3199;Credit Card;4.06.2023;-$663,12
9444;3199;Savings;14.06.2023;$21.354,00
9445;3199;Checking;16.06.2023;$15.715,51
9446;3200;Credit Card;9.03.2025;-$5.244,37
9447;3201;Credit Card;12.02.2025;-$3.010,24
9448;3201;Checking;28.03.2025;$14.072,58
9449;3202;Savings;7.05.2025;$65.967,39
9450;3203;Credit Card;24.11.2024;-$5.183,55
9451;3203;Savings;16.11.2024;$118.269,45
9452;3204;Credit Card;14.09.2023;-$3.127,16
9453;3204;Savings;23.08.2023;$37.309,01
9454;3204;Checking;29.09.2023;$18.951,72
9455;3205;Checking;19.03.2026;$1.772,12
9456;3205;Savings;13.03.2026;$55.193,21
9457;3205;Credit Card;1.05.2026;-$4.574,42
9458;3206;Credit Card;7.07.2025;-$6.612,30
9459;3207;Checking;24.12.2023;$15.192,95
9460;3208;Checking;29.07.2025;$19.357,48
9461;3208;Credit Card;29.06.2025;-$3.423,71
9462;3209;Credit Card;14.10.2024;-$2.377,62
9463;3209;Checking;28.12.2024;$923,95
9464;3209;Savings;22.10.2024;$20.939,32
9465;3210;Credit Card;1.04.2026;-$2.602,90
9466;3210;Checking;1.05.2026;$4.961,11
9467;3210;Savings;1.05.2026;$16.297,94
9468;3211;Savings;11.08.2025;$23.759,08
9469;3211;Credit Card;26.04.2025;-$1.805,89
9470;3211;Checking;4.04.2025;$15.152,30
9471;3212;Checking;8.09.2023;$17.979,25
9472;3212;Credit Card;20.09.2023;-$3.035,37
9473;3213;Checking;22.05.2025;$13.232,28
9474;3213;Savings;25.07.2025;$21.151,50
9475;3213;Credit Card;14.04.2025;-$2.791,40
9476;3214;Checking;30.10.2024;$12.965,38
9477;3214;Credit Card;9.11.2024;-$1.092,76
9478;3214;Savings;14.03.2025;$17.885,20
9479;3215;Credit Card;26.09.2024;-$2.790,43
9480;3215;Savings;6.09.2024;$103.560,57
9481;3215;Checking;25.07.2024;$17.064,92
9482;3216;Credit Card;7.12.2024;-$1.917,74
9483;3216;Savings;15.08.2024;$29.183,87
9484;3217;Credit Card;9.04.2024;-$2.538,62
9485;3217;Checking;1.01.2024;$9.218,98
9486;3218;Credit Card;1.05.2026;-$6.993,88
9487;3219;Credit Card;23.12.2023;-$6.889,54
9488;3220;Checking;1.11.2023;$8.405,67
9489;3220;Savings;3.08.2023;$104.466,44
9490;3220;Credit Card;23.12.2023;-$1.232,97
9491;3221;Checking;6.08.2023;$923,78
9492;3222;Checking;16.04.2023;$5.530,49
9493;3222;Savings;2.03.2023;$68.260,86
9494;3222;Credit Card;22.06.2023;-$3.870,67
9495;3223;Credit Card;1.03.2026;-$6.224,02
9496;3224;Checking;26.08.2024;$9.978,36
9497;3224;Savings;23.06.2024;$21.967,90
9498;3225;Checking;4.10.2025;$15.206,37
9499;3226;Credit Card;29.07.2023;-$4.173,06
9500;3226;Savings;5.10.2023;$77.059,78
9501;3226;Checking;12.08.2023;$13.372,40
9502;3227;Checking;20.11.2025;$16.113,22
9503;3228;Savings;10.05.2024;$94.966,21
9504;3228;Checking;30.09.2024;$15.578,67
9505;3229;Savings;12.10.2025;$40.099,82
9506;3229;Checking;6.11.2025;$4.894,66
9507;3230;Credit Card;9.08.2025;-$2.205,44
9508;3230;Checking;13.10.2025;$665,28
9509;3231;Savings;6.07.2023;$11.946,09
9510;3231;Credit Card;13.08.2023;-$5.318,85
9511;3232;Checking;28.04.2025;$13.855,17
9512;3232;Credit Card;29.03.2025;-$1.535,07
9513;3232;Savings;29.05.2025;$116.413,87
9514;3233;Credit Card;20.02.2024;-$5.149,61
9515;3233;Savings;24.11.2023;$45.319,94
9516;3233;Checking;12.02.2024;$3.903,44
9517;3234;Checking;21.07.2025;$10.693,98
9518;3234;Credit Card;2.11.2025;-$3.330,57
9519;3235;Credit Card;26.03.2024;-$1.015,02
9520;3235;Checking;26.06.2024;$17.917,08
9521;3236;Credit Card;30.08.2023;-$2.096,69
9522;3236;Savings;2.08.2023;$22.870,40
9523;3236;Checking;10.04.2023;$1.559,69
9524;3237;Credit Card;26.02.2025;-$5.203,21
9525;3238;Savings;1.10.2024;$93.691,21
9526;3239;Credit Card;23.09.2024;-$2.797,27
9527;3240;Savings;25.10.2024;$22.772,16
9528;3240;Checking;30.08.2024;$15.122,90
9529;3241;Credit Card;22.03.2026;-$4.123,43
9530;3242;Credit Card;15.11.2024;-$6.492,58
9531;3243;Checking;7.12.2023;$12.719,60
9532;3243;Savings;20.03.2024;$101.629,41
9533;3243;Credit Card;20.01.2024;-$468,40
9534;3244;Checking;1.12.2025;$19.731,80
9535;3244;Savings;9.01.2026;$68.530,57
9536;3244;Credit Card;12.04.2026;-$668,49
9537;3245;Credit Card;14.10.2024;-$2.682,76
9538;3245;Savings;14.12.2024;$71.505,05
9539;3246;Checking;14.10.2024;$4.583,25
9540;3246;Savings;7.08.2024;$84.422,88
9541;3247;Checking;21.05.2025;$11.333,45
9542;3247;Savings;21.03.2025;$32.779,46
9543;3247;Credit Card;19.05.2025;-$1.556,09
9544;3248;Credit Card;4.04.2026;-$3.054,07
9545;3248;Savings;18.03.2026;$61.979,61
9546;3249;Savings;23.06.2025;$95.506,12
9547;3250;Credit Card;10.03.2024;-$6.911,44
9548;3251;Checking;13.02.2025;$12.156,35
9549;3251;Savings;25.12.2024;$26.874,07
9550;3251;Credit Card;17.05.2025;-$6.204,06
9551;3252;Checking;1.04.2025;$18.651,35
9552;3252;Credit Card;20.12.2024;-$1.455,06
9553;3253;Credit Card;27.04.2026;-$1.661,05
9554;3254;Credit Card;9.11.2024;-$2.560,95
9555;3255;Savings;1.09.2023;$79.686,88
9556;3256;Savings;9.05.2025;$28.938,16
9557;3256;Checking;3.01.2025;$665,98
9558;3256;Credit Card;19.06.2025;-$1.253,13
9559;3257;Checking;15.08.2025;$7.373,52
9560;3257;Savings;28.08.2025;$116.972,00
9561;3257;Credit Card;30.07.2025;-$955,73
9562;3258;Checking;9.07.2024;$10.003,29
9563;3258;Credit Card;16.06.2024;-$3.342,85
9564;3259;Savings;6.05.2024;$39.012,06
9565;3259;Checking;13.02.2024;$13.130,32
9566;3259;Credit Card;29.02.2024;-$1.488,49
9567;3260;Checking;26.04.2023;$1.645,34
9568;3261;Credit Card;13.02.2026;-$6.148,85
9569;3261;Savings;15.01.2026;$117.956,27
9570;3261;Checking;29.11.2025;$14.295,31
9571;3262;Savings;8.08.2024;$99.372,94
9572;3262;Credit Card;18.08.2024;-$961,40
9573;3262;Checking;11.09.2024;$16.959,14
9574;3263;Credit Card;5.07.2024;-$2.707,41
9575;3264;Checking;30.12.2025;$5.704,36
9576;3264;Savings;7.12.2025;$19.036,55
9577;3265;Credit Card;28.12.2023;-$3.898,96
9578;3266;Checking;24.08.2023;$132,02
9579;3266;Savings;11.08.2023;$89.776,67
9580;3267;Credit Card;1.05.2026;-$555,88
9581;3267;Checking;29.03.2026;$7.215,65
9582;3268;Checking;6.11.2023;$19.592,30
9583;3269;Checking;13.01.2025;$2.536,48
9584;3269;Credit Card;11.10.2024;-$3.575,01
9585;3269;Savings;23.11.2024;$86.906,31
9586;3270;Savings;8.02.2024;$17.699,98
9587;3270;Credit Card;8.02.2024;-$6.748,27
9588;3270;Checking;20.12.2023;$9.324,94
9589;3271;Credit Card;3.07.2025;-$3.898,13
9590;3272;Checking;20.12.2025;$3.603,31
9591;3272;Savings;16.02.2026;$118.382,72
9592;3272;Credit Card;13.12.2025;-$4.187,93
9593;3273;Credit Card;16.01.2024;-$605,80
9594;3273;Savings;3.10.2023;$47.694,25
9595;3273;Checking;29.09.2023;$7.800,65
9596;3274;Checking;23.04.2023;$16.864,79
9597;3274;Credit Card;25.05.2023;-$510,89
9598;3275;Credit Card;4.04.2026;-$246,59
9599;3275;Savings;8.04.2026;$48.175,11
9600;3275;Checking;1.05.2026;$19.137,71
9601;3276;Checking;15.01.2025;$14.347,12
9602;3276;Savings;24.07.2024;$69.360,44
9603;3277;Savings;23.09.2025;$24.073,44
9604;3277;Checking;9.01.2026;$6.156,88
9605;3278;Checking;23.03.2025;$856,38
9606;3278;Credit Card;29.06.2025;-$3.892,80
9607;3278;Savings;24.05.2025;$18.960,21
9608;3279;Credit Card;19.02.2024;-$4.163,43
9609;3280;Credit Card;15.11.2024;-$6.296,96
9610;3280;Savings;2.02.2025;$48.170,81
9611;3280;Checking;27.12.2024;$2.847,35
9612;3281;Checking;30.05.2025;$4.249,57
9613;3281;Savings;2.08.2025;$95.287,21
9614;3281;Credit Card;8.05.2025;-$2.354,13
9615;3282;Savings;29.08.2024;$102.055,65
9616;3283;Savings;21.11.2023;$57.567,24
9617;3284;Credit Card;1.08.2023;-$6.781,89
9618;3285;Credit Card;10.05.2025;-$5.518,14
9619;3285;Savings;27.04.2025;$66.249,77
9620;3285;Checking;10.09.2025;$15.923,90
9621;3286;Savings;6.01.2026;$55.341,75
9622;3286;Credit Card;9.08.2025;-$6.970,10
9623;3287;Savings;18.05.2025;$15.086,03
9624;3287;Checking;15.08.2025;$18.907,05
9625;3287;Credit Card;29.06.2025;-$6.418,63
9626;3288;Savings;6.04.2024;$93.520,44
9627;3289;Credit Card;30.03.2025;-$1.284,53
9628;3290;Credit Card;20.04.2025;-$4.520,53
9629;3291;Savings;31.05.2024;$66.398,16
9630;3292;Checking;8.08.2025;$8.636,85
9631;3293;Savings;1.04.2025;$104.712,99
9632;3294;Credit Card;3.04.2024;-$431,36
9633;3294;Savings;28.06.2024;$48.584,00
9634;3295;Checking;7.12.2023;$5.562,17
9635;3295;Credit Card;5.12.2023;-$1.782,44
9636;3295;Savings;27.01.2024;$44.998,53
9637;3296;Credit Card;3.09.2023;-$6.311,91
9638;3297;Checking;16.06.2024;$16.675,83
9639;3298;Checking;1.05.2026;$19.213,78
9640;3299;Savings;18.11.2023;$106.044,20
9641;3299;Credit Card;25.09.2023;-$4.989,81
9642;3299;Checking;2.03.2024;$16.229,47
9643;3300;Savings;1.05.2026;$68.115,53
9644;3300;Credit Card;1.05.2026;-$4.916,60
9645;3301;Savings;17.03.2023;$54.226,78
9646;3301;Credit Card;12.02.2023;-$6.123,44
9647;3301;Checking;7.07.2023;$11.410,94
9648;3302;Savings;22.08.2025;$71.355,96
9649;3302;Credit Card;20.06.2025;-$3.722,07
9650;3302;Checking;30.08.2025;$328,68
9651;3303;Savings;28.09.2023;$97.774,28
9652;3304;Savings;9.12.2024;$23.406,68
9653;3304;Credit Card;25.10.2024;-$1.729,03
9654;3304;Checking;7.01.2025;$17.196,73
9655;3305;Savings;14.02.2023;$14.487,83
9656;3305;Checking;25.04.2023;$511,74
9657;3305;Credit Card;1.07.2023;-$3.066,63
9658;3306;Credit Card;1.05.2026;-$2.537,41
9659;3306;Savings;25.04.2026;$10.548,37
9660;3307;Checking;31.12.2024;$2.581,49
9661;3307;Credit Card;18.12.2024;-$2.529,49
9662;3308;Credit Card;7.01.2024;-$324,40
9663;3309;Credit Card;24.06.2025;-$6,94
9664;3309;Checking;11.06.2025;$9.174,95
9665;3309;Savings;5.08.2025;$99.660,92
9666;3310;Credit Card;25.02.2025;-$857,65
9667;3311;Credit Card;1.05.2026;-$4.760,67
9668;3311;Savings;15.04.2026;$83.617,97
9669;3311;Checking;1.05.2026;$8.160,01
9670;3312;Savings;2.06.2023;$61.084,89
9671;3312;Checking;31.05.2023;$12.843,92
9672;3313;Savings;1.05.2026;$13.547,89
9673;3313;Checking;1.05.2026;$2.234,34
9674;3314;Credit Card;7.02.2026;-$474,47
9675;3314;Savings;7.01.2026;$28.829,67
9676;3315;Checking;18.03.2023;$10.975,24
9677;3315;Savings;30.04.2023;$118.049,61
9678;3315;Credit Card;31.07.2023;-$29,79
9679;3316;Credit Card;17.10.2023;-$5.497,55
9680;3316;Checking;19.02.2024;$1.621,33
9681;3316;Savings;11.01.2024;$5.043,71
9682;3317;Checking;17.05.2025;$18.029,18
9683;3318;Checking;24.10.2024;$845,44
9684;3319;Savings;14.07.2025;$117.907,46
9685;3320;Credit Card;19.02.2024;-$5.357,06
9686;3320;Checking;1.02.2024;$7.011,30
9687;3320;Savings;8.01.2024;$55.217,49
9688;3321;Credit Card;16.09.2023;-$4.054,24
9689;3321;Savings;7.11.2023;$115.568,61
9690;3322;Checking;20.08.2025;$19.168,61
9691;3322;Savings;3.03.2025;$9.057,06
9692;3323;Credit Card;15.03.2024;-$2.222,88
9693;3324;Credit Card;21.11.2023;-$3.181,75
9694;3324;Checking;24.11.2023;$12.639,50
9695;3324;Savings;30.10.2023;$78.266,36
9696;3325;Credit Card;12.10.2024;-$1.607,79
9697;3325;Checking;26.07.2024;$10.022,03
9698;3325;Savings;12.07.2024;$61.360,67
9699;3326;Checking;18.06.2024;$8.640,58
9700;3327;Credit Card;1.05.2026;-$4.702,72
9701;3328;Savings;13.04.2024;$117.993,00
9702;3328;Credit Card;26.04.2024;-$1.258,44
9703;3329;Savings;1.02.2024;$20.274,25
9704;3330;Credit Card;21.07.2025;-$1.295,66
9705;3330;Savings;7.09.2025;$107.577,89
9706;3331;Savings;24.02.2025;$46.234,16
9707;3331;Checking;9.02.2025;$19.696,90
9708;3332;Credit Card;21.05.2025;-$896,88
9709;3332;Savings;9.04.2025;$55.872,04
9710;3333;Checking;10.03.2024;$19.302,40
9711;3334;Savings;1.05.2026;$108.325,60
9712;3334;Credit Card;1.05.2026;-$1.105,85
9713;3335;Credit Card;30.01.2025;-$629,18
9714;3335;Savings;2.01.2025;$73.236,77
9715;3335;Checking;2.03.2025;$7.019,36
9716;3336;Credit Card;10.05.2024;-$3.640,85
9717;3336;Checking;9.07.2024;$3.626,13
9718;3336;Savings;27.06.2024;$88.521,05
9719;3337;Checking;4.09.2024;$920,34
9720;3338;Checking;2.02.2025;$992,68
9721;3338;Credit Card;28.02.2025;-$793,28
9722;3339;Credit Card;7.07.2023;-$485,11
9723;3339;Savings;17.05.2023;$92.659,65
9724;3339;Checking;3.03.2023;$6.941,79
9725;3340;Checking;8.04.2024;$9.007,24
9726;3340;Savings;17.04.2024;$64.729,61
9727;3341;Checking;22.07.2023;$18.685,84
9728;3342;Credit Card;25.06.2023;-$6.405,40
9729;3343;Credit Card;16.06.2023;-$2.912,17
9730;3344;Checking;19.03.2026;$11.858,66
9731;3344;Savings;10.02.2026;$46.396,60
9732;3345;Savings;24.07.2025;$82.960,95
9733;3345;Checking;30.08.2025;$7.545,08
9734;3345;Credit Card;16.06.2025;-$5.338,24
9735;3346;Checking;22.03.2026;$9.957,57
9736;3347;Savings;19.01.2025;$13.956,46
9737;3347;Checking;9.06.2025;$17.473,37
9738;3347;Credit Card;6.06.2025;-$1.779,01
9739;3348;Savings;5.08.2025;$91.551,53
9740;3348;Credit Card;11.05.2025;-$2.667,22
9741;3349;Checking;17.12.2023;$5.436,40
9742;3350;Credit Card;20.05.2024;-$1.397,97
9743;3350;Checking;27.07.2024;$7.071,71
9744;3350;Savings;25.07.2024;$88.631,64
9745;3351;Checking;17.01.2025;$6.072,12
9746;3352;Savings;19.10.2023;$88.688,30
9747;3352;Checking;19.12.2023;$15.387,92
9748;3352;Credit Card;4.10.2023;-$5.389,19
9749;3353;Savings;20.02.2024;$47.266,38
9750;3353;Checking;12.11.2023;$14.428,87
9751;3353;Credit Card;31.03.2024;-$2.825,48
9752;3354;Savings;17.05.2025;$68.133,07
9753;3354;Checking;20.02.2025;$15.251,29
9754;3354;Credit Card;3.06.2025;-$1.361,18
9755;3355;Checking;1.11.2025;$6.839,91
9756;3356;Savings;1.05.2026;$12.686,25
9757;3356;Checking;1.05.2026;$18.023,64
9758;3356;Credit Card;18.04.2026;-$549,15
9759;3357;Credit Card;18.09.2023;-$6.131,49
9760;3358;Checking;29.01.2025;$10.985,51
9761;3358;Savings;9.12.2024;$30.459,75
9762;3358;Credit Card;8.11.2024;-$2.712,84
9763;3359;Checking;4.06.2023;$3.018,57
9764;3360;Savings;7.01.2026;$47.319,20
9765;3360;Checking;9.02.2026;$4.006,66
9766;3360;Credit Card;30.09.2025;-$4.593,03
9767;3361;Checking;15.11.2023;$6.215,74
9768;3362;Checking;20.02.2025;$19.947,51
9769;3363;Credit Card;13.04.2026;-$5.376,83
9770;3363;Savings;21.04.2026;$109.459,37
9771;3363;Checking;5.02.2026;$16.562,79
9772;3364;Checking;12.04.2025;$6.009,11
9773;3364;Credit Card;2.07.2025;-$2.502,37
9774;3365;Checking;23.04.2026;$17.551,17
9775;3366;Credit Card;2.10.2023;-$5.724,79
9776;3366;Checking;29.09.2023;$1.505,85
9777;3366;Savings;13.08.2023;$47.843,29
9778;3367;Credit Card;16.07.2025;-$5.780,29
9779;3367;Checking;7.05.2025;$8.739,24
9780;3368;Checking;6.05.2024;$14.807,57
9781;3368;Credit Card;2.10.2024;-$703,93
9782;3368;Savings;1.08.2024;$114.928,76
9783;3369;Savings;18.04.2024;$59.849,54
9784;3370;Credit Card;12.03.2025;-$1.870,29
9785;3370;Checking;12.08.2025;$6.219,25
9786;3371;Credit Card;24.10.2024;-$5.116,61
9787;3371;Savings;26.01.2025;$63.220,47
9788;3372;Checking;10.01.2025;$2.281,10
9789;3372;Credit Card;18.04.2025;-$6.368,83
9790;3372;Savings;15.12.2024;$70.767,35
9791;3373;Savings;26.03.2024;$5.994,05
9792;3373;Checking;18.01.2024;$14.820,88
9793;3374;Savings;9.02.2024;$62.606,48
9794;3374;Checking;1.04.2024;$7.934,82
9795;3375;Checking;1.05.2026;$15.605,78
9796;3375;Credit Card;1.05.2026;-$3.807,14
9797;3376;Checking;17.03.2024;$3.876,81
9798;3376;Credit Card;11.10.2023;-$4.164,71
9799;3377;Checking;15.06.2025;$6.618,06
9800;3377;Credit Card;5.05.2025;-$1.800,12
9801;3378;Savings;5.03.2026;$42.914,19
9802;3378;Credit Card;14.01.2026;-$341,13
9803;3378;Checking;26.11.2025;$10.798,53
9804;3379;Checking;6.04.2025;$4.523,36
9805;3379;Savings;27.06.2025;$74.417,90
9806;3380;Credit Card;5.08.2023;-$1.689,93
9807;3380;Savings;8.06.2023;$79.818,12
9808;3380;Checking;3.04.2023;$10.052,92
9809;3381;Credit Card;24.08.2024;-$2.164,87
9810;3381;Checking;17.07.2024;$19.585,73
9811;3382;Checking;28.09.2023;$5.443,07
9812;3382;Credit Card;19.12.2023;-$5.851,49
9813;3383;Savings;14.09.2024;$64.516,51
9814;3384;Credit Card;21.12.2023;-$4.658,54
9815;3384;Savings;18.08.2023;$74.642,21
9816;3385;Credit Card;26.08.2024;-$4.481,75
9817;3385;Checking;20.05.2024;$10.204,35
9818;3385;Savings;14.08.2024;$54.296,31
9819;3386;Savings;5.12.2023;$45.861,18
9820;3386;Credit Card;5.03.2024;-$6.908,63
9821;3386;Checking;20.11.2023;$3.801,22
9822;3387;Checking;25.07.2023;$19.061,56
9823;3388;Checking;1.05.2025;$2.595,81
9824;3388;Savings;10.04.2025;$94.379,69
9825;3389;Credit Card;13.02.2024;-$795,31
9826;3389;Checking;15.02.2024;$4.437,68
9827;3390;Savings;2.06.2024;$13.269,73
9828;3391;Credit Card;29.12.2024;-$2.380,06
9829;3391;Checking;21.10.2024;$2.170,84
9830;3392;Credit Card;16.08.2023;-$875,90
9831;3393;Savings;7.08.2023;$93.042,46
9832;3394;Savings;3.03.2024;$67.033,21
9833;3395;Checking;21.04.2026;$3.433,04
9834;3395;Savings;1.05.2026;$52.657,80
9835;3395;Credit Card;12.04.2026;-$6.408,48
9836;3396;Savings;6.10.2024;$22.917,47
9837;3396;Checking;15.02.2025;$902,13
9838;3396;Credit Card;9.01.2025;-$6.842,80
9839;3397;Savings;26.04.2024;$104.841,11
9840;3397;Checking;20.05.2024;$6.489,33
9841;3397;Credit Card;3.03.2024;-$6.893,37
9842;3398;Checking;10.05.2025;$12.117,43
9843;3398;Savings;4.06.2025;$67.981,48
9844;3398;Credit Card;18.07.2025;-$2.094,19
9845;3399;Credit Card;24.10.2025;-$1.928,53
9846;3400;Credit Card;1.03.2023;-$2.077,43
9847;3400;Checking;23.03.2023;$1.316,45
9848;3400;Savings;6.06.2023;$77.436,32
9849;3401;Checking;1.05.2026;$14.251,58
9850;3402;Savings;2.03.2024;$27.848,55
9851;3402;Checking;30.12.2023;$14.139,02
9852;3403;Savings;2.10.2025;$109.053,38
9853;3404;Savings;2.05.2024;$113.262,45
9854;3405;Credit Card;1.05.2026;-$6.658,96
9855;3405;Savings;1.05.2026;$89.769,82
9856;3405;Checking;25.04.2026;$4.826,39
9857;3406;Checking;15.02.2023;$13.524,96
9858;3406;Savings;15.06.2023;$80.946,63
9859;3406;Credit Card;4.05.2023;-$3.955,63
9860;3407;Checking;1.05.2026;$4.936,73
9861;3407;Credit Card;1.05.2026;-$5.645,11
9862;3407;Savings;1.05.2026;$36.160,20
9863;3408;Savings;21.06.2023;$25.455,52
9864;3409;Checking;31.08.2025;$4.341,73
9865;3409;Savings;29.10.2025;$45.221,59
9866;3410;Credit Card;28.08.2024;-$4.123,89
9867;3410;Savings;16.06.2024;$54.888,82
9868;3410;Checking;11.05.2024;$12.972,93
9869;3411;Checking;15.07.2025;$10.120,10
9870;3411;Credit Card;3.09.2025;-$3.681,97
9871;3411;Savings;4.07.2025;$79.089,69
9872;3412;Checking;31.01.2026;$10.162,39
9873;3413;Checking;29.02.2024;$16.696,24
9874;3414;Savings;14.08.2023;$47.511,66
9875;3415;Checking;18.07.2024;$12.868,38
9876;3415;Savings;12.05.2024;$17.446,49
9877;3415;Credit Card;10.09.2024;-$1.342,18
9878;3416;Savings;27.12.2025;$92.605,16
9879;3416;Checking;4.02.2026;$6.505,31
9880;3416;Credit Card;27.10.2025;-$4.715,10
9881;3417;Checking;21.09.2023;$12.724,42
9882;3417;Credit Card;21.05.2023;-$4.432,26
9883;3418;Credit Card;17.03.2025;-$1.349,07
9884;3418;Checking;2.04.2025;$9.577,00
9885;3418;Savings;9.01.2025;$68.728,37
9886;3419;Credit Card;1.05.2026;-$1.085,02
9887;3419;Checking;1.05.2026;$6.457,90
9888;3419;Savings;8.03.2026;$90.052,13
9889;3420;Credit Card;14.10.2023;-$3.743,16
9890;3420;Checking;21.06.2023;$10.190,02
9891;3420;Savings;10.09.2023;$104.038,07
9892;3421;Checking;11.11.2024;$9.713,15
9893;3421;Credit Card;4.11.2024;-$1.437,95
9894;3422;Savings;6.01.2025;$32.468,18
9895;3422;Checking;14.11.2024;$5.492,59
9896;3422;Credit Card;3.09.2024;-$4.566,38
9897;3423;Checking;1.10.2024;$12.694,97
9898;3423;Savings;15.08.2024;$7.794,04
9899;3423;Credit Card;18.07.2024;-$3.980,97
9900;3424;Savings;13.07.2023;$94.513,24
9901;3424;Credit Card;20.10.2023;-$1.659,74
9902;3425;Credit Card;18.06.2025;-$3.152,86
9903;3425;Checking;8.10.2025;$18.287,01
9904;3426;Savings;12.01.2025;$102.542,56
9905;3427;Checking;31.12.2023;$17.169,01
9906;3428;Credit Card;5.02.2025;-$5.298,71
9907;3428;Checking;11.02.2025;$821,98
9908;3428;Savings;26.11.2024;$56.037,41
9909;3429;Credit Card;7.09.2024;-$2.604,40
9910;3430;Savings;6.08.2023;$115.298,89
9911;3430;Checking;30.07.2023;$2.785,12
9912;3430;Credit Card;9.10.2023;-$2.551,92
9913;3431;Checking;2.07.2025;$14.944,09
9914;3432;Credit Card;27.05.2025;-$2.709,06
9915;3432;Savings;19.03.2025;$74.759,44
9916;3432;Checking;13.02.2025;$11.175,16
9917;3433;Credit Card;10.08.2024;-$5.261,80
9918;3434;Savings;10.07.2025;$15.051,21
9919;3434;Credit Card;19.05.2025;-$3.396,31
9920;3435;Credit Card;5.06.2025;-$4.424,18
9921;3435;Savings;20.04.2025;$104.250,31
9922;3435;Checking;12.06.2025;$12.917,54
9923;3436;Checking;10.12.2023;$1.588,96
9924;3437;Credit Card;26.07.2024;-$5.206,70
9925;3438;Credit Card;27.09.2023;-$558,55
9926;3438;Checking;2.03.2024;$8.542,95
9927;3438;Savings;20.11.2023;$41.469,90
9928;3439;Credit Card;2.01.2026;-$771,57
9929;3440;Savings;26.03.2026;$45.651,34
9930;3440;Credit Card;9.03.2026;-$247,67
9931;3440;Checking;1.02.2026;$2.626,94
9932;3441;Savings;21.04.2025;$105.230,73
9933;3441;Credit Card;16.08.2025;-$411,36
9934;3442;Credit Card;4.02.2024;-$2.101,24
9935;3442;Savings;19.04.2024;$48.726,33
9936;3442;Checking;29.05.2024;$5.770,29
9937;3443;Credit Card;19.02.2025;-$4.292,71
9938;3443;Savings;27.01.2025;$106.898,78
9939;3444;Credit Card;1.05.2026;-$2.608,81
9940;3444;Savings;1.05.2026;$44.852,61
9941;3444;Checking;1.05.2026;$15.331,63
9942;3445;Savings;25.10.2024;$80.477,79
9943;3446;Checking;3.04.2024;$4.180,29
9944;3446;Credit Card;20.04.2024;-$3.769,54
9945;3446;Savings;1.02.2024;$65.236,07
9946;3447;Checking;30.04.2023;$143,36
9947;3447;Credit Card;26.06.2023;-$1.075,64
9948;3448;Savings;1.05.2026;$19.555,80
9949;3448;Checking;1.05.2026;$8.721,26
9950;3448;Credit Card;18.02.2026;-$3.036,32
9951;3449;Savings;13.05.2024;$36.031,04
9952;3449;Checking;8.06.2024;$16.997,49
9953;3449;Credit Card;20.02.2024;-$4.751,60
9954;3450;Credit Card;22.11.2023;-$1.146,17
9955;3450;Savings;5.10.2023;$45.211,13
9956;3451;Credit Card;3.02.2024;-$5.688,43
9957;3452;Savings;24.01.2025;$76.440,13
9958;3452;Credit Card;23.03.2025;-$4.114,22
9959;3453;Savings;30.05.2025;$46.061,99
9960;3454;Checking;22.11.2025;$1.740,56
9961;3454;Savings;11.11.2025;$80.448,31
9962;3455;Credit Card;6.03.2026;-$1.875,16
9963;3455;Savings;20.11.2025;$29.106,20
9964;3455;Checking;19.10.2025;$8.285,21
9965;3456;Credit Card;27.12.2025;-$3.080,61
9966;3456;Savings;6.09.2025;$60.418,05
9967;3457;Credit Card;10.08.2025;-$1.669,66
9968;3457;Checking;24.07.2025;$10.614,01
9969;3458;Credit Card;1.05.2026;-$1.050,48
9970;3458;Savings;1.05.2026;$9.515,82
9971;3459;Savings;11.11.2024;$81.382,78
9972;3459;Credit Card;12.11.2024;-$1.023,61
9973;3459;Checking;2.10.2024;$482,79
9974;3460;Savings;4.05.2024;$70.708,48
9975;3460;Checking;11.04.2024;$18.853,09
9976;3460;Credit Card;17.02.2024;-$1.869,21
9977;3461;Credit Card;14.07.2023;-$214,12
9978;3461;Savings;22.08.2023;$39.662,52
9979;3462;Checking;20.06.2025;$6.746,54
9980;3462;Credit Card;2.08.2025;-$1.159,85
9981;3462;Savings;21.04.2025;$42.912,42
9982;3463;Savings;7.06.2025;$70.421,46
9983;3463;Checking;29.07.2025;$8.608,57
9984;3463;Credit Card;28.08.2025;-$5.547,28
9985;3464;Savings;7.09.2025;$84.817,26
9986;3465;Savings;1.05.2026;$90.687,46
9987;3466;Checking;22.05.2024;$5.323,24
9988;3466;Credit Card;16.03.2024;-$1.043,97
9989;3467;Credit Card;17.01.2024;-$1.288,59
9990;3468;Checking;22.01.2025;$5.587,36
9991;3468;Credit Card;13.06.2025;-$471,32
9992;3468;Savings;7.01.2025;$84.717,70
9993;3469;Checking;26.07.2024;$3.262,62
9994;3470;Savings;11.10.2024;$94.935,53
9995;3470;Checking;26.11.2024;$7.440,20
9996;3470;Credit Card;20.10.2024;-$6.214,72
9997;3471;Credit Card;4.03.2024;-$3.114,77
9998;3471;Checking;15.05.2024;$4.443,91
9999;3471;Savings;5.06.2024;$76.106,51
10000;3472;Credit Card;19.09.2025;-$4.398,09
10001;3473;Credit Card;2.05.2024;-$3.249,98
10002;3473;Checking;3.01.2024;$14.908,95
10003;3474;Savings;10.10.2023;$5.431,35
10004;3474;Checking;27.09.2023;$18.060,87
10005;3475;Savings;21.09.2025;$75.960,19
10006;3476;Savings;5.09.2024;$62.689,42
10007;3477;Savings;11.06.2023;$11.512,96
10008;3477;Credit Card;24.05.2023;-$1.776,27
10009;3477;Checking;9.05.2023;$6.479,15
10010;3478;Credit Card;18.09.2025;-$6.589,99
10011;3478;Savings;4.02.2026;$70.913,32
10012;3479;Savings;4.04.2025;$66.033,26
10013;3479;Checking;30.03.2025;$3.181,61
10014;3480;Checking;3.03.2025;$5.153,99
10015;3481;Checking;18.04.2026;$2.394,91
10016;3481;Savings;20.03.2026;$29.951,34
10017;3482;Credit Card;5.02.2025;-$1.718,86
10018;3483;Savings;20.08.2025;$88.975,06
10019;3483;Checking;19.11.2025;$8.697,00
10020;3484;Savings;13.10.2025;$46.598,40
10021;3484;Checking;24.08.2025;$5.192,94
10022;3485;Savings;5.02.2023;$42.706,52
10023;3486;Credit Card;26.04.2025;-$609,52
10024;3487;Credit Card;14.01.2024;-$5.092,92
10025;3487;Checking;3.12.2023;$18.511,84
10026;3487;Savings;9.11.2023;$8.175,18
10027;3488;Checking;5.02.2026;$5.728,23
10028;3488;Savings;10.02.2026;$96.463,08
10029;3489;Checking;9.04.2026;$16.329,46
10030;3489;Savings;1.05.2026;$35.821,15
10031;3489;Credit Card;7.03.2026;-$3.806,15
10032;3490;Savings;4.03.2024;$60.008,87
10033;3490;Checking;15.12.2023;$4.796,21
10034;3490;Credit Card;28.01.2024;-$5.520,96
10035;3491;Credit Card;11.01.2024;-$1.191,70
10036;3492;Savings;8.06.2025;$72.681,93
10037;3492;Credit Card;27.10.2025;-$600,16
10038;3493;Savings;7.02.2025;$24.523,14
10039;3493;Checking;10.06.2025;$13.631,23
10040;3494;Checking;1.05.2026;$10.869,78
10041;3494;Savings;1.05.2026;$58.337,03
10042;3495;Savings;28.07.2025;$14.727,75
10043;3495;Checking;1.10.2025;$19.817,30
10044;3496;Savings;4.01.2025;$41.798,10
10045;3496;Credit Card;28.11.2024;-$6.938,78
10046;3497;Checking;26.08.2024;$1.445,85
10047;3497;Credit Card;20.06.2024;-$606,45
10048;3498;Checking;22.09.2024;$10.299,87
10049;3498;Savings;17.07.2024;$25.253,20
10050;3498;Credit Card;26.11.2024;-$3.844,20
10051;3499;Savings;6.10.2025;$43.364,50
10052;3499;Checking;5.03.2026;$8.489,01
10053;3500;Savings;26.03.2025;$21.842,99
10054;3501;Savings;1.05.2026;$63.734,50
10055;3501;Credit Card;9.03.2026;-$1.550,06
10056;3501;Checking;2.04.2026;$1.930,41
10057;3502;Savings;1.05.2026;$92.326,51
10058;3502;Checking;9.04.2026;$17.872,31
10059;3503;Credit Card;29.04.2025;-$5.953,56
10060;3504;Checking;14.09.2025;$7.619,07
10061;3504;Savings;14.01.2026;$11.219,63
10062;3505;Checking;12.08.2024;$5.814,84
10063;3506;Savings;20.09.2023;$41.111,05
10064;3506;Credit Card;22.08.2023;-$2.023,69
10065;3507;Credit Card;20.02.2024;-$2.405,78
10066;3508;Checking;11.11.2024;$17.392,93
10067;3508;Credit Card;28.02.2025;-$1.285,04
10068;3509;Checking;11.11.2025;$4.642,70
10069;3510;Savings;8.01.2026;$56.659,99
10070;3511;Savings;30.04.2023;$50.228,60
10071;3511;Credit Card;14.02.2023;-$5.472,65
10072;3512;Savings;3.09.2023;$90.925,45
10073;3512;Credit Card;27.09.2023;-$4.810,72
10074;3512;Checking;13.09.2023;$19.675,94
10075;3513;Savings;2.09.2023;$91.722,22
10076;3513;Credit Card;20.10.2023;-$5.618,43
10077;3514;Credit Card;25.11.2023;-$2.811,86
10078;3515;Checking;2.11.2023;$9.536,89
10079;3516;Savings;27.03.2026;$20.363,80
10080;3517;Credit Card;9.10.2024;-$6.774,10
10081;3517;Checking;29.01.2025;$12.279,04
10082;3517;Savings;4.02.2025;$100.658,94
10083;3518;Checking;29.09.2025;$19.596,03
10084;3518;Savings;10.07.2025;$56.867,86
10085;3519;Savings;1.04.2023;$84.734,76
10086;3519;Checking;30.03.2023;$2.676,86
10087;3519;Credit Card;4.07.2023;-$1.765,63
10088;3520;Checking;27.02.2025;$18.354,66
10089;3520;Savings;20.02.2025;$51.872,91
10090;3521;Savings;3.08.2024;$32.284,29
10091;3521;Checking;23.11.2024;$11.375,21
10092;3522;Savings;13.03.2026;$6.148,81
10093;3522;Checking;21.02.2026;$10.658,72
10094;3523;Checking;15.06.2025;$17.350,13
10095;3523;Savings;6.07.2025;$79.004,54
10096;3524;Savings;24.10.2023;$28.731,34
10097;3524;Checking;25.05.2023;$15.861,44
10098;3525;Checking;21.03.2026;$19.034,85
10099;3526;Credit Card;20.11.2023;-$6.905,79
10100;3527;Savings;30.01.2025;$69.665,94
10101;3527;Checking;19.09.2024;$7.377,23
10102;3527;Credit Card;26.10.2024;-$5.062,69
10103;3528;Credit Card;12.06.2024;-$5.724,39
10104;3529;Checking;7.06.2025;$1.898,86
10105;3529;Credit Card;17.05.2025;-$3.472,19
10106;3530;Savings;7.05.2023;$89.114,32
10107;3531;Credit Card;2.06.2024;-$4.766,23
10108;3531;Checking;20.04.2024;$17.036,74
10109;3531;Savings;1.06.2024;$115.792,19
10110;3532;Checking;14.09.2024;$10.561,68
10111;3532;Credit Card;17.07.2024;-$2.382,33
10112;3533;Checking;21.06.2025;$16.610,01
10113;3533;Savings;22.07.2025;$25.426,88
10114;3533;Credit Card;3.08.2025;-$2.961,29
10115;3534;Savings;5.12.2024;$25.639,67
10116;3534;Checking;11.03.2025;$3.287,43
10117;3535;Checking;30.07.2024;$1.405,11
10118;3535;Credit Card;27.09.2024;-$740,19
10119;3536;Savings;2.01.2024;$58.821,34
10120;3536;Credit Card;7.01.2024;-$2.382,25
10121;3537;Credit Card;9.07.2025;-$3.337,80
10122;3538;Savings;23.09.2025;$35.832,64
10123;3539;Savings;16.11.2025;$103.474,38
10124;3539;Credit Card;2.12.2025;-$2.372,02
10125;3540;Credit Card;10.11.2024;-$1.616,18
10126;3541;Checking;19.09.2023;$13.189,48
10127;3542;Credit Card;21.05.2024;-$6.376,91
10128;3542;Savings;3.08.2024;$114.805,22
10129;3543;Credit Card;17.08.2024;-$6.978,71
10130;3543;Checking;15.06.2024;$17.165,93
10131;3543;Savings;27.05.2024;$82.125,55
10132;3544;Savings;19.10.2023;$16.332,01
10133;3545;Checking;12.08.2025;$14.470,21
10134;3546;Credit Card;8.03.2024;-$663,05
10135;3546;Checking;9.11.2023;$3.761,03
10136;3546;Savings;4.11.2023;$79.455,83
10137;3547;Credit Card;1.05.2026;-$2.633,26
10138;3548;Credit Card;18.10.2025;-$4.508,98
10139;3548;Checking;23.12.2025;$8.849,97
10140;3549;Checking;25.07.2025;$6.908,22
10141;3550;Credit Card;17.10.2024;-$2.801,63
10142;3550;Savings;6.11.2024;$115.963,79
10143;3550;Checking;25.10.2024;$2.691,88
10144;3551;Checking;1.07.2023;$6.424,41
10145;3551;Savings;17.04.2023;$88.866,85
10146;3551;Credit Card;13.08.2023;-$5.912,52
10147;3552;Savings;29.03.2023;$64.682,72
10148;3553;Savings;25.02.2025;$25.984,83
10149;3553;Checking;11.02.2025;$5.191,58
10150;3554;Checking;1.05.2026;$16.668,67
10151;3555;Checking;5.01.2025;$17.643,98
10152;3555;Credit Card;23.03.2025;-$6.049,86
10153;3555;Savings;15.12.2024;$60.214,64
10154;3556;Savings;12.07.2025;$50.098,65
10155;3556;Checking;21.06.2025;$9.644,82
10156;3557;Savings;11.02.2025;$112.033,62
10157;3557;Credit Card;20.10.2024;-$40,41
10158;3557;Checking;26.11.2024;$16.475,36
10159;3558;Credit Card;29.01.2024;-$4.823,66
10160;3559;Credit Card;5.06.2023;-$53,14
10161;3559;Savings;5.08.2023;$93.835,96
10162;3559;Checking;5.07.2023;$7.810,38
10163;3560;Credit Card;24.07.2024;-$5.034,40
10164;3560;Checking;24.07.2024;$5.641,52
10165;3560;Savings;3.09.2024;$26.049,88
10166;3561;Credit Card;12.11.2023;-$2.976,56
10167;3562;Checking;19.02.2024;$10.075,34
10168;3562;Credit Card;23.02.2024;-$5.925,86
10169;3562;Savings;25.02.2024;$104.776,22
10170;3563;Credit Card;16.06.2024;-$5.485,30
10171;3563;Savings;26.05.2024;$6.477,12
10172;3564;Checking;22.11.2023;$17.531,53
10173;3565;Savings;23.08.2025;$73.540,29
10174;3565;Credit Card;22.10.2025;-$1.755,02
10175;3565;Checking;21.10.2025;$7.963,23
10176;3566;Savings;11.06.2025;$94.791,58
10177;3566;Credit Card;18.03.2025;-$2.268,71
10178;3566;Checking;25.04.2025;$8.774,34
10179;3567;Credit Card;23.01.2024;-$5.651,26
10180;3568;Credit Card;1.11.2023;-$585,85
10181;3568;Checking;11.01.2024;$14.530,03
10182;3569;Savings;25.05.2024;$63.656,23
10183;3569;Credit Card;8.04.2024;-$1.407,07
10184;3570;Credit Card;22.01.2025;-$596,85
10185;3570;Savings;13.11.2024;$23.935,94
10186;3571;Credit Card;24.10.2024;-$852,21
10187;3571;Checking;1.06.2024;$3.006,11
10188;3572;Savings;22.12.2023;$81.950,37
10189;3572;Credit Card;29.04.2024;-$3.132,91
10190;3572;Checking;12.01.2024;$12.895,24
10191;3573;Checking;1.05.2026;$1.533,60
10192;3573;Savings;1.05.2026;$88.350,13
10193;3574;Credit Card;10.04.2026;-$631,56
10194;3574;Checking;17.03.2026;$19.113,52
10195;3575;Savings;11.04.2025;$54.718,06
10196;3575;Checking;30.04.2025;$1.870,30
10197;3576;Credit Card;23.02.2025;-$1.729,23
10198;3576;Checking;3.12.2024;$4.918,19
10199;3576;Savings;19.01.2025;$27.921,78
10200;3577;Savings;9.11.2025;$78.580,60
10201;3577;Checking;27.10.2025;$13.323,15
10202;3577;Credit Card;14.01.2026;-$3.444,55
10203;3578;Credit Card;8.12.2023;-$4.648,37
10204;3579;Credit Card;3.11.2025;-$3.619,67
10205;3580;Checking;1.05.2026;$5.542,87
10206;3580;Credit Card;1.05.2026;-$6.700,68
10207;3581;Credit Card;7.10.2023;-$954,94
10208;3581;Savings;19.09.2023;$93.706,78
10209;3581;Checking;2.03.2024;$15.517,74
10210;3582;Credit Card;29.05.2024;-$6.290,80
10211;3582;Savings;4.06.2024;$74.019,23
10212;3583;Savings;17.05.2025;$67.742,69
10213;3584;Credit Card;20.06.2023;-$1.440,98
10214;3584;Savings;8.03.2023;$60.149,60
10215;3584;Checking;5.02.2023;$4.960,09
10216;3585;Savings;30.10.2023;$5.237,75
10217;3585;Checking;29.03.2024;$9.558,16
10218;3586;Checking;8.11.2023;$19.944,21
10219;3586;Credit Card;1.11.2023;-$5.097,45
10220;3586;Savings;8.12.2023;$61.383,54
10221;3587;Savings;9.09.2024;$47.287,26
10222;3587;Credit Card;16.09.2024;-$2.622,65
10223;3588;Credit Card;12.08.2025;-$2.695,42
10224;3588;Checking;16.09.2025;$1.805,69
10225;3589;Credit Card;12.07.2023;-$6.983,06
10226;3589;Checking;15.04.2023;$4.746,70
10227;3590;Checking;23.12.2025;$11.187,65
10228;3590;Savings;18.03.2026;$95.884,52
10229;3590;Credit Card;23.12.2025;-$1.586,46
10230;3591;Savings;1.05.2026;$56.868,30
10231;3591;Credit Card;1.05.2026;-$47,07
10232;3592;Savings;29.09.2025;$100.988,93
10233;3592;Checking;11.12.2025;$15.325,60
10234;3593;Credit Card;7.11.2023;-$357,26
10235;3593;Checking;22.11.2023;$14.380,89
10236;3594;Checking;14.05.2025;$10.496,75
10237;3594;Credit Card;7.09.2025;-$6.714,17
10238;3595;Checking;22.02.2025;$18.012,65
10239;3595;Credit Card;2.11.2024;-$5.801,45
10240;3596;Credit Card;4.12.2025;-$4.323,55
10241;3596;Checking;11.01.2026;$18.065,47
10242;3596;Savings;1.05.2026;$109.033,37
10243;3597;Credit Card;8.06.2024;-$3.000,68
10244;3598;Savings;22.05.2025;$78.395,90
10245;3598;Credit Card;12.10.2025;-$2.007,69
10246;3598;Checking;30.08.2025;$15.845,71
10247;3599;Credit Card;1.06.2025;-$1.687,55
10248;3600;Savings;14.05.2023;$49.278,85
10249;3601;Checking;28.09.2024;$11.323,81
10250;3602;Savings;17.09.2025;$73.325,11
10251;3602;Credit Card;5.09.2025;-$2.216,79
10252;3603;Credit Card;7.08.2024;-$5.172,97
10253;3603;Checking;27.07.2024;$18.701,98
10254;3603;Savings;5.05.2024;$48.231,33
10255;3604;Checking;7.11.2023;$8.009,57
10256;3604;Credit Card;4.09.2023;-$892,75
10257;3604;Savings;22.01.2024;$63.875,76
10258;3605;Checking;27.05.2025;$1.246,63
10259;3605;Credit Card;28.07.2025;-$4.929,84
10260;3606;Savings;9.04.2025;$96.971,58
10261;3606;Checking;28.12.2024;$5.902,32
10262;3606;Credit Card;2.01.2025;-$3.415,88
10263;3607;Checking;14.09.2023;$10.578,28
10264;3607;Savings;27.10.2023;$34.573,04
10265;3608;Credit Card;10.04.2023;-$5.482,01
10266;3608;Savings;13.06.2023;$91.931,28
10267;3609;Credit Card;9.01.2025;-$2.732,58
10268;3610;Savings;13.05.2024;$37.155,39
10269;3610;Credit Card;27.02.2024;-$550,56
10270;3610;Checking;21.03.2024;$7.614,09
10271;3611;Credit Card;12.09.2023;-$4.629,07
10272;3612;Savings;16.08.2024;$95.687,15
10273;3612;Checking;9.03.2024;$3.157,73
10274;3612;Credit Card;5.08.2024;-$6.472,13
10275;3613;Checking;1.05.2026;$12.365,39
10276;3613;Savings;1.05.2026;$26.168,99
10277;3614;Checking;10.11.2025;$3.894,02
10278;3614;Savings;27.09.2025;$24.740,54
10279;3614;Credit Card;4.09.2025;-$958,21
10280;3615;Savings;28.10.2024;$113.538,57
10281;3615;Checking;18.01.2025;$2.364,50
10282;3615;Credit Card;10.03.2025;-$3.341,66
10283;3616;Savings;2.07.2023;$40.323,63
10284;3617;Savings;2.12.2024;$54.388,14
10285;3618;Credit Card;7.01.2025;-$950,22
10286;3618;Checking;18.02.2025;$8.897,57
10287;3618;Savings;29.10.2024;$75.221,22
10288;3619;Credit Card;27.06.2024;-$4.067,54
10289;3619;Checking;14.05.2024;$1.099,39
10290;3619;Savings;27.01.2024;$98.571,39
10291;3620;Credit Card;31.08.2024;-$5.140,70
10292;3621;Savings;1.05.2026;$83.715,67
10293;3621;Checking;1.05.2026;$2.544,50
10294;3622;Credit Card;19.01.2024;-$6.649,30
10295;3622;Checking;6.11.2023;$8.081,96
10296;3623;Savings;26.01.2026;$59.718,58
10297;3624;Savings;24.12.2024;$93.957,05
10298;3624;Credit Card;29.11.2024;-$1.863,75
10299;3625;Savings;3.08.2023;$119.630,06
10300;3626;Checking;11.04.2024;$7.230,04
10301;3627;Savings;23.11.2023;$34.825,38
10302;3627;Checking;31.10.2023;$10.489,65
10303;3628;Credit Card;13.09.2024;-$1.676,52
10304;3629;Checking;17.06.2024;$12.374,06
10305;3630;Savings;28.03.2025;$90.472,89
10306;3630;Checking;18.04.2025;$14.608,50
10307;3630;Credit Card;25.12.2024;-$209,95
10308;3631;Credit Card;2.04.2026;-$4.183,89
10309;3631;Savings;1.05.2026;$81.856,46
10310;3631;Checking;8.04.2026;$15.816,40
10311;3632;Savings;7.10.2023;$100.261,90
10312;3632;Credit Card;29.09.2023;-$1.868,80
10313;3632;Checking;23.05.2023;$8.179,13
10314;3633;Checking;13.01.2025;$9.868,08
10315;3633;Savings;8.02.2025;$16.724,01
10316;3633;Credit Card;18.10.2024;-$6.676,89
10317;3634;Checking;27.10.2025;$18.272,74
10318;3634;Credit Card;6.02.2026;-$1.251,54
10319;3635;Checking;1.06.2023;$7.916,61
10320;3635;Savings;21.05.2023;$44.230,60
10321;3636;Credit Card;1.05.2026;-$2.663,67
10322;3636;Checking;29.03.2026;$2.898,46
10323;3637;Savings;14.08.2023;$109.320,97
10324;3638;Credit Card;14.11.2023;-$1.136,87
10325;3638;Savings;11.07.2023;$30.776,40
10326;3639;Credit Card;16.12.2023;-$779,23
10327;3639;Savings;9.03.2024;$84.877,70
10328;3640;Savings;16.09.2024;$32.842,47
10329;3641;Savings;3.02.2026;$43.113,50
10330;3642;Checking;1.05.2026;$652,14
10331;3643;Checking;1.05.2026;$4.903,11
10332;3643;Credit Card;1.05.2026;-$4.316,55
10333;3644;Credit Card;1.05.2026;-$3.964,61
10334;3644;Savings;20.03.2026;$114.477,75
10335;3645;Checking;17.01.2025;$11.606,52
10336;3645;Credit Card;5.11.2024;-$6.100,53
10337;3645;Savings;3.03.2025;$73.438,99
10338;3646;Savings;19.06.2024;$90.204,90
10339;3647;Savings;5.06.2023;$8.190,21
10340;3647;Checking;22.07.2023;$10.469,72
10341;3648;Checking;15.05.2025;$13.898,44
10342;3648;Savings;22.06.2025;$104.525,36
10343;3648;Credit Card;7.07.2025;-$5.910,23
10344;3649;Savings;18.09.2025;$97.714,90
10345;3649;Checking;30.10.2025;$19.569,85
10346;3649;Credit Card;6.11.2025;-$894,92
10347;3650;Checking;13.09.2024;$16.817,79
10348;3650;Credit Card;30.04.2024;-$5.664,17
10349;3651;Savings;10.03.2024;$72.642,05
10350;3651;Credit Card;15.06.2024;-$6.096,48
10351;3652;Savings;16.10.2023;$84.242,70
10352;3653;Credit Card;1.05.2026;-$1.432,24
10353;3654;Savings;5.11.2024;$15.808,28
10354;3654;Credit Card;17.08.2024;-$3.210,80
10355;3655;Credit Card;1.05.2026;-$2.005,87
10356;3655;Savings;7.04.2026;$34.403,84
10357;3655;Checking;4.03.2026;$14.630,21
10358;3656;Checking;18.01.2025;$17.339,14
10359;3656;Credit Card;17.11.2024;-$6.687,84
10360;3657;Savings;18.03.2026;$11.735,37
10361;3657;Credit Card;6.03.2026;-$3.430,98
10362;3658;Credit Card;14.11.2025;-$2.080,55
10363;3658;Savings;17.12.2025;$28.436,98
10364;3658;Checking;5.09.2025;$11.726,09
10365;3659;Savings;7.08.2023;$13.445,63
10366;3659;Checking;2.01.2024;$10.368,17
10367;3659;Credit Card;19.09.2023;-$249,57
10368;3660;Checking;26.01.2024;$10.571,59
10369;3661;Checking;20.05.2024;$2.319,56
10370;3661;Credit Card;21.08.2024;-$2.988,29
10371;3662;Credit Card;1.02.2025;-$5.554,24
10372;3662;Savings;5.02.2025;$93.626,61
10373;3663;Savings;6.10.2023;$17.878,57
10374;3664;Credit Card;16.07.2025;-$543,88
10375;3664;Savings;1.10.2025;$111.091,70
10376;3664;Checking;15.09.2025;$4.161,50
10377;3665;Savings;20.03.2024;$31.188,63
10378;3666;Credit Card;21.11.2023;-$3.757,45
10379;3667;Savings;24.05.2025;$106.366,61
10380;3668;Savings;24.05.2023;$44.607,23
10381;3669;Credit Card;20.03.2024;-$4.639,08
10382;3670;Credit Card;18.06.2024;-$3.562,30
10383;3671;Checking;29.06.2024;$12.831,14
10384;3672;Checking;1.09.2025;$2.576,55
10385;3672;Credit Card;1.08.2025;-$3.837,92
10386;3672;Savings;10.10.2025;$37.887,06
10387;3673;Checking;6.08.2024;$6.870,04
10388;3673;Credit Card;10.08.2024;-$6.329,41
10389;3673;Savings;28.08.2024;$63.270,21
10390;3674;Checking;28.12.2023;$6.066,06
10391;3674;Savings;7.10.2023;$7.003,86
10392;3674;Credit Card;29.11.2023;-$523,40
10393;3675;Credit Card;31.07.2025;-$6.412,25
10394;3675;Checking;3.11.2025;$8.122,46
10395;3676;Savings;1.05.2026;$56.162,45
10396;3676;Checking;1.05.2026;$2.717,47
10397;3676;Credit Card;1.05.2026;-$6.131,48
10398;3677;Savings;1.05.2026;$20.314,35
10399;3677;Credit Card;1.05.2026;-$5.149,31
10400;3678;Credit Card;23.01.2026;-$2.506,90
10401;3678;Savings;16.10.2025;$92.311,64
10402;3678;Checking;4.11.2025;$7.329,10
10403;3679;Savings;23.05.2024;$52.154,45
10404;3679;Credit Card;19.02.2024;-$2.278,43
10405;3679;Checking;1.06.2024;$2.041,89
10406;3680;Savings;22.11.2024;$29.480,87
10407;3680;Credit Card;2.10.2024;-$309,50
10408;3681;Checking;31.07.2024;$9.728,10
10409;3681;Credit Card;14.08.2024;-$6.685,58
10410;3681;Savings;22.09.2024;$58.434,22
10411;3682;Savings;10.07.2023;$43.206,02
10412;3682;Checking;25.05.2023;$3.043,39
10413;3682;Credit Card;19.02.2023;-$4.929,23
10414;3683;Checking;28.05.2024;$8.275,00
10415;3683;Credit Card;18.06.2024;-$5.063,31
10416;3684;Credit Card;5.09.2025;-$2.052,86
10417;3685;Credit Card;21.07.2023;-$5.462,42
10418;3685;Savings;18.05.2023;$29.551,45
10419;3686;Checking;1.01.2024;$7.297,29
10420;3687;Credit Card;25.07.2025;-$812,58
10421;3687;Checking;5.07.2025;$10.745,80
10422;3688;Checking;2.01.2024;$5.445,52
10423;3688;Credit Card;8.02.2024;-$1.230,13
10424;3688;Savings;26.05.2024;$45.001,38
10425;3689;Checking;26.12.2023;$16.146,66
10426;3689;Savings;3.10.2023;$68.324,94
10427;3690;Checking;26.01.2025;$3.930,21
10428;3690;Savings;21.11.2024;$6.998,54
10429;3691;Checking;30.08.2024;$14.200,91
10430;3691;Savings;20.09.2024;$67.115,97
10431;3691;Credit Card;18.09.2024;-$6.102,33
10432;3692;Savings;6.12.2025;$62.916,69
10433;3693;Credit Card;30.05.2025;-$5.232,57
10434;3693;Checking;9.11.2025;$18.599,66
10435;3694;Savings;9.01.2025;$36.135,14
10436;3694;Checking;29.12.2024;$10.497,98
10437;3694;Credit Card;15.02.2025;-$4.833,60
10438;3695;Checking;25.03.2025;$1.542,55
10439;3695;Credit Card;6.12.2024;-$2.045,34
10440;3696;Savings;13.04.2025;$45.672,47
10441;3696;Checking;2.03.2025;$5.278,02
10442;3696;Credit Card;27.02.2025;-$5.495,20
10443;3697;Checking;6.01.2024;$4.987,69
10444;3697;Credit Card;10.10.2023;-$3.229,76
10445;3697;Savings;7.12.2023;$114.232,57
10446;3698;Credit Card;9.10.2024;-$6.628,73
10447;3698;Checking;12.08.2024;$17.024,00
10448;3698;Savings;29.10.2024;$80.629,40
10449;3699;Checking;8.10.2024;$16.031,68
10450;3699;Credit Card;18.01.2025;-$443,56
10451;3699;Savings;23.09.2024;$112.470,22
10452;3700;Credit Card;12.05.2025;-$2.071,94
10453;3701;Checking;1.05.2026;$17.472,14
10454;3702;Credit Card;14.07.2024;-$2.697,46
10455;3703;Checking;6.06.2024;$13.777,97
10456;3704;Checking;10.12.2024;$548,39
10457;3704;Savings;7.11.2024;$44.276,93
10458;3705;Credit Card;11.02.2023;-$3.227,45
10459;3706;Credit Card;1.03.2024;-$263,56
10460;3707;Savings;21.09.2024;$73.583,43
10461;3707;Checking;19.09.2024;$10.560,36
10462;3708;Savings;22.11.2023;$16.985,53
10463;3708;Credit Card;11.01.2024;-$2.738,38
10464;3709;Checking;28.10.2023;$14.326,39
10465;3709;Credit Card;31.07.2023;-$1.420,84
10466;3709;Savings;26.06.2023;$23.108,14
10467;3710;Credit Card;29.07.2023;-$6.349,86
10468;3710;Checking;4.09.2023;$936,45
10469;3711;Savings;8.07.2023;$103.815,46
10470;3711;Credit Card;23.08.2023;-$2.888,18
10471;3712;Savings;14.12.2023;$97.692,84
10472;3712;Credit Card;14.09.2023;-$4.912,69
10473;3713;Savings;25.10.2025;$84.017,44
10474;3714;Savings;16.12.2025;$52.509,25
10475;3714;Checking;29.11.2025;$16.496,03
10476;3714;Credit Card;1.05.2026;-$4.875,15
10477;3715;Savings;13.01.2024;$8.433,30
10478;3715;Checking;25.03.2024;$10.992,52
10479;3715;Credit Card;29.02.2024;-$5.931,02
10480;3716;Credit Card;31.03.2025;-$4.149,92
10481;3716;Savings;2.01.2025;$6.098,37
10482;3716;Checking;24.11.2024;$9.255,61
10483;3717;Credit Card;19.04.2026;-$2.953,35
10484;3717;Checking;4.01.2026;$9.660,26
10485;3718;Checking;8.12.2025;$12.233,48
10486;3718;Savings;16.01.2026;$69.842,82
10487;3718;Credit Card;24.04.2026;-$4.004,81
10488;3719;Savings;3.06.2023;$113.040,67
10489;3719;Checking;18.04.2023;$10.807,49
10490;3719;Credit Card;11.08.2023;-$81,13
10491;3720;Credit Card;14.06.2023;-$753,62
10492;3721;Savings;20.01.2025;$52.381,60
10493;3721;Credit Card;6.09.2024;-$5.652,91
10494;3722;Checking;15.09.2023;$7.202,40
10495;3722;Credit Card;17.02.2024;-$240,09
10496;3723;Credit Card;12.10.2023;-$1.381,20
10497;3723;Checking;22.12.2023;$6.622,23
10498;3723;Savings;4.10.2023;$76.997,17
10499;3724;Credit Card;23.06.2025;-$1.972,76
10500;3725;Checking;10.06.2023;$1.723,46
10501;3725;Credit Card;14.11.2023;-$3.251,08
10502;3726;Credit Card;15.12.2023;-$2.104,73
10503;3726;Checking;16.03.2024;$16.264,91
10504;3727;Checking;31.07.2024;$7.186,18
10505;3728;Checking;28.02.2024;$11.391,86
10506;3728;Savings;2.12.2023;$62.093,78
10507;3728;Credit Card;2.12.2023;-$4.996,80
10508;3729;Checking;1.05.2026;$8.034,05
10509;3729;Savings;26.02.2026;$90.297,78
10510;3730;Savings;21.07.2025;$115.145,55
10511;3730;Credit Card;7.12.2025;-$5.769,76
10512;3730;Checking;2.10.2025;$938,55
10513;3731;Credit Card;15.09.2024;-$2.169,87
10514;3731;Savings;22.10.2024;$72.852,64
10515;3732;Checking;9.02.2023;$8.879,92
10516;3732;Savings;15.02.2023;$38.930,66
10517;3733;Savings;19.10.2025;$39.909,17
10518;3734;Savings;18.02.2026;$29.543,22
10519;3734;Checking;19.03.2026;$12.424,89
10520;3735;Checking;6.03.2026;$17.639,48
10521;3735;Savings;3.01.2026;$12.434,92
10522;3735;Credit Card;29.11.2025;-$3.153,93
10523;3736;Savings;13.01.2026;$104.383,73
10524;3736;Checking;9.08.2025;$6.962,34
10525;3736;Credit Card;20.01.2026;-$3.723,61
10526;3737;Checking;5.10.2024;$9.918,87
10527;3738;Credit Card;4.08.2025;-$373,74
10528;3739;Checking;19.06.2023;$15.048,56
10529;3739;Savings;21.06.2023;$73.394,36
10530;3740;Credit Card;18.08.2025;-$6.136,64
10531;3741;Checking;8.07.2024;$19.203,49
10532;3741;Credit Card;30.04.2024;-$2.030,98
10533;3741;Savings;4.08.2024;$50.591,41
10534;3742;Checking;3.06.2023;$8.966,10
10535;3742;Credit Card;25.04.2023;-$655,18
10536;3743;Savings;18.12.2024;$102.843,17
10537;3743;Checking;20.09.2024;$14.634,48
10538;3744;Credit Card;22.04.2025;-$3.515,45
10539;3744;Checking;6.04.2025;$12.102,85
10540;3745;Credit Card;7.04.2026;-$5.520,68
10541;3745;Checking;1.05.2026;$7.042,05
10542;3745;Savings;1.05.2026;$119.707,73
10543;3746;Checking;12.09.2023;$13.729,44
10544;3746;Savings;29.09.2023;$21.101,76
10545;3746;Credit Card;21.05.2023;-$3.212,23
10546;3747;Checking;6.10.2023;$4.633,31
10547;3747;Credit Card;19.03.2024;-$5.280,95
10548;3748;Savings;29.05.2025;$22.755,07
10549;3748;Credit Card;26.05.2025;-$5.659,35
10550;3748;Checking;21.08.2025;$18.632,71
10551;3749;Credit Card;30.10.2025;-$3.468,10
10552;3749;Checking;7.10.2025;$1.784,46
10553;3749;Savings;29.09.2025;$106.201,77
10554;3750;Credit Card;18.03.2024;-$2.981,17
10555;3751;Checking;30.04.2025;$6.734,56
10556;3751;Savings;5.05.2025;$34.903,51
10557;3752;Savings;20.05.2024;$7.514,36
10558;3752;Credit Card;10.09.2024;-$3.679,84
10559;3752;Checking;7.04.2024;$152,93
10560;3753;Checking;15.12.2023;$10.983,14
10561;3753;Credit Card;24.04.2024;-$3.250,77
10562;3753;Savings;14.12.2023;$29.795,75
10563;3754;Checking;19.02.2024;$2.028,71
10564;3754;Savings;17.01.2024;$110.973,31
10565;3755;Checking;1.04.2026;$18.246,06
10566;3755;Credit Card;1.05.2026;-$1.122,56
10567;3756;Checking;26.05.2025;$17.086,71
10568;3756;Savings;7.04.2025;$61.472,70
10569;3756;Credit Card;11.02.2025;-$6.969,69
10570;3757;Checking;21.04.2026;$11.879,00
10571;3758;Checking;10.11.2025;$10.814,33
10572;3758;Savings;2.11.2025;$18.074,96
10573;3759;Checking;3.03.2026;$4.502,40
10574;3759;Savings;17.04.2026;$24.543,95
10575;3760;Checking;17.03.2026;$13.125,43
10576;3761;Credit Card;13.07.2023;-$2.408,71
10577;3762;Checking;14.10.2025;$14.881,07
10578;3763;Checking;18.04.2023;$10.451,29
10579;3764;Checking;19.11.2024;$16.253,72
10580;3764;Savings;21.01.2025;$98.923,54
10581;3765;Checking;16.11.2025;$14.615,00
10582;3765;Savings;20.01.2026;$113.061,85
10583;3766;Checking;1.04.2026;$12.287,71
10584;3766;Credit Card;1.02.2026;-$6.895,04
10585;3767;Credit Card;20.07.2023;-$6.174,04
10586;3767;Savings;26.06.2023;$25.042,55
10587;3767;Checking;28.04.2023;$2.553,31
10588;3768;Savings;30.08.2024;$109.961,94
10589;3768;Checking;21.07.2024;$19.428,43
10590;3768;Credit Card;7.12.2024;-$1.748,24
10591;3769;Checking;5.03.2024;$14.254,71
10592;3769;Credit Card;12.04.2024;-$2.472,29
10593;3769;Savings;4.03.2024;$109.655,06
10594;3770;Savings;1.05.2026;$49.634,29
10595;3771;Checking;21.11.2025;$7.820,20
10596;3771;Savings;8.07.2025;$88.755,77
10597;3771;Credit Card;22.08.2025;-$5.450,55
10598;3772;Savings;15.09.2025;$36.718,57
10599;3772;Credit Card;10.12.2025;-$3.423,78
10600;3772;Checking;26.11.2025;$1.239,68
10601;3773;Savings;27.07.2023;$80.983,81
10602;3773;Checking;14.09.2023;$9.361,92
10603;3774;Credit Card;29.09.2023;-$1.540,49
10604;3774;Checking;13.12.2023;$6.992,77
10605;3775;Checking;7.10.2025;$18.363,30
10606;3775;Credit Card;17.11.2025;-$2.656,21
10607;3775;Savings;6.01.2026;$10.123,24
10608;3776;Checking;14.05.2025;$16.175,78
10609;3776;Savings;14.05.2025;$35.168,17
10610;3776;Credit Card;7.01.2025;-$4.930,71
10611;3777;Checking;28.10.2023;$11.657,90
10612;3778;Checking;4.03.2025;$16.771,22
10613;3778;Savings;12.06.2025;$44.420,45
10614;3778;Credit Card;5.04.2025;-$1.079,86
10615;3779;Checking;31.07.2024;$12.060,52
10616;3780;Checking;27.08.2023;$17.631,06
10617;3780;Savings;16.10.2023;$85.601,24
10618;3781;Checking;9.06.2024;$7.193,05
10619;3781;Credit Card;25.02.2024;-$1.106,19
10620;3781;Savings;2.03.2024;$63.914,74
10621;3782;Savings;1.04.2024;$77.287,45
10622;3783;Savings;25.11.2024;$75.548,44
10623;3783;Credit Card;25.12.2024;-$2.942,20
10624;3783;Checking;27.01.2025;$4.269,12
10625;3784;Savings;1.05.2026;$10.520,86
10626;3784;Credit Card;19.01.2026;-$4.205,59
10627;3785;Credit Card;18.11.2024;-$6.029,28
10628;3786;Credit Card;18.01.2024;-$5.297,69
10629;3786;Savings;13.01.2024;$26.398,30
10630;3786;Checking;22.12.2023;$1.345,02
10631;3787;Checking;1.05.2026;$14.600,65
10632;3787;Savings;19.03.2026;$8.626,55
10633;3788;Savings;5.07.2024;$92.741,31
10634;3788;Credit Card;16.07.2024;-$6.265,64
10635;3788;Checking;2.09.2024;$12.027,06
10636;3789;Checking;4.12.2024;$16.577,22
10637;3790;Savings;21.09.2023;$50.857,47
10638;3791;Checking;18.03.2026;$432,77
10639;3792;Credit Card;4.11.2023;-$4.374,86
10640;3792;Checking;21.02.2024;$9.339,52
10641;3793;Savings;15.02.2024;$34.226,80
10642;3793;Checking;6.02.2024;$11.808,23
10643;3793;Credit Card;27.12.2023;-$687,02
10644;3794;Checking;10.04.2026;$4.232,06
10645;3795;Credit Card;29.10.2023;-$3.813,96
10646;3796;Credit Card;1.05.2026;-$1.296,64
10647;3797;Checking;24.10.2023;$3.616,53
10648;3797;Credit Card;14.07.2023;-$3.539,43
10649;3798;Credit Card;24.08.2023;-$648,70
10650;3798;Savings;12.08.2023;$26.270,23
10651;3799;Credit Card;6.09.2023;-$1.173,51
10652;3799;Savings;28.07.2023;$60.299,79
10653;3799;Checking;8.08.2023;$10.985,49
10654;3800;Credit Card;5.12.2023;-$2.416,26
10655;3800;Checking;3.02.2024;$6.752,88
10656;3800;Savings;30.10.2023;$119.864,10
10657;3801;Credit Card;12.08.2025;-$1.767,58
10658;3802;Checking;23.10.2025;$8.639,81
10659;3803;Credit Card;16.08.2025;-$5.014,79
10660;3803;Checking;8.10.2025;$12.370,58
10661;3804;Savings;5.09.2025;$114.067,42
10662;3805;Savings;12.12.2023;$73.451,36
10663;3805;Credit Card;26.08.2023;-$3.553,25
10664;3805;Checking;4.11.2023;$11.571,29
10665;3806;Credit Card;10.07.2024;-$5.319,89
10666;3806;Savings;1.07.2024;$61.483,85
10667;3807;Savings;18.06.2025;$77.385,09
10668;3807;Credit Card;29.10.2025;-$6.734,62
10669;3807;Checking;19.08.2025;$17.708,62
10670;3808;Checking;16.10.2024;$8.253,33
10671;3808;Savings;11.11.2024;$108.910,81
10672;3808;Credit Card;3.10.2024;-$6.170,90
10673;3809;Credit Card;15.12.2025;-$1.411,77
10674;3809;Checking;7.10.2025;$18.571,10
10675;3810;Checking;23.01.2024;$3.205,80
10676;3810;Savings;7.02.2024;$96.618,91
10677;3810;Credit Card;11.11.2023;-$3.861,28
10678;3811;Checking;25.04.2024;$296,06
10679;3811;Savings;8.06.2024;$10.871,30
10680;3811;Credit Card;12.08.2024;-$2.808,11
10681;3812;Savings;9.05.2025;$70.047,90
10682;3812;Credit Card;4.05.2025;-$5.253,63
10683;3812;Checking;22.05.2025;$14.185,16
10684;3813;Savings;1.05.2026;$9.891,46
10685;3813;Checking;28.02.2026;$4.613,03
10686;3813;Credit Card;1.05.2026;-$4.288,94
10687;3814;Savings;27.09.2025;$6.906,33
10688;3814;Checking;2.04.2025;$8.666,58
10689;3814;Credit Card;18.07.2025;-$4.961,70
10690;3815;Checking;28.12.2024;$12.997,58
10691;3816;Credit Card;18.04.2026;-$2.801,85
10692;3816;Checking;4.12.2025;$14.579,22
10693;3816;Savings;24.03.2026;$63.684,96
10694;3817;Credit Card;20.11.2025;-$5.030,98
10695;3817;Checking;21.11.2025;$11.041,05
10696;3817;Savings;1.08.2025;$101.359,53
10697;3818;Savings;1.05.2026;$15.782,61
10698;3818;Credit Card;18.03.2026;-$1.683,23
10699;3819;Savings;18.11.2025;$25.848,72
10700;3820;Credit Card;5.04.2023;-$2.047,77
10701;3820;Checking;6.07.2023;$11.080,20
10702;3821;Credit Card;23.12.2024;-$561,54
10703;3821;Savings;1.04.2025;$105.654,96
10704;3822;Checking;18.11.2023;$6.532,66
10705;3822;Credit Card;11.06.2023;-$3.015,15
10706;3822;Savings;30.09.2023;$30.324,08
10707;3823;Checking;22.11.2025;$15.077,64
10708;3824;Credit Card;27.07.2025;-$2.981,22
10709;3824;Savings;21.04.2025;$70.208,07
10710;3825;Savings;29.08.2024;$77.814,12
10711;3825;Credit Card;29.11.2024;-$2.691,44
10712;3826;Credit Card;9.03.2026;-$369,98
10713;3826;Savings;6.01.2026;$7.776,91
10714;3826;Checking;9.03.2026;$10.073,17
10715;3827;Savings;12.09.2023;$89.020,59
10716;3828;Credit Card;6.01.2026;-$4.758,25
10717;3828;Checking;4.01.2026;$13.519,86
10718;3828;Savings;25.01.2026;$54.000,55
10719;3829;Checking;19.12.2025;$11.560,82
10720;3829;Credit Card;13.11.2025;-$3.538,14
10721;3829;Savings;1.10.2025;$102.547,70
10722;3830;Credit Card;22.08.2023;-$2.248,42
10723;3830;Checking;14.09.2023;$615,84
10724;3831;Credit Card;26.12.2024;-$592,39
10725;3831;Savings;28.09.2024;$86.612,11
10726;3831;Checking;26.11.2024;$3.332,27
10727;3832;Credit Card;27.07.2024;-$6.353,47
10728;3832;Savings;20.08.2024;$113.945,08
10729;3832;Checking;25.04.2024;$17.247,08
10730;3833;Savings;28.06.2025;$20.102,96
10731;3834;Checking;10.06.2023;$2.056,28
10732;3834;Credit Card;6.02.2023;-$2.931,89
10733;3835;Savings;24.09.2025;$32.617,22
10734;3835;Credit Card;29.10.2025;-$1.822,02
10735;3835;Checking;3.12.2025;$10.316,96
10736;3836;Checking;28.03.2025;$9.136,99
10737;3836;Savings;14.04.2025;$89.628,92
10738;3836;Credit Card;29.11.2024;-$4.050,99
10739;3837;Credit Card;5.08.2025;-$1.631,93
10740;3837;Savings;15.06.2025;$55.631,46
10741;3838;Credit Card;5.03.2025;-$5.697,47
10742;3838;Savings;10.04.2025;$111.611,15
10743;3839;Savings;3.01.2025;$104.504,81
10744;3839;Checking;7.01.2025;$12.380,75
10745;3839;Credit Card;3.11.2024;-$38,28
10746;3840;Checking;13.02.2025;$9.298,28
10747;3840;Credit Card;12.01.2025;-$5.971,98
10748;3840;Savings;2.06.2025;$99.464,76
10749;3841;Savings;1.11.2023;$89.835,70
10750;3841;Credit Card;9.10.2023;-$1.426,97
10751;3841;Checking;10.12.2023;$2.284,88
10752;3842;Checking;16.09.2025;$3.209,19
10753;3842;Savings;19.11.2025;$41.653,68
10754;3843;Checking;14.10.2024;$12.039,80
10755;3844;Savings;1.10.2023;$76.193,11
10756;3845;Credit Card;1.05.2026;-$3.274,45
10757;3845;Checking;1.05.2026;$14.595,60
10758;3846;Savings;23.06.2024;$92.284,89
10759;3846;Credit Card;20.01.2024;-$3.419,95
10760;3847;Checking;17.10.2023;$16.717,85
10761;3847;Credit Card;4.10.2023;-$2.490,54
10762;3847;Savings;7.09.2023;$13.131,99
10763;3848;Savings;21.12.2025;$12.707,76
10764;3848;Checking;20.11.2025;$12.625,14
10765;3848;Credit Card;13.12.2025;-$5.483,18
10766;3849;Checking;21.04.2025;$8.755,57
10767;3850;Credit Card;27.06.2025;-$977,51
10768;3851;Savings;21.10.2023;$56.865,63
10769;3851;Credit Card;3.09.2023;-$3.058,26
10770;3852;Savings;27.01.2024;$57.156,11
10771;3852;Credit Card;27.01.2024;-$1.197,32
10772;3853;Checking;9.05.2023;$8.656,89
10773;3854;Credit Card;31.03.2024;-$608,67
10774;3854;Checking;6.02.2024;$1.499,93
10775;3854;Savings;28.01.2024;$9.785,03
10776;3855;Credit Card;19.03.2026;-$3.885,64
10777;3856;Savings;18.03.2026;$94.993,78
10778;3856;Credit Card;19.03.2026;-$6.249,13
10779;3857;Checking;4.06.2023;$1.226,78
10780;3858;Savings;1.05.2026;$6.320,67
10781;3858;Checking;23.03.2026;$5.094,74
10782;3859;Savings;2.11.2023;$42.954,00
10783;3859;Checking;20.09.2023;$2.919,24
10784;3859;Credit Card;4.10.2023;-$34,71
10785;3860;Checking;25.01.2025;$15.177,21
10786;3860;Savings;6.04.2025;$115.625,67
10787;3861;Savings;1.05.2026;$33.100,46
10788;3861;Checking;17.04.2026;$15.762,77
10789;3862;Checking;8.10.2025;$17.957,28
10790;3862;Savings;23.09.2025;$44.023,88
10791;3863;Checking;5.10.2025;$13.076,20
10792;3864;Savings;18.07.2023;$81.048,01
10793;3864;Checking;24.08.2023;$14.644,86
10794;3865;Savings;7.09.2025;$12.466,11
10795;3866;Checking;19.12.2023;$3.816,58
10796;3866;Credit Card;17.10.2023;-$3.995,65
10797;3866;Savings;7.10.2023;$24.608,55
10798;3867;Credit Card;8.04.2024;-$3.365,79
10799;3867;Savings;8.02.2024;$16.353,26
10800;3867;Checking;3.03.2024;$1.342,49
10801;3868;Savings;1.05.2026;$79.370,76
10802;3868;Checking;1.05.2026;$7.988,10
10803;3869;Checking;6.01.2024;$19.083,55
10804;3869;Credit Card;7.03.2024;-$2.484,18
10805;3869;Savings;13.11.2023;$76.269,09
10806;3870;Checking;26.06.2024;$18.108,15
10807;3870;Savings;22.05.2024;$46.653,76
10808;3871;Checking;19.07.2024;$4.124,00
10809;3871;Credit Card;2.12.2024;-$1.953,96
10810;3871;Savings;30.10.2024;$97.907,50
10811;3872;Credit Card;8.05.2025;-$2.315,41
10812;3872;Checking;19.05.2025;$14.341,88
10813;3872;Savings;1.03.2025;$28.706,28
10814;3873;Savings;14.06.2025;$78.520,55
10815;3873;Credit Card;29.03.2025;-$4.301,87
10816;3873;Checking;6.04.2025;$14.437,43
10817;3874;Savings;1.05.2026;$21.839,07
10818;3875;Credit Card;12.03.2025;-$305,65
10819;3876;Checking;13.06.2025;$12.268,26
10820;3876;Credit Card;13.04.2025;-$3.127,72
10821;3877;Savings;20.02.2025;$47.599,12
10822;3878;Credit Card;13.10.2024;-$5.217,19
10823;3878;Checking;1.01.2025;$11.098,63
10824;3878;Savings;30.12.2024;$88.331,51
10825;3879;Checking;11.04.2026;$5.753,79
10826;3879;Savings;1.04.2026;$20.753,83
10827;3879;Credit Card;1.05.2026;-$6.955,02
10828;3880;Savings;23.02.2026;$15.413,78
10829;3881;Checking;22.07.2024;$6.797,09
10830;3882;Credit Card;26.04.2025;-$6.890,73
10831;3882;Savings;29.04.2025;$65.924,80
10832;3883;Checking;28.09.2023;$4.036,88
10833;3883;Savings;10.09.2023;$11.826,13
10834;3884;Credit Card;10.08.2023;-$2.433,01
10835;3884;Savings;8.08.2023;$110.635,46
10836;3884;Checking;30.08.2023;$15.692,84
10837;3885;Savings;16.08.2025;$72.307,73
10838;3885;Credit Card;3.06.2025;-$3.242,15
10839;3886;Savings;7.08.2023;$50.111,36
10840;3887;Savings;1.10.2024;$57.831,64
10841;3888;Checking;3.08.2025;$8.393,08
10842;3889;Savings;12.05.2025;$119.437,50
10843;3890;Savings;1.04.2024;$10.144,96
10844;3891;Savings;22.10.2025;$13.583,11
10845;3892;Checking;1.08.2023;$10.041,22
10846;3892;Credit Card;12.07.2023;-$2.760,32
10847;3893;Checking;8.03.2024;$9.271,21
10848;3893;Credit Card;13.02.2024;-$2.191,12
10849;3893;Savings;27.12.2023;$13.446,12
10850;3894;Checking;25.09.2023;$19.452,90
10851;3895;Checking;3.07.2025;$3.595,35
10852;3895;Savings;28.08.2025;$18.605,09
10853;3895;Credit Card;27.06.2025;-$2.230,07
10854;3896;Savings;1.05.2026;$16.393,85
10855;3897;Credit Card;10.03.2024;-$4.477,48
10856;3897;Savings;17.02.2024;$107.026,86
10857;3898;Checking;26.11.2025;$15.910,25
10858;3898;Credit Card;16.12.2025;-$2.444,95
10859;3898;Savings;24.01.2026;$41.117,46
10860;3899;Credit Card;27.05.2025;-$5.356,88
10861;3900;Credit Card;24.09.2023;-$1.585,95
10862;3901;Credit Card;5.11.2024;-$131,06
10863;3902;Savings;14.01.2024;$50.812,07
10864;3902;Checking;16.04.2024;$13.170,10
10865;3902;Credit Card;14.05.2024;-$986,26
10866;3903;Credit Card;7.11.2024;-$3.758,83
10867;3903;Savings;12.10.2024;$116.534,43
10868;3903;Checking;28.11.2024;$7.681,99
10869;3904;Savings;2.02.2026;$118.799,18
10870;3904;Checking;17.08.2025;$19.081,54
10871;3905;Checking;26.04.2024;$14.760,09
10872;3905;Credit Card;7.03.2024;-$5.373,49
10873;3906;Savings;17.09.2023;$58.582,03
10874;3906;Credit Card;31.01.2024;-$4.798,36
10875;3907;Checking;7.01.2025;$9.453,11
10876;3907;Savings;20.02.2025;$55.891,75
10877;3908;Credit Card;9.03.2024;-$1.958,37
10878;3908;Checking;19.04.2024;$6.198,25
10879;3909;Savings;16.04.2024;$83.113,43
10880;3910;Checking;6.07.2023;$11.565,64
10881;3910;Savings;3.05.2023;$86.526,36
10882;3910;Credit Card;31.07.2023;-$4.946,05
10883;3911;Credit Card;6.10.2023;-$6.077,96
10884;3911;Checking;9.06.2023;$17.397,59
10885;3912;Credit Card;25.10.2025;-$2.803,35
10886;3913;Savings;14.09.2024;$6.821,63
10887;3913;Credit Card;19.08.2024;-$3.029,11
10888;3914;Credit Card;8.05.2024;-$6.813,59
10889;3915;Savings;13.02.2024;$116.286,33
10890;3915;Checking;30.06.2024;$6.901,21
10891;3916;Checking;14.05.2025;$4.559,31
10892;3916;Credit Card;21.08.2025;-$5.436,69
10893;3916;Savings;20.06.2025;$11.377,53
10894;3917;Savings;20.06.2025;$36.333,98
10895;3917;Checking;18.11.2025;$9.361,97
10896;3917;Credit Card;27.08.2025;-$6.259,38
10897;3918;Checking;22.12.2025;$1.610,53
10898;3918;Credit Card;18.11.2025;-$2.628,84
10899;3919;Credit Card;20.01.2024;-$4.344,03
10900;3920;Savings;19.08.2024;$45.766,68
10901;3920;Checking;30.10.2024;$9.614,98
10902;3921;Savings;22.01.2025;$23.735,84
10903;3921;Credit Card;12.11.2024;-$3.088,88
10904;3921;Checking;15.08.2024;$18.869,16
10905;3922;Credit Card;1.06.2024;-$2.456,51
10906;3922;Savings;22.10.2024;$68.054,19
10907;3922;Checking;5.05.2024;$4.894,86
10908;3923;Checking;16.03.2025;$6.243,03
10909;3923;Savings;1.05.2025;$30.630,25
10910;3924;Credit Card;3.10.2023;-$2.225,24
10911;3925;Checking;6.11.2025;$1.444,18
10912;3925;Savings;17.02.2026;$104.389,78
10913;3925;Credit Card;14.11.2025;-$5.791,62
10914;3926;Credit Card;7.03.2026;-$5.731,42
10915;3927;Savings;11.04.2026;$9.509,87
10916;3928;Credit Card;23.08.2024;-$5.249,75
10917;3928;Checking;21.11.2024;$790,23
10918;3929;Checking;28.03.2025;$1.468,49
10919;3929;Credit Card;5.01.2025;-$1.135,20
10920;3930;Savings;16.11.2023;$84.707,29
10921;3930;Credit Card;24.12.2023;-$5.476,02
10922;3930;Checking;7.08.2023;$3.357,84
10923;3931;Checking;12.08.2025;$16.577,70
10924;3932;Savings;19.03.2024;$75.940,72
10925;3932;Checking;2.09.2024;$17.569,89
10926;3933;Savings;20.09.2023;$45.809,30
10927;3933;Checking;15.09.2023;$19.231,22
10928;3933;Credit Card;16.09.2023;-$6.441,52
10929;3934;Checking;2.04.2024;$6.181,78
10930;3934;Savings;30.07.2024;$73.304,26
10931;3934;Credit Card;20.07.2024;-$1.396,92
10932;3935;Checking;22.12.2024;$8.178,47
10933;3935;Credit Card;7.09.2024;-$1.927,30
10934;3936;Checking;24.12.2024;$18.360,29
10935;3936;Savings;22.02.2025;$96.145,20
10936;3937;Savings;18.12.2023;$26.945,71
10937;3938;Credit Card;8.08.2024;-$1.933,57
10938;3938;Savings;3.09.2024;$31.243,35
10939;3939;Credit Card;3.06.2025;-$3.450,36
10940;3940;Credit Card;9.04.2026;-$1.437,99
10941;3940;Savings;1.05.2026;$39.480,86
10942;3940;Checking;1.05.2026;$10.509,51
10943;3941;Checking;4.08.2023;$6.247,74
10944;3941;Savings;3.06.2023;$100.920,43
10945;3942;Credit Card;17.07.2024;-$4.776,77
10946;3942;Savings;24.06.2024;$34.738,46
10947;3942;Checking;23.09.2024;$3.785,11
10948;3943;Credit Card;7.04.2024;-$2.543,11
10949;3944;Checking;10.12.2023;$15.161,88
10950;3945;Checking;21.01.2024;$6.809,97
10951;3945;Credit Card;10.11.2023;-$414,78
10952;3945;Savings;8.10.2023;$99.513,82
10953;3946;Credit Card;24.12.2023;-$6.635,55
10954;3946;Checking;9.08.2023;$7.747,39
10955;3946;Savings;16.09.2023;$66.634,58
10956;3947;Savings;6.01.2026;$85.835,82
10957;3947;Checking;22.01.2026;$7.243,10
10958;3947;Credit Card;5.11.2025;-$2.916,16
10959;3948;Savings;7.03.2023;$86.640,07
10960;3949;Savings;28.04.2024;$112.562,16
10961;3950;Credit Card;16.05.2025;-$309,51
10962;3951;Savings;28.04.2023;$113.995,57
10963;3952;Credit Card;27.03.2026;-$6.437,84
10964;3953;Credit Card;24.10.2025;-$6.390,70
10965;3954;Credit Card;23.05.2024;-$2.427,41
10966;3954;Checking;2.05.2024;$17.169,03
10967;3954;Savings;26.04.2024;$109.504,29
10968;3955;Credit Card;11.08.2024;-$2.603,69
10969;3955;Checking;13.04.2024;$4.438,40
10970;3956;Credit Card;5.03.2026;-$6.418,04
10971;3956;Checking;1.05.2026;$7.342,68
10972;3956;Savings;13.04.2026;$101.063,04
10973;3957;Credit Card;23.05.2025;-$3.424,37
10974;3957;Checking;2.04.2025;$15.674,11
10975;3957;Savings;24.06.2025;$82.214,74
10976;3958;Credit Card;6.02.2024;-$5.076,63
10977;3958;Savings;1.01.2024;$56.998,98
10978;3958;Checking;11.11.2023;$7.227,60
10979;3959;Checking;19.02.2024;$16.286,86
10980;3960;Credit Card;17.11.2025;-$6.187,83
10981;3960;Savings;31.12.2025;$24.979,54
10982;3960;Checking;4.01.2026;$13.332,32
10983;3961;Credit Card;2.04.2025;-$1.085,26
10984;3962;Checking;13.06.2025;$17.752,85
10985;3962;Savings;26.07.2025;$39.254,12
10986;3963;Checking;28.08.2025;$4.405,06
10987;3963;Savings;1.09.2025;$50.217,35
10988;3963;Credit Card;3.09.2025;-$1.418,97
10989;3964;Credit Card;28.03.2023;-$2.606,82
10990;3964;Savings;18.08.2023;$7.460,37
10991;3964;Checking;11.07.2023;$9.736,93
10992;3965;Checking;9.01.2026;$5.252,17
10993;3966;Checking;23.11.2025;$12.149,48
10994;3967;Credit Card;20.02.2026;-$2.071,22
10995;3968;Checking;1.05.2026;$18.285,24
10996;3969;Checking;3.03.2024;$18.702,72
10997;3969;Credit Card;10.01.2024;-$4.359,10
10998;3970;Credit Card;23.04.2025;-$1.399,93
10999;3970;Checking;25.01.2025;$13.521,45
11000;3971;Credit Card;18.12.2023;-$1.326,53
11001;3971;Checking;17.12.2023;$12.244,58
11002;3971;Savings;1.03.2024;$36.653,65
11003;3972;Credit Card;30.09.2025;-$4.648,96
11004;3972;Savings;27.10.2025;$33.394,29
11005;3973;Savings;24.10.2024;$40.025,56
11006;3973;Credit Card;21.08.2024;-$5.906,82
11007;3973;Checking;6.10.2024;$3.519,93
11008;3974;Savings;1.05.2026;$87.351,41
11009;3974;Checking;1.05.2026;$14.252,28
11010;3974;Credit Card;1.05.2026;-$5.053,91
11011;3975;Checking;11.03.2023;$8.021,03
11012;3975;Savings;22.06.2023;$104.063,03
11013;3976;Credit Card;6.09.2024;-$4.669,61
11014;3976;Savings;11.08.2024;$98.314,39
11015;3976;Checking;16.10.2024;$8.147,85
11016;3977;Savings;12.02.2026;$74.085,93
11017;3977;Credit Card;1.05.2026;-$280,14
11018;3977;Checking;17.01.2026;$899,52
11019;3978;Credit Card;27.11.2025;-$1.561,70
11020;3979;Checking;1.05.2026;$10.907,09
11021;3979;Savings;1.05.2026;$53.545,07
11022;3979;Credit Card;14.03.2026;-$2.592,12
11023;3980;Checking;4.06.2025;$15.073,89
11024;3980;Credit Card;27.08.2025;-$3.465,26
11025;3981;Credit Card;15.01.2024;-$4.204,43
11026;3981;Savings;25.11.2023;$66.760,72
11027;3981;Checking;8.02.2024;$16.132,13
11028;3982;Credit Card;17.01.2025;-$3.789,08
11029;3982;Checking;7.03.2025;$733,38
11030;3982;Savings;12.01.2025;$23.541,40
11031;3983;Checking;14.02.2026;$4.156,48
11032;3983;Savings;24.04.2026;$33.006,18
11033;3983;Credit Card;1.05.2026;-$4.382,49
11034;3984;Savings;20.07.2025;$22.727,51
11035;3984;Credit Card;10.07.2025;-$1.417,69
11036;3984;Checking;13.09.2025;$4.434,09
11037;3985;Credit Card;1.09.2025;-$788,68
11038;3985;Checking;21.06.2025;$18.155,29
11039;3986;Savings;6.04.2025;$107.968,47
11040;3987;Checking;31.03.2026;$10.874,44
11041;3987;Savings;22.04.2026;$104.426,82
11042;3988;Savings;1.07.2025;$47.981,15
11043;3988;Checking;1.11.2025;$13.448,73
11044;3988;Credit Card;1.10.2025;-$5.984,07
11045;3989;Credit Card;12.12.2025;-$1.893,25
11046;3990;Checking;14.04.2023;$5.210,57
11047;3991;Credit Card;9.07.2024;-$3.986,20
11048;3992;Savings;23.06.2024;$87.032,79
11049;3992;Credit Card;25.09.2024;-$6.377,07
11050;3993;Credit Card;28.03.2024;-$5.536,30
11051;3994;Credit Card;18.10.2024;-$2.788,19
11052;3995;Savings;13.08.2024;$37.690,03
11053;3996;Credit Card;3.07.2023;-$6.020,82
11054;3996;Checking;18.10.2023;$11.646,46
11055;3997;Credit Card;6.08.2023;-$3.051,80
11056;3997;Checking;5.09.2023;$9.685,25
11057;3997;Savings;11.09.2023;$60.158,81
11058;3998;Credit Card;25.09.2023;-$5.886,62
11059;3998;Savings;31.10.2023;$77.026,72
11060;3998;Checking;22.09.2023;$3.270,04
11061;3999;Credit Card;27.01.2024;-$858,33
11062;3999;Savings;24.10.2023;$69.576,76
11063;4000;Savings;22.04.2026;$66.502,81
11064;4000;Credit Card;1.05.2026;-$3.237,92
11065;4000;Checking;1.05.2026;$6.403,06
