Customer_ID;First_Name;Last_Name;Age;Gender;Job_Title;Join_Date
1001;Alicia;Robertson;23;Female;Structural engineer;26.12.2025
1002;Amber;Weber;42;Female;Adult nurse;20.02.2026
1003;Monica;Graves;42;Female;Proofreader;24.05.2025
1004;Diane;Dorsey;30;Female;Agricultural consultant;21.04.2026
1005;Judith;Moore;25;Female;Engineer, structural;16.01.2026
1006;Jacob;Ortiz;32;Male;Maintenance engineer;30.03.2026
1007;Diane;Hughes;44;Male;Land;8.02.2024
1008;Brian;Bates;40;Male;Medical illustrator;26.04.2026
1009;Kathleen;Henderson;60;Female;Proofreader;9.07.2024
1010;Chris;Wright;38;Male;Seismic interpreter;19.12.2023
1011;Heather;Knox;71;Female;Risk manager;26.11.2024
1012;Nicole;Sanders;51;Male;Ceramics designer;26.05.2023
1013;Judy;Villa;62;Female;Theatre director;29.05.2024
1014;Jake;Preston;60;Male;Ophthalmologist;27.08.2025
1015;Victoria;Cabrera;56;Female;Designer, textile;1.01.2023
1016;Bradley;Jackson;50;Male;Social researcher;3.01.2023
1017;Jeffrey;Parker;74;Female;Bookseller;3.06.2024
1018;Mark;Gonzalez;50;Female;Public relations officer;17.03.2023
1019;Robert;Fox;19;Female;Estate manager/land agent;28.12.2025
1020;Kelly;Holmes;50;Male;Sales professional, IT;9.11.2024
1021;Sarah;Newton;23;Male;Development worker, community;21.02.2023
1022;Jesse;Brooks;63;Female;Textile designer;25.04.2026
1023;Jeremy;Brown;29;Male;Medical secretary;25.07.2025
1024;Daniel;Bell;46;Male;Transport planner;1.03.2026
1025;Scott;Lopez;20;Female;Secretary, company;26.08.2023
1026;Eric;Jones;22;Female;Drilling engineer;8.10.2023
1027;Kelsey;Mckay;71;Female;Legal secretary;16.03.2024
1028;Jenna;Wolfe;30;Male;Scientist, research (life sciences);4.05.2024
1029;Maria;Green;49;Female;Lecturer, further education;13.01.2025
1030;Jeremy;Armstrong;44;Female;Broadcast journalist;30.01.2025
1031;Michael;Winters;34;Female;Therapist, nutritional;3.04.2023
1032;Amy;Jennings;40;Female;Insurance claims handler;15.11.2025
1033;Erik;Rollins;39;Female;Accountant, chartered public finance;27.02.2025
1034;Micheal;Richardson;27;Male;Artist;9.02.2024
1035;Katelyn;Perez;29;Female;Insurance underwriter;4.07.2024
1036;Eric;Jackson;49;Male;Nutritional therapist;18.10.2025
1037;Tammy;Pearson;39;Male;Engineer, energy;30.05.2025
1038;Gary;Dunlap;44;Female;Software engineer;10.03.2024
1039;Crystal;Nixon;72;Male;Tourism officer;4.01.2024
1040;Ashley;Dunn;25;Male;Nutritional therapist;4.05.2023
1041;Amber;Mclaughlin;26;Female;Research officer, trade union;17.05.2023
1042;Victoria;Benton;21;Female;Television/film/video producer;21.05.2023
1043;Cody;Daniel;53;Female;Product/process development scientist;7.02.2023
1044;Caitlin;Fox;29;Male;Chief Strategy Officer;7.07.2024
1045;Julia;Miller;31;Male;Dentist;16.02.2025
1046;Austin;Little;36;Female;Education administrator;13.05.2024
1047;Tyler;Allen;50;Male;Therapist, art;4.04.2026
1048;Brandi;Johnson;26;Male;Information officer;19.04.2024
1049;William;Cole;49;Male;Economist;26.03.2023
1050;Timothy;Smith;23;Female;Doctor, general practice;19.01.2026
1051;Virginia;Allen;40;Male;Radiographer, therapeutic;31.08.2023
1052;Sandra;Reyes;44;Female;Agricultural consultant;9.01.2026
1053;Laura;Morales;45;Male;Estate agent;8.03.2023
1054;Richard;Higgins;25;Male;Health physicist;2.09.2023
1055;Timothy;Terry;71;Male;Engineer, maintenance (IT);25.11.2024
1056;Austin;Cooper;44;Female;Health service manager;29.12.2025
1057;Heather;King;19;Male;Print production planner;10.03.2026
1058;James;Bishop;37;Male;Designer, fashion/clothing;6.04.2024
1059;Jody;Casey;65;Female;Fisheries officer;20.12.2023
1060;Stephanie;Warner;68;Male;Scientist, audiological;8.11.2023
1061;Kayla;Kidd;46;Female;Event organiser;28.05.2023
1062;Stephanie;Rodriguez;20;Male;Oncologist;3.09.2024
1063;Alexander;Smith;28;Male;Orthoptist;12.02.2024
1064;Clayton;Carey;37;Male;Armed forces technical officer;7.07.2023
1065;Meagan;Lopez;63;Male;Environmental manager;13.10.2023
1066;Katherine;Chandler;47;Male;Child psychotherapist;13.09.2024
1067;Amy;Gray;66;Female;Copywriter, advertising;13.11.2023
1068;Robert;Ferrell;43;Female;Advertising account executive;26.08.2024
1069;Jason;Gibson;28;Male;Economist;9.02.2024
1070;Anthony;Miller;39;Female;Artist;29.07.2023
1071;Katherine;Gilmore;67;Female;Barrister's clerk;21.08.2024
1072;Randall;Strickland;27;Female;Producer, television/film/video;12.04.2024
1073;Carlos;Gonzalez;30;Female;Farm manager;7.03.2025
1074;Stephen;Rivera;23;Male;Patent examiner;5.03.2026
1075;Andrew;Mccall;20;Male;Careers adviser;12.03.2024
1076;Lisa;Suarez;29;Male;Secretary/administrator;19.11.2024
1077;Heather;Anderson;27;Male;Operational researcher;2.01.2023
1078;Tara;Bell;42;Male;Editor, magazine features;13.02.2023
1079;Daisy;Tucker;49;Male;Ergonomist;3.11.2023
1080;Angela;Johnson;44;Male;Psychologist, prison and probation services;28.06.2023
1081;Austin;Williams;40;Female;Tour manager;11.04.2024
1082;David;Johnson;29;Female;Soil scientist;21.12.2024
1083;Patricia;Jones;57;Male;Biomedical scientist;7.01.2024
1084;Allen;Williams;42;Male;Orthoptist;30.09.2025
1085;Julie;Baker;57;Male;International aid/development worker;19.11.2024
1086;Richard;Hayes;21;Male;Ranger/warden;18.01.2024
1087;Holly;Williams;38;Female;Air broker;18.06.2023
1088;Jennifer;Bullock;27;Female;Automotive engineer;18.07.2023
1089;Janet;Rivers;53;Female;Nutritional therapist;10.12.2023
1090;Stephanie;Carroll;44;Male;Psychologist, prison and probation services;22.12.2024
1091;Rodney;Cooper;64;Female;Best boy;28.04.2026
1092;Stephanie;Velez;20;Male;Banker;26.04.2025
1093;Christine;Lane;23;Male;Control and instrumentation engineer;5.01.2024
1094;Jon;Kaiser;35;Female;Commissioning editor;8.03.2024
1095;Toni;Sims;18;Female;Psychologist, clinical;26.11.2023
1096;Stephanie;Flores;48;Female;Physicist, medical;13.01.2023
1097;Jason;Reynolds;24;Female;Research scientist (life sciences);3.04.2026
1098;William;Potts;38;Male;Charity fundraiser;13.01.2025
1099;Patricia;Fuentes;71;Male;Production manager;25.10.2024
1100;Allison;Young;37;Female;Games developer;23.12.2024
1101;Joel;Williams;21;Male;Radiographer, therapeutic;13.01.2024
1102;Keith;Perez;23;Female;Corporate treasurer;15.04.2023
1103;Carl;Singh;48;Female;Data processing manager;19.07.2025
1104;Taylor;Moss;54;Male;Maintenance engineer;4.02.2026
1105;Christina;Ruiz;22;Male;Television camera operator;26.01.2025
1106;Douglas;Ortiz;53;Male;Buyer, industrial;16.03.2023
1107;Melissa;Koch;38;Female;Energy manager;29.09.2023
1108;Tracy;Small;36;Female;Personnel officer;20.07.2025
1109;David;Sanchez;20;Female;Scientist, marine;16.07.2024
1110;Scott;Mcfarland;73;Female;Local government officer;6.11.2024
1111;Christine;Grant;27;Female;Financial manager;19.11.2023
1112;Chris;Nguyen;69;Male;Manufacturing engineer;1.04.2026
1113;Vanessa;Stuart;54;Male;Occupational psychologist;20.06.2024
1114;William;Anderson;48;Female;IT technical support officer;2.08.2024
1115;Dawn;Evans;25;Female;Engineer, manufacturing systems;18.03.2024
1116;Paul;Wilson;30;Male;Physiological scientist;27.04.2026
1117;Frances;Kirk;40;Female;Energy engineer;11.04.2026
1118;Tara;Shah;27;Female;Administrator;24.02.2025
1119;Kelly;Fernandez;31;Male;Lighting technician, broadcasting/film/video;31.03.2023
1120;Jennifer;Smith;44;Female;Systems developer;22.03.2026
1121;Stephen;Diaz;59;Female;Engineer, aeronautical;16.05.2024
1122;Brittney;Carter;26;Female;Scientist, research (medical);25.01.2025
1123;Jonathan;Haynes;61;Female;Ergonomist;10.05.2024
1124;Jonathan;Ball;48;Female;Educational psychologist;31.12.2025
1125;Nancy;Cruz;36;Female;Psychologist, sport and exercise;29.09.2023
1126;Patricia;Shepard;50;Male;Barista;26.11.2023
1127;Anthony;Garcia;22;Male;Radiographer, diagnostic;2.07.2024
1128;Gabriel;Mendoza;55;Male;Insurance claims handler;27.11.2024
1129;Joshua;Johnson;53;Male;Database administrator;19.04.2026
1130;Sherri;Williams;75;Female;Forensic psychologist;30.04.2024
1131;Jenny;Hoffman;29;Male;Development worker, community;13.02.2024
1132;Mark;Lewis;23;Female;Structural engineer;21.11.2024
1133;Tracey;Mason;67;Female;Astronomer;9.11.2025
1134;Brian;Terry;32;Female;Ranger/warden;26.11.2023
1135;Morgan;Miller;20;Female;Therapist, music;5.06.2024
1136;Robert;Perry;73;Male;Education officer, museum;31.12.2023
1137;Kelly;Patterson;45;Male;Naval architect;20.11.2023
1138;Gary;Williams;36;Male;Archaeologist;8.10.2024
1139;Daniel;Luna;29;Male;Conservation officer, historic buildings;31.07.2023
1140;Keith;Harper;30;Male;Financial planner;15.12.2023
1141;Melanie;Johnson;27;Female;Medical secretary;13.02.2025
1142;Christina;Parks;46;Male;Training and development officer;9.05.2023
1143;Darin;Bryant;28;Female;Administrator, charities/voluntary organisations;1.02.2025
1144;Kevin;Johnson;41;Male;Investment banker, corporate;4.04.2024
1145;Johnathan;Garcia;45;Male;Presenter, broadcasting;2.02.2024
1146;Jacob;Grimes;42;Male;Copywriter, advertising;19.08.2025
1147;Caleb;Kirk;30;Male;Public relations account executive;14.03.2023
1148;Eddie;Lee;28;Female;Veterinary surgeon;10.04.2024
1149;Rebecca;Green;50;Female;Media planner;5.05.2023
1150;Susan;Waller;33;Female;Chartered public finance accountant;28.09.2023
1151;Joshua;Hudson;73;Male;Programme researcher, broadcasting/film/video;19.12.2025
1152;Ashley;Moss;20;Female;Warden/ranger;29.03.2023
1153;Alexandra;Walker;24;Female;Building surveyor;2.08.2025
1154;Jason;Ibarra;34;Male;Energy manager;28.07.2024
1155;Zachary;Smith;66;Female;Scientist, physiological;4.05.2023
1156;Lindsay;Mendez;30;Female;Company secretary;1.04.2024
1157;Andrew;Adams;37;Female;Ophthalmologist;16.09.2023
1158;Anna;Rhodes;43;Male;Surveyor, minerals;27.08.2025
1159;Sarah;Rodriguez;32;Male;Editor, film/video;31.05.2024
1160;Edward;Romero;41;Female;Pharmacist, community;17.01.2023
1161;Arthur;Mcdaniel;41;Female;Air broker;16.04.2023
1162;Matthew;Flores;46;Male;Advice worker;3.07.2024
1163;Krista;George;62;Female;Engineer, electronics;21.10.2024
1164;Debra;Stephens;25;Male;Horticultural consultant;7.04.2024
1165;James;Turner;32;Male;Accountant, chartered;26.11.2025
1166;Robert;Dunn;75;Male;Estate agent;1.06.2023
1167;Stacy;Salinas;54;Female;Minerals surveyor;11.03.2025
1168;Nathan;Bean;36;Male;Hospital doctor;23.01.2025
1169;Caleb;Bell;69;Male;Librarian, public;31.01.2026
1170;Nicole;Johnson;47;Male;Furniture designer;9.06.2023
1171;James;Lopez;43;Female;Medical technical officer;1.02.2025
1172;Dawn;Flores;41;Female;Nature conservation officer;28.07.2025
1173;Stephanie;Watson;66;Male;English as a second language teacher;19.11.2025
1174;Tammy;Delgado;45;Female;Copywriter, advertising;20.03.2023
1175;Kimberly;Daniels;39;Male;Producer, radio;22.05.2025
1176;Lauren;Armstrong;43;Male;Architectural technologist;14.12.2024
1177;Mark;Ochoa;36;Female;Psychotherapist, dance movement;31.12.2023
1178;Lori;Henderson;33;Female;Sound technician, broadcasting/film/video;26.01.2025
1179;Catherine;Gould;23;Male;Warden/ranger;9.08.2024
1180;Katelyn;Hunt;26;Female;Clinical scientist, histocompatibility and immunogenetics;7.09.2025
1181;Laurie;Marks;26;Female;Patent attorney;16.09.2024
1182;Leah;Rowland;43;Male;Geologist, engineering;18.05.2024
1183;Maria;Harrell;68;Female;Optician, dispensing;28.04.2026
1184;Robert;Higgins;19;Male;Printmaker;8.02.2026
1185;Michael;Garcia;38;Female;Production engineer;23.09.2025
1186;Chad;Brooks;33;Male;Scientist, product/process development;26.07.2023
1187;Andre;Travis;39;Male;Exhibitions officer, museum/gallery;6.03.2024
1188;Susan;Romero;54;Female;Structural engineer;10.12.2025
1189;Austin;Bishop;74;Female;Ceramics designer;19.09.2024
1190;Cynthia;Adams;38;Male;Petroleum engineer;26.02.2023
1191;Scott;Peterson;18;Male;Mudlogger;14.01.2024
1192;Melissa;Roberson;42;Male;Nurse, mental health;29.08.2023
1193;Justin;Marshall;34;Male;Senior tax professional/tax inspector;6.08.2024
1194;Tracy;Freeman;45;Female;Museum/gallery curator;29.06.2025
1195;Linda;Clark;30;Male;Insurance risk surveyor;1.09.2025
1196;Ryan;King;55;Male;Designer, textile;4.10.2025
1197;Jeremy;Allen;18;Female;Furniture conservator/restorer;14.10.2025
1198;Gregory;Snyder;22;Female;Media buyer;1.10.2025
1199;Kristin;Kelley;19;Male;Insurance underwriter;12.10.2025
1200;Ana;Marsh;32;Male;English as a foreign language teacher;28.06.2023
1201;Sharon;Davis;41;Female;Chief Technology Officer;21.03.2025
1202;Sandra;Bush;60;Male;Quantity surveyor;10.03.2026
1203;Tracy;Perkins;74;Female;Chemical engineer;26.02.2025
1204;Jacob;Oneill;34;Female;Heritage manager;4.09.2025
1205;Amanda;Schwartz;72;Male;Probation officer;27.05.2023
1206;Sarah;Wilkinson;27;Male;Heritage manager;19.02.2025
1207;Stephen;Davis;18;Female;Water quality scientist;9.11.2023
1208;Troy;Perez;69;Female;Chiropodist;2.02.2023
1209;Michelle;Braun;36;Male;Environmental health practitioner;10.03.2026
1210;Nicholas;Young;73;Male;Chartered loss adjuster;20.04.2026
1211;Rachel;Schwartz;45;Male;Engineer, control and instrumentation;22.11.2024
1212;Lance;Chapman;32;Female;Adult guidance worker;30.07.2024
1213;Steven;Gibson;39;Male;Politician's assistant;6.04.2026
1214;David;Hudson;18;Female;Film/video editor;26.02.2023
1215;Jonathan;Morales;45;Male;Biochemist, clinical;21.08.2025
1216;Jacob;Kramer;35;Female;Colour technologist;20.11.2023
1217;Mark;Walker;36;Female;Therapist, sports;29.11.2025
1218;Julia;Bryant;18;Male;Editorial assistant;8.05.2023
1219;Evan;Moss;70;Male;Chief of Staff;20.10.2024
1220;Richard;Hinton;29;Male;Conservator, furniture;16.06.2023
1221;Paul;Patterson;20;Male;Fitness centre manager;19.09.2025
1222;John;Zimmerman;74;Female;Librarian, public;13.06.2024
1223;Debra;Reyes;47;Female;Surveyor, hydrographic;4.04.2025
1224;Andrew;Walker;18;Male;Financial trader;12.08.2024
1225;Erin;Gallegos;39;Female;Airline pilot;15.06.2025
1226;Jessica;Warner;42;Male;Pathologist;11.04.2023
1227;Jacqueline;Schneider;18;Female;Lobbyist;8.02.2024
1228;Jessica;Richards;64;Male;Speech and language therapist;30.01.2026
1229;Emily;James;20;Female;Environmental manager;15.09.2024
1230;Ryan;Jenkins;60;Male;Energy manager;29.12.2023
1231;Mikayla;Shepard;71;Male;Architect;9.03.2026
1232;Brandi;Johnson;54;Female;Acupuncturist;15.07.2023
1233;Kenneth;Williams;40;Female;Administrator, charities/voluntary organisations;18.04.2023
1234;David;Santiago;32;Female;Private music teacher;23.12.2023
1235;Kevin;Aguilar;40;Male;Broadcast journalist;21.11.2025
1236;Jessica;Ferguson;23;Female;Teacher, adult education;16.04.2025
1237;John;Jackson;33;Female;Air traffic controller;16.02.2023
1238;James;Gay;44;Female;Intelligence analyst;7.05.2024
1239;Rachael;Atkins;38;Male;Biochemist, clinical;23.09.2024
1240;Theresa;Wise;23;Male;Applications developer;11.02.2024
1241;Wyatt;Ballard;22;Male;Industrial/product designer;15.04.2023
1242;Daniel;Oliver;18;Female;Chemical engineer;2.10.2023
1243;Melanie;Young;34;Male;Psychologist, sport and exercise;14.08.2023
1244;Brittany;Daugherty;71;Female;Sports therapist;7.03.2026
1245;Brian;Terrell;39;Female;Tax adviser;20.02.2026
1246;Felicia;Mckinney;42;Female;Surveyor, planning and development;10.10.2024
1247;Jose;Contreras;48;Female;Television floor manager;26.06.2023
1248;Jacob;Hamilton;33;Male;Fisheries officer;1.09.2025
1249;Sylvia;Price;25;Male;Psychologist, educational;18.01.2023
1250;Carrie;Steele;19;Female;Public relations account executive;19.04.2024
1251;Jason;Graham;65;Male;Surveyor, building control;8.09.2024
1252;Cynthia;Peters;32;Female;Land;6.09.2024
1253;Nicholas;Adams;31;Male;Designer, textile;22.10.2023
1254;Austin;Norman;48;Female;Engineer, communications;27.02.2026
1255;Stacy;Kim;34;Male;Animal technologist;24.07.2023
1256;Patrick;Parker;38;Female;English as a foreign language teacher;17.09.2023
1257;Tony;Clark;49;Male;Contractor;24.12.2023
1258;Mark;Golden;54;Female;Personal assistant;11.07.2025
1259;Andrea;Brandt;36;Male;Hospital doctor;13.05.2023
1260;Jamie;Durham;45;Male;Teacher, adult education;3.03.2024
1261;William;Ball;48;Male;Civil Service fast streamer;30.01.2024
1262;Walter;Goodman;72;Male;Engineer, agricultural;17.04.2023
1263;Joshua;Pineda;19;Female;Surveyor, planning and development;27.02.2025
1264;John;Velasquez;28;Male;Programmer, systems;16.02.2023
1265;Robert;Miller;30;Female;Passenger transport manager;14.03.2024
1266;Lori;Coleman;33;Female;Engineer, petroleum;4.05.2023
1267;Dana;Chavez;23;Female;English as a foreign language teacher;19.07.2024
1268;Nicholas;Cline;44;Female;Museum education officer;20.05.2024
1269;Jennifer;Hampton;18;Female;Horticulturist, amenity;25.12.2024
1270;Rachael;Morgan;51;Female;Therapist, horticultural;21.02.2025
1271;Matthew;Day;47;Female;Quarry manager;25.05.2025
1272;Bradley;Jensen;73;Female;Private music teacher;1.05.2024
1273;Mary;Jordan;43;Female;Pharmacist, hospital;5.03.2026
1274;Amber;Reynolds;19;Female;Paediatric nurse;21.07.2025
1275;Benjamin;Morgan;35;Male;Chief Executive Officer;14.01.2023
1276;Kimberly;Kennedy;28;Male;Arboriculturist;1.11.2024
1277;Emily;Hinton;58;Female;Horticulturist, amenity;10.04.2023
1278;Chris;Gonzalez;71;Male;Warden/ranger;25.11.2024
1279;Brian;Davenport;35;Female;Designer, ceramics/pottery;16.08.2025
1280;Daniel;French;74;Male;Arboriculturist;3.07.2023
1281;Angela;Taylor;25;Male;Chemist, analytical;8.11.2025
1282;Daniel;Phillips;39;Male;Restaurant manager, fast food;2.02.2026
1283;Olivia;Wilson;47;Male;IT consultant;14.03.2026
1284;Donald;Miller;55;Female;Haematologist;4.03.2023
1285;Roger;Shea;37;Female;Medical technical officer;6.10.2023
1286;Elizabeth;Rice;41;Male;Nature conservation officer;16.09.2025
1287;Patrick;Brennan;55;Male;Astronomer;13.01.2023
1288;Steven;Brown;21;Male;Social researcher;26.12.2023
1289;Shawn;Mcpherson;37;Male;Sales executive;20.08.2024
1290;Kelly;Kelly;42;Female;Solicitor;20.03.2024
1291;Jennifer;Walls;34;Female;Research officer, trade union;2.03.2024
1292;Amber;Ward;25;Male;Runner, broadcasting/film/video;30.11.2025
1293;Jennifer;Coleman;30;Male;Research officer, trade union;19.11.2024
1294;Susan;Anderson;39;Female;Dispensing optician;11.12.2024
1295;Karen;Donovan;43;Male;Banker;20.03.2026
1296;Janice;Sutton;67;Female;Runner, broadcasting/film/video;18.08.2024
1297;Jason;Hurst;21;Male;Make;9.10.2025
1298;Jessica;Duncan;36;Male;Geochemist;22.09.2025
1299;Shane;Benton;25;Male;Programme researcher, broadcasting/film/video;9.08.2024
1300;David;Ayala;33;Male;Social researcher;30.04.2026
1301;Jesus;Fitzpatrick;47;Male;Veterinary surgeon;1.01.2026
1302;Katherine;Foster;43;Female;Product/process development scientist;23.02.2024
1303;Jessica;Garcia;48;Male;Transport planner;11.09.2024
1304;Austin;Nielsen;47;Male;Warehouse manager;29.06.2024
1305;Darryl;Roberts;50;Female;Best boy;7.06.2024
1306;William;Cook;72;Male;Purchasing manager;6.05.2024
1307;Diana;Mcgee;28;Male;Scientist, biomedical;16.04.2024
1308;Scott;Wagner;39;Male;Airline pilot;9.05.2025
1309;Jacob;Ellis;20;Female;Prison officer;14.03.2023
1310;Jennifer;Saunders;73;Female;Wellsite geologist;23.02.2024
1311;Lauren;Martinez;18;Female;Paediatric nurse;4.05.2024
1312;Gina;Miranda;26;Female;Chief Executive Officer;27.06.2025
1313;Ruth;Whitney;40;Male;Consulting civil engineer;25.05.2025
1314;Steven;Patrick;36;Female;Contracting civil engineer;24.04.2023
1315;James;Hill;48;Female;Clinical scientist, histocompatibility and immunogenetics;12.05.2023
1316;Logan;Bartlett;21;Male;Speech and language therapist;12.05.2023
1317;Anthony;Davidson;21;Male;Health service manager;13.02.2025
1318;Dennis;Washington;48;Female;Health and safety adviser;6.09.2024
1319;Dillon;Cox;32;Male;Building control surveyor;2.02.2026
1320;Kelly;Wilcox;44;Female;Insurance account manager;29.03.2024
1321;James;Scott;46;Male;Designer, graphic;4.02.2025
1322;Jeff;Stephenson;44;Female;Media buyer;26.05.2023
1323;Martha;Whitaker;38;Female;Chemical engineer;4.03.2024
1324;Julie;Lyons;19;Female;Ophthalmologist;16.02.2025
1325;Maria;Barnett;57;Male;Horticulturist, amenity;13.04.2025
1326;James;Howard;37;Female;Exhibition designer;17.06.2025
1327;Kristine;Jones;44;Female;Cytogeneticist;23.09.2025
1328;Jeffery;Rose;63;Female;Accounting technician;15.05.2024
1329;Gary;Martinez;44;Female;Field trials officer;10.03.2025
1330;Autumn;Bartlett;63;Female;Buyer, industrial;30.05.2025
1331;Aaron;Bennett;42;Female;Magazine journalist;28.06.2023
1332;Lauren;Hall;35;Female;Consulting civil engineer;4.04.2025
1333;Lisa;Thompson;68;Male;Rural practice surveyor;7.10.2024
1334;Brenda;Brown;22;Male;Academic librarian;2.01.2023
1335;Kimberly;Lewis;59;Male;Hydrographic surveyor;28.12.2024
1336;James;Harris;20;Male;Social worker;13.06.2023
1337;Joseph;Russell;47;Male;Furniture conservator/restorer;30.10.2025
1338;Brandi;Green;31;Male;Teacher, early years/pre;2.04.2024
1339;Linda;Walls;24;Male;Development worker, international aid;1.08.2025
1340;Jennifer;Medina;59;Female;Optometrist;18.06.2025
1341;Danielle;Bolton;56;Female;Clothing/textile technologist;26.10.2023
1342;Richard;Dalton;50;Female;Fine artist;22.01.2023
1343;Johnathan;Olson;59;Female;Child psychotherapist;29.09.2023
1344;Rebecca;Butler;28;Female;Learning disability nurse;21.03.2024
1345;Rachel;Simmons;38;Male;Designer, jewellery;7.11.2023
1346;Mark;Clements;47;Male;Diplomatic Services operational officer;4.03.2023
1347;Todd;Lee;54;Female;Biomedical scientist;6.10.2023
1348;Austin;Garcia;64;Male;Outdoor activities/education manager;28.07.2025
1349;Patty;Baker;68;Male;Paediatric nurse;30.11.2025
1350;Vincent;Bell;26;Female;Therapist, music;12.08.2024
1351;Jennifer;Austin;73;Female;Gaffer;3.07.2024
1352;Jennifer;Camacho;35;Male;Microbiologist;11.11.2024
1353;James;Smith;36;Male;Mining engineer;24.01.2024
1354;Nathan;Yates;36;Female;Clinical embryologist;13.03.2023
1355;Zachary;Carr;39;Male;Music therapist;9.04.2024
1356;Beverly;Cruz;68;Female;Location manager;2.02.2025
1357;Adrienne;Peterson;56;Female;Water engineer;27.02.2025
1358;Ronald;Davis;62;Male;Farm manager;7.05.2023
1359;Jody;Odonnell;47;Male;Restaurant manager, fast food;18.12.2024
1360;Robert;Clark;45;Female;Production manager;13.10.2023
1361;Melissa;Smith;50;Female;Amenity horticulturist;6.04.2026
1362;Brenda;White;73;Male;Multimedia specialist;14.06.2025
1363;Derek;Clark;70;Female;Health physicist;7.01.2026
1364;Cynthia;Webster;27;Male;Senior tax professional/tax inspector;5.03.2025
1365;Taylor;Fowler;38;Female;Technical sales engineer;26.11.2023
1366;Edward;Sweeney;30;Female;Accountant, chartered public finance;4.02.2024
1367;Joshua;Higgins;33;Male;Soil scientist;16.11.2024
1368;Ashley;Wheeler;44;Female;Arts administrator;22.11.2023
1369;Gregg;Christensen;36;Male;Public house manager;1.06.2024
1370;Zachary;Lee;66;Male;Scientist, marine;16.10.2023
1371;Christina;Salinas;45;Female;Engineer, manufacturing;19.08.2023
1372;Jared;Ortiz;53;Male;Fisheries officer;26.03.2026
1373;Nathan;Pruitt;68;Male;Electrical engineer;17.01.2025
1374;Patricia;Gordon;44;Female;Garment/textile technologist;27.02.2025
1375;David;Valencia;47;Female;Occupational psychologist;12.04.2025
1376;Michael;Young;19;Male;Engineer, electronics;6.08.2024
1377;David;Norris;45;Female;Chartered public finance accountant;14.08.2025
1378;Matthew;Hernandez;25;Female;Air broker;7.03.2025
1379;Kayla;Howard;34;Male;Textile designer;16.03.2026
1380;Rebecca;Gomez;47;Female;Aeronautical engineer;9.04.2026
1381;Charles;Conner;65;Female;Clinical embryologist;10.06.2024
1382;Craig;Lynn;50;Male;Quality manager;1.09.2025
1383;Jamie;Davis;48;Female;Brewing technologist;26.01.2026
1384;Daniel;Baker;57;Male;Sport and exercise psychologist;8.09.2024
1385;Amy;Carey;53;Female;Solicitor;11.08.2025
1386;Greg;Mcgee;18;Male;Warden/ranger;11.06.2025
1387;Brian;Berry;51;Female;Engineer, aeronautical;21.09.2023
1388;Kimberly;Rivera;59;Male;Surveyor, rural practice;25.02.2023
1389;William;Moore;26;Female;Medical technical officer;13.02.2023
1390;Mary;Rogers;61;Male;Manufacturing systems engineer;20.11.2023
1391;Jennifer;Vasquez;33;Female;Advertising account planner;2.03.2026
1392;David;Jensen;57;Male;Operational investment banker;19.08.2025
1393;Lisa;Brewer;23;Female;Chartered accountant;7.01.2026
1394;Charles;Simmons;42;Male;Museum/gallery exhibitions officer;20.09.2025
1395;William;Bennett;59;Male;Sports therapist;8.08.2023
1396;James;Collins;49;Male;Careers adviser;5.04.2024
1397;Christopher;Reese;53;Female;Barista;3.06.2025
1398;Christian;Miller;44;Female;Designer, fashion/clothing;1.11.2023
1399;Lori;Davis;49;Female;Air cabin crew;9.05.2023
1400;Daniel;Andrews;23;Male;Research officer, trade union;29.07.2024
1401;Matthew;Campbell;31;Female;Advice worker;13.05.2023
1402;Rachel;Whitney;20;Male;Education administrator;28.04.2023
1403;Mallory;Lewis;23;Male;Exercise physiologist;29.11.2023
1404;Heather;Robinson;53;Male;Cabin crew;2.02.2026
1405;Gail;Thomas;40;Male;Fisheries officer;28.04.2024
1406;Juan;Lozano;19;Male;Education officer, museum;24.06.2023
1407;Claire;Vega;25;Male;Community education officer;6.09.2025
1408;Brian;Pope;34;Male;Nurse, mental health;14.03.2025
1409;Marc;Bernard;21;Female;Designer, television/film set;16.03.2026
1410;Stephanie;Richmond;32;Male;Sales executive;23.04.2025
1411;Bernard;Smith;62;Male;Geneticist, molecular;25.07.2024
1412;Andrew;Campbell;27;Female;Osteopath;19.11.2023
1413;Lisa;Robinson;25;Male;Theme park manager;8.07.2024
1414;Justin;Williams;19;Male;Therapeutic radiographer;15.02.2025
1415;Shane;Johnson;30;Female;Administrator, arts;25.06.2024
1416;Christian;Roberts;34;Male;Theatre director;7.09.2023
1417;Melissa;Marquez;69;Female;Interior and spatial designer;5.05.2024
1418;Charles;Perry;48;Female;Editor, film/video;8.11.2024
1419;William;Estes;69;Female;Mechanical engineer;24.03.2023
1420;Amber;Briggs;24;Male;Engineer, maintenance (IT);29.09.2023
1421;Chloe;Wiley;24;Male;Restaurant manager;19.12.2024
1422;Ashley;Griffin;67;Male;International aid/development worker;17.01.2026
1423;Michelle;Smith;66;Male;Engineer, production;29.10.2023
1424;Maria;Mitchell;38;Male;Dealer;8.02.2026
1425;Brittney;May;74;Male;Actor;2.02.2026
1426;Andrew;Middleton;46;Female;Adult guidance worker;24.09.2024
1427;David;Ross;49;Female;Environmental consultant;28.04.2023
1428;Michael;Campbell;72;Male;Industrial/product designer;20.08.2025
1429;James;Vazquez;34;Female;Education officer, community;30.06.2023
1430;David;Ayers;44;Male;Garment/textile technologist;25.01.2026
1431;Richard;Pittman;26;Female;Higher education careers adviser;18.06.2024
1432;Gabrielle;Whitney;50;Female;Horticultural consultant;5.04.2026
1433;Tracy;Brown;73;Female;Magazine features editor;31.08.2024
1434;Kimberly;Carter;25;Male;Futures trader;19.04.2023
1435;Justin;Bailey;50;Female;Psychologist, prison and probation services;23.12.2023
1436;Kristin;Huffman;65;Male;Merchandiser, retail;8.08.2024
1437;Nicole;Alvarez;25;Male;Designer, ceramics/pottery;5.01.2025
1438;Chelsea;Wyatt;67;Male;Engineer, maintenance;21.02.2023
1439;Martha;Ortiz;23;Male;Estate agent;19.09.2024
1440;Joseph;Jacobs;35;Female;Presenter, broadcasting;7.07.2024
1441;Jessica;Ayers;24;Female;Scientist, biomedical;5.07.2025
1442;Mark;Nguyen;25;Male;Teacher, special educational needs;30.04.2025
1443;Scott;Brown;41;Female;Designer, industrial/product;19.05.2025
1444;Julie;Cordova;35;Female;Product/process development scientist;7.04.2026
1445;Nicole;Richards;22;Male;Physicist, medical;16.08.2025
1446;Kelly;Snyder;33;Female;Financial adviser;20.09.2023
1447;Megan;Davidson;28;Male;Administrator;13.06.2025
1448;Larry;Caldwell;75;Male;Runner, broadcasting/film/video;10.01.2023
1449;Rose;Hogan;47;Male;Futures trader;8.12.2025
1450;James;Ball;21;Male;Administrator, charities/voluntary organisations;2.02.2026
1451;Anthony;Walters;21;Female;Commissioning editor;3.04.2023
1452;Matthew;Jones;46;Female;Meteorologist;22.11.2023
1453;Jerry;Wright;28;Male;Social researcher;16.02.2023
1454;William;Walker;43;Male;Lawyer;22.11.2023
1455;William;Phillips;51;Male;Legal executive;22.04.2026
1456;Brian;Adams;20;Female;Surveyor, rural practice;26.06.2024
1457;Brad;Dominguez;49;Female;Environmental education officer;14.08.2025
1458;Jonathan;Ford;75;Male;Air cabin crew;26.03.2023
1459;Robert;Stone;30;Female;Air cabin crew;24.11.2025
1460;Erin;Atkinson;32;Female;Scientist, marine;28.02.2023
1461;Bianca;Mclaughlin;47;Female;Administrator, Civil Service;15.07.2025
1462;Linda;Mclean;40;Male;Architectural technologist;10.01.2026
1463;Leslie;Morris;29;Female;Commercial/residential surveyor;12.10.2023
1464;Joseph;Davis;36;Female;Engineer, drilling;7.11.2024
1465;Tami;Olson;22;Female;Medical physicist;11.04.2025
1466;Patricia;Mullins;37;Female;Chief Financial Officer;14.11.2025
1467;Daniel;Phillips;53;Female;Biomedical scientist;11.03.2024
1468;Samantha;Payne;30;Female;Sub;16.06.2025
1469;Laura;Green;58;Male;Clinical psychologist;28.03.2024
1470;Anthony;Smith;45;Male;Leisure centre manager;30.01.2023
1471;Christina;Young;50;Female;Administrator, sports;25.07.2023
1472;Michael;Gomez;38;Female;Community arts worker;14.05.2023
1473;Jessica;Escobar;39;Male;Armed forces operational officer;5.08.2024
1474;Ellen;Smith;74;Male;Lecturer, higher education;1.03.2025
1475;Kristen;Santos;54;Male;Psychologist, sport and exercise;27.03.2023
1476;Chloe;Caldwell;34;Male;Accountant, chartered certified;29.04.2023
1477;Donald;Lewis;26;Male;Dispensing optician;5.09.2024
1478;Tanya;Moore;25;Female;Dealer;31.10.2023
1479;Stephanie;Thompson;28;Male;Film/video editor;22.01.2023
1480;Justin;Reed;19;Male;Software engineer;4.10.2025
1481;Michael;Ruiz;23;Female;Development worker, international aid;19.06.2024
1482;George;Ware;49;Female;Engineer, site;26.12.2025
1483;Kaitlyn;Rowland;47;Female;Engineer, drilling;10.05.2024
1484;Cole;Walter;39;Female;Neurosurgeon;9.10.2025
1485;Jacob;Collins;22;Female;Designer, blown glass/stained glass;15.02.2024
1486;Taylor;Andrews;49;Female;Dance movement psychotherapist;17.05.2024
1487;Carolyn;Pineda;58;Male;Therapist, art;17.10.2024
1488;Mary;Martin;31;Female;Lecturer, higher education;22.10.2025
1489;Lindsay;Harper;56;Male;Insurance risk surveyor;26.08.2025
1490;Jesse;Sparks;35;Female;Clinical research associate;3.04.2023
1491;Harold;Cohen;33;Male;Programmer, applications;23.06.2023
1492;Stephanie;Rodriguez;23;Female;Tax inspector;14.04.2025
1493;Alexandra;Hernandez;66;Male;Civil engineer, consulting;2.04.2024
1494;Ryan;Gibson;38;Female;Farm manager;31.08.2025
1495;Mark;Miles;31;Male;Presenter, broadcasting;28.03.2025
1496;Charles;Wiley;46;Female;Applications developer;16.04.2025
1497;Sarah;Ross;47;Male;Control and instrumentation engineer;13.05.2023
1498;Amanda;Jones;22;Male;Animal technologist;4.01.2025
1499;Lisa;Jones;34;Female;Audiological scientist;4.12.2025
1500;Rebekah;Erickson;50;Female;Logistics and distribution manager;29.11.2025
1501;Albert;Mcmahon;60;Male;Engineer, energy;20.03.2023
1502;Ricardo;Sanchez;58;Male;Radiographer, diagnostic;28.06.2025
1503;Rhonda;Knox;22;Female;Engineer, petroleum;9.07.2025
1504;Nichole;Christian;43;Male;International aid/development worker;1.07.2024
1505;Kelly;Hamilton;27;Male;Conservator, museum/gallery;10.04.2026
1506;Stephanie;Bell;39;Male;Insurance risk surveyor;24.11.2025
1507;Joshua;Gay;75;Female;Clinical psychologist;28.01.2026
1508;Stacy;Wang;41;Female;Ophthalmologist;14.03.2024
1509;Alec;Jordan;36;Male;Engineer, aeronautical;2.10.2025
1510;David;Robertson;49;Male;Museum education officer;29.04.2025
1511;Steven;Thomas;28;Male;Civil Service administrator;28.11.2023
1512;Chad;Williams;47;Female;Psychiatrist;25.02.2024
1513;Kathy;Kline;54;Male;Corporate treasurer;16.05.2024
1514;Robert;Olson;34;Male;Financial risk analyst;13.07.2023
1515;Joshua;Powell;30;Female;TEFL teacher;13.08.2023
1516;Molly;Costa;62;Male;Civil engineer, consulting;8.01.2026
1517;Rebecca;Guerra;67;Female;Radiographer, therapeutic;14.10.2023
1518;Nicole;Moore;49;Male;Interpreter;28.11.2023
1519;Erin;Hart;25;Female;Sports coach;23.08.2023
1520;Laurie;Green;29;Female;Ecologist;9.03.2024
1521;Bethany;Mathis;38;Female;Banker;13.09.2023
1522;Tammy;White;41;Female;Counsellor;30.07.2023
1523;Thomas;Evans;22;Female;Insurance account manager;19.01.2025
1524;David;Travis;39;Female;Financial trader;10.06.2023
1525;Tanya;Payne;65;Female;Psychologist, forensic;22.08.2024
1526;Margaret;Potts;52;Male;Commercial/residential surveyor;6.04.2024
1527;Amy;Yates;56;Female;Optometrist;22.09.2025
1528;Thomas;Zavala;21;Female;Special educational needs teacher;25.09.2024
1529;Katie;Jarvis;62;Male;Editor, commissioning;8.09.2025
1530;Kelly;Garcia;27;Male;Planning and development surveyor;16.11.2023
1531;Mitchell;Knapp;47;Female;Drilling engineer;16.04.2026
1532;Christine;Mcintyre;24;Male;Therapist, horticultural;20.09.2025
1533;Marissa;Mclean;28;Female;Surveyor, rural practice;26.03.2024
1534;Gregory;Hoffman;44;Female;Oceanographer;13.04.2024
1535;Jeffrey;Knight;70;Female;Sales professional, IT;24.02.2023
1536;Michael;Stewart;43;Female;Travel agency manager;5.03.2025
1537;Abigail;Sullivan;65;Male;Warehouse manager;25.02.2026
1538;Daniel;Mcconnell;32;Female;Geologist, wellsite;29.11.2025
1539;John;Lewis;53;Male;Doctor, general practice;13.01.2024
1540;Lisa;Delgado;52;Male;Immunologist;12.09.2025
1541;Katrina;Rodriguez;54;Female;Drilling engineer;1.01.2025
1542;Danielle;Henderson;26;Male;Psychologist, counselling;20.02.2026
1543;Adam;Mcintyre;31;Male;Technical sales engineer;13.03.2023
1544;Hayley;Edwards;18;Male;Applications developer;31.10.2024
1545;Alice;Rodriguez;30;Female;Fish farm manager;8.12.2024
1546;Nicole;Myers;65;Female;Accommodation manager;6.03.2025
1547;Anthony;Bray;26;Female;Hospital doctor;4.06.2025
1548;Donald;Rodriguez;31;Female;Exhibitions officer, museum/gallery;27.11.2023
1549;Caleb;Jones;41;Female;Embryologist, clinical;17.09.2025
1550;Jessica;Williams;39;Female;Orthoptist;6.09.2024
1551;Cynthia;Baker;48;Female;Warden/ranger;1.11.2025
1552;Traci;Anderson;41;Male;Nurse, children's;14.02.2025
1553;Michele;Anderson;58;Female;Mudlogger;26.03.2025
1554;Christian;Williamson;41;Female;Proofreader;30.04.2026
1555;Jessica;Long;35;Male;Hydrologist;20.02.2026
1556;Erica;Barry;67;Male;Engineer, manufacturing;28.10.2024
1557;Thomas;Sanchez;22;Male;Research scientist (physical sciences);23.12.2023
1558;Samantha;Carroll;63;Male;Industrial/product designer;25.01.2026
1559;Terry;Morrow;60;Male;Horticulturist, amenity;16.11.2023
1560;Maria;Pearson;35;Female;Print production planner;19.02.2025
1561;Deborah;Jones;18;Female;Ceramics designer;2.12.2024
1562;Jennifer;Pierce;55;Male;Arts development officer;24.08.2024
1563;Barbara;Scott;27;Male;Conservator, furniture;28.05.2024
1564;James;Jennings;25;Male;Research scientist (maths);2.08.2025
1565;Kathy;Parker;39;Female;Chartered legal executive (England and Wales);28.01.2023
1566;Samantha;Gonzalez;48;Female;Gaffer;23.09.2024
1567;Morgan;Herring;32;Female;Armed forces training and education officer;16.09.2025
1568;Angela;Cantu;45;Male;Administrator, sports;9.03.2024
1569;Juan;Luna;23;Female;Engineer, civil (consulting);30.08.2024
1570;Haley;Williams;30;Female;Curator;19.12.2023
1571;William;Anderson;73;Female;Therapist, drama;28.02.2026
1572;Eric;Riley;28;Female;Lobbyist;7.02.2024
1573;Steven;Stewart;36;Male;Corporate investment banker;27.06.2024
1574;Jeremy;Perez;19;Male;Designer, fashion/clothing;25.06.2024
1575;Johnny;Butler;39;Male;Nurse, mental health;2.04.2024
1576;Erin;Hughes;61;Male;Community arts worker;19.10.2025
1577;James;Phillips;22;Male;Wellsite geologist;2.05.2024
1578;Rebecca;Tucker;49;Female;Medical physicist;13.01.2024
1579;Kyle;Hall;60;Male;Animal nutritionist;27.10.2025
1580;Fred;Lloyd;56;Female;Geophysical data processor;6.10.2023
1581;Barry;Todd;33;Female;Barrister's clerk;22.01.2024
1582;Angela;Rodriguez;25;Female;Programme researcher, broadcasting/film/video;25.08.2023
1583;Charles;Nelson;45;Male;Ergonomist;27.08.2023
1584;Carrie;Clark;63;Female;Broadcast journalist;2.09.2024
1585;Jennifer;Garza;18;Female;Scientific laboratory technician;17.06.2023
1586;Tabitha;Diaz;55;Female;Trade mark attorney;10.06.2024
1587;Denise;Price;34;Female;Designer, graphic;26.11.2025
1588;Christian;Arnold;28;Female;English as a second language teacher;29.08.2024
1589;Michele;Lin;41;Female;Designer, industrial/product;14.08.2023
1590;Sheila;Flynn;27;Female;Landscape architect;25.12.2023
1591;Patrick;Butler;18;Female;Proofreader;19.08.2025
1592;Lori;Turner;49;Female;Engineer, broadcasting (operations);31.01.2024
1593;Bradley;Adams;45;Female;Sales professional, IT;18.04.2026
1594;John;Dudley;57;Male;Intelligence analyst;18.01.2026
1595;Denise;Duncan;31;Male;Microbiologist;6.06.2024
1596;Michael;Sanders;18;Female;Education officer, community;28.11.2023
1597;James;Hogan;39;Male;Social worker;28.01.2023
1598;Gary;Martinez;66;Male;Camera operator;16.02.2026
1599;Spencer;Williamson;40;Male;Bonds trader;23.09.2025
1600;Stephen;Pruitt;42;Male;Planning and development surveyor;22.03.2024
1601;Ronald;Johnson;52;Female;Estate manager/land agent;8.01.2026
1602;Bryan;Hoffman;34;Male;Computer games developer;10.02.2026
1603;Justin;Ramirez;32;Male;Journalist, newspaper;14.09.2023
1604;Tina;Robbins;38;Female;Fisheries officer;18.10.2023
1605;Brian;Callahan;35;Male;Clinical psychologist;1.06.2025
1606;Tyler;Jimenez;48;Male;Geneticist, molecular;30.12.2024
1607;Denise;Yu;43;Male;Minerals surveyor;12.04.2024
1608;Cameron;Hatfield;70;Female;Optician, dispensing;16.06.2023
1609;Hannah;Wheeler;75;Male;Engineer, electronics;29.01.2026
1610;Danielle;Walls;50;Female;Insurance risk surveyor;24.06.2023
1611;John;Kemp;28;Male;Lecturer, higher education;12.01.2024
1612;Nathan;Sexton;34;Male;Administrator, education;2.11.2025
1613;Shane;Lewis;38;Female;Contractor;13.05.2023
1614;Keith;Freeman;19;Female;Broadcast presenter;20.01.2026
1615;Michael;Carpenter;36;Female;Music tutor;22.11.2025
1616;Bryan;Gross;19;Male;Scientist, audiological;29.10.2023
1617;Ashley;Lynch;26;Male;Journalist, newspaper;25.03.2023
1618;Brent;Kelley;56;Male;Human resources officer;9.02.2023
1619;Isabel;Roberts;59;Male;Advice worker;17.01.2025
1620;Keith;Wilson;19;Female;Chartered public finance accountant;14.12.2023
1621;Katherine;Hayes;39;Male;IT technical support officer;21.02.2026
1622;Barbara;Wallace;27;Female;Water engineer;13.10.2025
1623;Victor;Brown;34;Female;Building control surveyor;13.05.2023
1624;Paul;Morris;63;Male;Television production assistant;16.11.2024
1625;Jennifer;Rodriguez;62;Male;Prison officer;14.11.2024
1626;Breanna;Elliott;37;Male;Ecologist;14.08.2023
1627;Holly;Gross;64;Female;Dealer;11.01.2025
1628;Kara;Powell;57;Male;Personal assistant;9.01.2024
1629;Randy;Reid;44;Male;Housing manager/officer;10.03.2026
1630;Jennifer;Barrett;53;Female;Fish farm manager;21.01.2024
1631;Michael;Jones;40;Female;Nurse, children's;12.10.2024
1632;Hannah;Reed;50;Female;Conservation officer, nature;13.02.2024
1633;Jennifer;Waters;19;Female;Social worker;21.07.2025
1634;Joe;Aguilar;24;Female;Midwife;29.03.2024
1635;Jason;Baldwin;74;Male;Ophthalmologist;28.12.2023
1636;Jacob;Nguyen;62;Male;Engineer, land;23.02.2026
1637;Tamara;Gay;42;Male;Naval architect;21.11.2025
1638;Tyler;Hale;29;Male;Operations geologist;14.08.2025
1639;James;Newman;39;Female;Astronomer;18.10.2024
1640;Craig;Stafford;53;Female;Educational psychologist;23.06.2024
1641;Gina;Weiss;45;Female;Environmental manager;20.12.2023
1642;Molly;Hess;37;Male;Human resources officer;27.07.2023
1643;Tyler;Johnson;40;Female;Engineer, drilling;24.08.2023
1644;Kathryn;Cummings;33;Male;Engineer, drilling;16.02.2024
1645;Evan;Knox;41;Male;Interpreter;17.01.2025
1646;Christopher;Gardner;62;Male;Engineer, agricultural;30.04.2023
1647;Debra;Bartlett;48;Female;Call centre manager;28.11.2025
1648;Stephen;Morton;45;Female;Editor, magazine features;20.07.2024
1649;Janice;Yang;50;Female;Editor, magazine features;22.06.2024
1650;Donna;Fletcher;50;Male;Nurse, mental health;22.11.2025
1651;Jacob;Watkins;32;Female;Television/film/video producer;26.08.2024
1652;Brian;Conner;44;Male;Administrator, Civil Service;26.10.2023
1653;Elizabeth;Jackson;33;Male;Corporate treasurer;20.06.2023
1654;Patrick;Davis;38;Female;Corporate treasurer;12.06.2025
1655;Terri;Norman;55;Female;Health and safety inspector;9.08.2025
1656;Eric;Lin;50;Male;Film/video editor;5.06.2024
1657;Brian;Johnston;28;Male;Horticultural consultant;11.03.2023
1658;Kristi;Taylor;40;Male;Restaurant manager, fast food;19.10.2023
1659;Alyssa;Lee;58;Male;Surveyor, mining;1.03.2023
1660;Michael;Johnson;44;Female;Legal executive;3.03.2023
1661;Christopher;Hall;41;Male;Health promotion specialist;20.11.2023
1662;Amanda;Hardin;26;Female;Geologist, wellsite;14.03.2024
1663;Julie;Cox;35;Male;Prison officer;1.04.2025
1664;Noah;Parker;70;Male;Public house manager;17.03.2025
1665;Troy;Thompson;21;Female;Estate manager/land agent;19.11.2023
1666;Valerie;Preston;68;Male;Teacher, early years/pre;30.09.2025
1667;Dylan;Mullen;37;Female;Geologist, wellsite;3.02.2023
1668;Steven;Zimmerman;19;Female;Pensions consultant;1.05.2023
1669;Crystal;Franklin;37;Female;Chartered certified accountant;10.07.2023
1670;Raymond;Heath;67;Female;Best boy;24.06.2024
1671;Lori;Luna;30;Female;Building surveyor;27.01.2025
1672;Gavin;Shields;49;Female;Air broker;16.04.2026
1673;Rodney;Hansen;30;Female;Passenger transport manager;26.01.2025
1674;Brian;Gonzalez;35;Female;Environmental consultant;12.05.2025
1675;Christine;Allen;66;Female;Chief Strategy Officer;12.01.2025
1676;Maria;Watson;45;Female;Designer, ceramics/pottery;24.10.2023
1677;Sarah;Foster;25;Male;Designer, interior/spatial;24.06.2023
1678;Fred;Hogan;63;Female;Engineer, broadcasting (operations);31.10.2023
1679;Jessica;Wilkerson;41;Female;Recycling officer;20.11.2025
1680;Gregory;Harding;64;Female;Surveyor, planning and development;22.02.2026
1681;Sandra;Marquez;41;Male;Advertising art director;30.12.2025
1682;Cynthia;Martin;47;Female;Art therapist;2.03.2026
1683;Wendy;Morris;42;Male;Engineer, chemical;13.10.2025
1684;Anthony;Turner;28;Female;Environmental education officer;15.12.2023
1685;Jesse;Costa;44;Male;Medical illustrator;23.08.2025
1686;Timothy;Fleming;41;Female;Production assistant, radio;3.01.2024
1687;Steve;Walker;35;Male;Community development worker;19.04.2025
1688;Susan;Calhoun;20;Female;Medical laboratory scientific officer;9.05.2025
1689;Tara;Collins;59;Female;Dealer;2.05.2024
1690;Terri;Johns;58;Male;Psychotherapist, dance movement;18.04.2026
1691;Joseph;Berry;39;Female;Journalist, magazine;2.03.2026
1692;Anthony;Fitzgerald;31;Female;Local government officer;8.10.2023
1693;Jack;Alvarado;45;Female;Site engineer;22.04.2025
1694;Chelsea;Nguyen;74;Male;Quality manager;29.09.2024
1695;Robert;Bates;36;Male;Research officer, government;7.01.2026
1696;Steven;Morris;56;Female;Data processing manager;28.02.2025
1697;Amanda;Burns;30;Male;Animal nutritionist;12.03.2025
1698;Lori;Mcclain;42;Female;Computer games developer;19.01.2025
1699;Tyler;Lee;21;Male;Radio broadcast assistant;6.02.2024
1700;Samuel;Sutton;43;Female;Cartographer;7.05.2024
1701;Joseph;Romero;22;Male;Economist;20.03.2024
1702;Kelly;Perry;24;Female;Therapist, occupational;13.05.2025
1703;Sheri;Carter;19;Female;Ecologist;7.06.2023
1704;Brittney;Schmidt;23;Female;Teacher, secondary school;9.04.2023
1705;Christina;Kelly;30;Female;Higher education lecturer;8.03.2024
1706;James;Jordan;39;Female;Engineer, civil (consulting);3.01.2024
1707;Carol;Fisher;24;Male;Scientist, research (life sciences);23.08.2025
1708;Kelly;Cohen;68;Male;Maintenance engineer;17.06.2025
1709;Victoria;Kelley;52;Male;Psychotherapist, dance movement;30.04.2026
1710;Alexis;Wallace;46;Male;Marine scientist;28.07.2023
1711;Jill;Johnson;53;Female;Sports development officer;29.03.2026
1712;Mary;Boyd;30;Female;Police officer;17.05.2025
1713;Julia;Small;68;Male;Electronics engineer;9.08.2023
1714;Matthew;Vance;49;Male;Development worker, international aid;23.02.2026
1715;Daryl;Smith;74;Male;Outdoor activities/education manager;1.12.2024
1716;Patrick;Ellis;45;Female;Acupuncturist;21.10.2024
1717;Shawn;Levy;75;Male;Archaeologist;28.09.2023
1718;Dennis;Christensen;29;Female;Seismic interpreter;22.02.2026
1719;Elizabeth;Wang;44;Male;Press sub;26.11.2024
1720;Alexander;Smith;32;Female;Barrister's clerk;23.03.2025
1721;Julia;Ramirez;22;Male;Land;25.05.2025
1722;Michelle;Williamson;50;Male;Trade union research officer;12.08.2025
1723;Robert;Greer;61;Female;Psychologist, counselling;3.09.2024
1724;Selena;Jones;45;Female;Minerals surveyor;22.09.2023
1725;Kristen;Pena;34;Female;Scientific laboratory technician;16.03.2025
1726;Daniel;Wade;50;Female;Engineer, civil (contracting);3.11.2023
1727;Holly;Mayer;64;Female;Financial adviser;15.03.2023
1728;Kristen;Roy;32;Female;Firefighter;26.07.2023
1729;Joel;Campbell;45;Male;Art gallery manager;15.11.2024
1730;Heather;Montgomery;33;Male;Engineer, manufacturing systems;22.01.2025
1731;Dennis;Sparks;30;Male;Engineer, electronics;23.08.2023
1732;Joseph;Henderson;63;Female;Corporate treasurer;28.01.2026
1733;Rebecca;Bailey;40;Female;Photographer;17.06.2025
1734;Larry;Brown;18;Male;Electrical engineer;7.06.2024
1735;Rachel;Osborn;32;Female;Media buyer;24.04.2026
1736;Jill;Acosta;67;Male;Sub;31.12.2023
1737;Jacqueline;Chavez;33;Female;Surgeon;14.10.2025
1738;Jeffrey;May;37;Male;Librarian, academic;7.11.2023
1739;Erika;Schwartz;69;Female;Orthoptist;22.09.2024
1740;Allison;Turner;45;Male;Information systems manager;15.01.2024
1741;Sheri;Gray;37;Male;Psychologist, occupational;10.03.2025
1742;Bruce;Mack;67;Male;Barrister's clerk;21.12.2023
1743;Kathleen;King;31;Female;Futures trader;9.02.2023
1744;Seth;Nolan;28;Female;Actor;13.05.2023
1745;Amanda;Rivera;19;Male;Geologist, engineering;15.02.2026
1746;Elizabeth;Burns;42;Female;Embryologist, clinical;20.08.2024
1747;Steven;Lynn;67;Male;Clinical scientist, histocompatibility and immunogenetics;10.02.2023
1748;Douglas;Gregory;34;Female;Magazine journalist;11.03.2024
1749;Kerry;Williams;41;Male;Actor;27.09.2024
1750;Mary;Duncan;52;Male;Higher education lecturer;20.08.2023
1751;Diane;Castaneda;28;Male;Health and safety adviser;15.03.2026
1752;Pamela;James;47;Male;Geophysical data processor;23.01.2024
1753;April;Allen;63;Male;Quantity surveyor;17.02.2024
1754;Julian;Lopez;61;Male;Broadcast journalist;25.05.2025
1755;Joe;Williams;48;Female;Therapeutic radiographer;19.10.2024
1756;Ricky;Lewis;38;Male;Therapist, nutritional;7.10.2025
1757;Thomas;Nichols;42;Male;Horticultural therapist;12.04.2023
1758;Amy;Nelson;49;Male;Lexicographer;10.12.2023
1759;Sharon;Wilson;42;Male;Mental health nurse;30.05.2023
1760;Brian;Long;49;Male;Accountant, chartered;2.03.2024
1761;Brent;Figueroa;66;Female;Multimedia programmer;16.01.2024
1762;Christina;Huerta;42;Female;Scientist, research (physical sciences);18.10.2025
1763;Edgar;Garcia;54;Male;Glass blower/designer;2.05.2024
1764;Jeffrey;Green;44;Male;Estate agent;7.04.2024
1765;Brandon;Shields;19;Male;Hotel manager;7.02.2026
1766;Carla;Bishop;25;Male;Armed forces technical officer;4.04.2023
1767;Robert;Parker;41;Male;Engineer, land;15.07.2023
1768;Ronnie;Brown;39;Female;Restaurant manager;17.04.2026
1769;Amanda;Allen;38;Female;Education officer, community;4.12.2025
1770;William;Walters;42;Male;Tour manager;11.05.2024
1771;Laura;Gilbert;63;Female;Newspaper journalist;15.08.2025
1772;Katherine;Nguyen;27;Female;Information systems manager;25.03.2026
1773;Richard;Fry;55;Male;Psychiatric nurse;11.10.2024
1774;Lori;Davila;22;Female;Advertising account executive;18.07.2024
1775;Stephen;Price;72;Male;Restaurant manager, fast food;2.07.2023
1776;Mary;Anderson;27;Male;Warden/ranger;30.06.2024
1777;Neil;Fischer;22;Male;Press photographer;3.03.2025
1778;Penny;Welch;41;Female;Marketing executive;18.07.2023
1779;Steven;Smith;24;Female;Lawyer;26.12.2023
1780;Alexis;Baker;45;Male;Surveyor, commercial/residential;12.01.2025
1781;Tiffany;George;45;Female;Print production planner;14.10.2023
1782;Michael;Gentry;23;Male;Animator;1.04.2026
1783;Christopher;Hill;69;Female;Catering manager;4.12.2023
1784;Latoya;Simon;28;Female;Engineering geologist;30.12.2025
1785;Stanley;Pace;20;Male;Ergonomist;3.04.2023
1786;Michael;Williams;48;Female;Dance movement psychotherapist;10.11.2024
1787;Kathleen;Harris;30;Female;International aid/development worker;4.01.2025
1788;Tara;Ray;75;Female;Geographical information systems officer;17.03.2023
1789;Michael;Morgan;29;Male;Building surveyor;4.12.2024
1790;Paula;Wilkins;39;Female;Therapist, drama;10.11.2024
1791;Theresa;Irwin;50;Male;Production manager;17.10.2024
1792;Brian;Thomas;31;Female;Art therapist;19.12.2025
1793;James;Mooney;51;Male;Leisure centre manager;25.01.2024
1794;Derek;Nielsen;23;Female;Radiographer, diagnostic;31.05.2025
1795;Daniel;Barton;20;Female;Electronics engineer;5.04.2026
1796;Richard;Perkins;36;Male;Immigration officer;9.05.2025
1797;Elizabeth;Vargas;19;Female;Lawyer;20.10.2025
1798;Peter;Singleton;70;Female;Heritage manager;9.12.2023
1799;Shawn;Bernard;35;Male;Animal nutritionist;28.05.2024
1800;David;Roberson;31;Female;Health service manager;16.10.2024
1801;Kim;West;40;Female;Museum/gallery conservator;27.02.2025
1802;Sarah;Coleman;27;Female;Meteorologist;19.07.2024
1803;Danielle;Anderson;32;Female;Furniture designer;28.01.2024
1804;Thomas;Mcgrath;33;Female;Systems developer;8.01.2025
1805;Jennifer;Snow;69;Male;Sales professional, IT;11.02.2026
1806;William;Cherry;41;Male;Forensic psychologist;29.08.2023
1807;Megan;Wright;51;Female;Environmental education officer;7.09.2024
1808;Charles;Taylor;53;Female;Paramedic;4.03.2026
1809;Donald;Wade;19;Female;Stage manager;22.01.2026
1810;James;Barnes;31;Male;Learning mentor;3.06.2025
1811;Barbara;Smith;20;Male;Tourism officer;19.03.2024
1812;Becky;Edwards;36;Male;Tax adviser;23.10.2024
1813;Christian;Patterson;47;Male;Pilot, airline;17.03.2023
1814;Brian;Austin;67;Female;Engineer, aeronautical;16.12.2023
1815;Scott;Collier;29;Female;Therapist, sports;13.06.2024
1816;Lacey;Cox;44;Male;Scientist, forensic;13.01.2025
1817;Jeremy;Wood;37;Male;Field trials officer;12.11.2024
1818;Paula;Livingston;29;Male;Designer, fashion/clothing;2.02.2026
1819;Paul;Solis;18;Male;Administrator, Civil Service;7.12.2023
1820;Shelby;Johnson;38;Male;Dance movement psychotherapist;9.02.2026
1821;Lisa;Rodriguez;59;Female;Engineer, technical sales;29.10.2025
1822;Megan;Vargas;50;Female;Tax inspector;20.09.2023
1823;Jeffery;Johnson;29;Female;Child psychotherapist;7.09.2023
1824;Michele;Thompson;34;Male;Music therapist;29.05.2024
1825;Michael;Smith;58;Male;Horticultural consultant;14.10.2024
1826;Alexander;Harris;30;Male;Homeopath;30.01.2024
1827;Christopher;Ray;20;Female;Mudlogger;28.01.2026
1828;Jill;Sanders;49;Male;Chartered public finance accountant;13.04.2023
1829;Christine;Vasquez;19;Male;Insurance claims handler;15.03.2023
1830;Virginia;Tran;21;Female;Environmental health practitioner;14.05.2023
1831;David;Thornton;37;Female;Legal executive;28.02.2026
1832;Wendy;Rowland;25;Female;Tree surgeon;20.10.2025
1833;Karen;Camacho;46;Female;Restaurant manager;30.09.2024
1834;Bryan;Cox;61;Male;Mechanical engineer;29.11.2025
1835;Lindsay;Marshall;45;Male;Financial trader;16.03.2026
1836;William;Green;69;Male;Engineer, production;12.04.2026
1837;Wendy;Meza;30;Female;Programmer, applications;26.07.2024
1838;Thomas;Baker;31;Female;Social research officer, government;5.05.2023
1839;Dale;Novak;51;Male;Cytogeneticist;19.07.2023
1840;Miguel;Weaver;49;Female;Medical technical officer;13.05.2024
1841;Chad;Gonzalez;40;Female;Press sub;11.01.2025
1842;Latasha;Anderson;47;Female;IT trainer;1.10.2025
1843;Desiree;Chambers;31;Male;Make;1.04.2024
1844;Amy;White;46;Female;Chartered legal executive (England and Wales);18.09.2025
1845;Ryan;Rice;47;Female;Video editor;3.12.2024
1846;Chad;Contreras;27;Female;Radiation protection practitioner;30.03.2024
1847;Mckenzie;May;40;Female;Customer service manager;6.03.2025
1848;Lauren;Wilson;28;Male;Arboriculturist;8.07.2025
1849;Alexandra;Knight;63;Male;Museum/gallery curator;9.08.2025
1850;Kevin;Lane;41;Male;Diagnostic radiographer;30.07.2023
1851;William;Walker;23;Female;Chief Strategy Officer;1.11.2023
1852;Matthew;Garrett;33;Male;Midwife;21.07.2025
1853;Andrea;Miller;25;Male;Research scientist (life sciences);12.12.2024
1854;Charles;Carroll;57;Female;Wellsite geologist;6.03.2024
1855;Rebecca;Hall;48;Female;Clinical research associate;24.10.2024
1856;Robin;Thompson;43;Male;Engineer, water;19.03.2023
1857;Brian;Ramirez;64;Male;Commercial horticulturist;14.10.2025
1858;Maureen;Mcgrath;46;Female;Bonds trader;12.03.2025
1859;Carol;Owens;48;Female;Systems developer;10.02.2024
1860;Sheryl;Crawford;19;Female;Actuary;1.03.2026
1861;Jasmine;Mueller;36;Female;Special educational needs teacher;6.01.2025
1862;Kathleen;Torres;53;Female;Logistics and distribution manager;31.10.2023
1863;Donald;White;41;Male;Programme researcher, broadcasting/film/video;2.09.2025
1864;Amy;Romero;38;Female;Personnel officer;21.05.2025
1865;Natalie;Mullins;22;Male;Research officer, government;9.03.2025
1866;Joshua;Stewart;59;Female;Programmer, systems;26.10.2025
1867;Margaret;Brewer;65;Female;Geologist, engineering;26.10.2024
1868;Kim;Brown;43;Male;Race relations officer;2.11.2023
1869;Robin;Harrison;44;Female;Psychotherapist, child;8.11.2024
1870;Eric;Martin;62;Male;Therapist, art;13.12.2025
1871;Cassandra;Adams;44;Male;Radiographer, therapeutic;11.09.2025
1872;Tiffany;White;20;Female;Systems developer;26.06.2025
1873;Jill;Mays;20;Female;Materials engineer;3.07.2025
1874;Charles;Guzman;28;Female;Teacher, special educational needs;11.01.2024
1875;Justin;Gonzales;19;Male;Therapist, music;25.03.2024
1876;Lisa;Harris;74;Female;Teacher, special educational needs;13.11.2024
1877;Kathryn;Flores;45;Female;Architectural technologist;28.07.2023
1878;Anne;Clark;50;Male;Insurance claims handler;22.09.2025
1879;Summer;Beasley;48;Female;Higher education lecturer;28.09.2023
1880;Kevin;Conley;27;Female;IT trainer;25.07.2024
1881;Charles;Palmer;38;Female;Contracting civil engineer;11.07.2023
1882;Eric;French;45;Male;Probation officer;21.09.2023
1883;Kylie;Brown;30;Male;Chartered certified accountant;26.09.2023
1884;Kimberly;Johnson;32;Female;Mental health nurse;15.08.2023
1885;Joseph;Jones;41;Female;Barrister;30.01.2024
1886;Brian;Levy;34;Female;Restaurant manager, fast food;29.11.2023
1887;Jared;Cohen;75;Male;Database administrator;2.04.2024
1888;Joel;Haley;21;Female;Event organiser;25.08.2023
1889;Shannon;Peters;60;Female;Arboriculturist;19.02.2024
1890;Emily;Rogers;39;Female;Administrator, arts;21.04.2024
1891;Juan;Whitaker;30;Female;Sound technician, broadcasting/film/video;13.04.2023
1892;Hayley;Reed;32;Female;Advertising copywriter;21.07.2023
1893;Jonathan;Evans;20;Male;Special effects artist;29.06.2024
1894;Carolyn;Davenport;62;Female;Ceramics designer;7.03.2025
1895;Katherine;Simpson;38;Female;Copywriter, advertising;25.09.2024
1896;Bonnie;Woods;64;Male;Engineer, chemical;27.07.2024
1897;William;Thompson;58;Male;Web designer;1.03.2024
1898;Laura;Wells;35;Female;Quality manager;27.04.2023
1899;Patricia;Baldwin;36;Male;Ambulance person;2.10.2024
1900;Julia;Cardenas;23;Male;Contracting civil engineer;19.12.2025
1901;Daniel;Castro;56;Male;Therapist, speech and language;17.10.2025
1902;James;Williams;48;Male;Careers information officer;9.03.2026
1903;Todd;Roach;63;Male;Administrator, Civil Service;26.04.2023
1904;Haley;Hood;45;Female;Clinical psychologist;18.03.2026
1905;Kyle;Wallace;36;Male;Applications developer;2.06.2025
1906;Philip;Smith;73;Female;Geoscientist;21.04.2026
1907;Lori;Lowe;41;Female;Patent examiner;2.06.2023
1908;Darryl;Torres;56;Female;Geographical information systems officer;9.12.2024
1909;Nicholas;Castaneda;18;Female;Ecologist;17.06.2025
1910;Shawn;Perry;29;Male;Media planner;4.03.2024
1911;Adam;Phillips;45;Male;Charity fundraiser;4.05.2023
1912;Jennifer;Jackson;23;Male;Horticultural therapist;4.09.2023
1913;Daniel;Ford;46;Female;Community development worker;17.07.2024
1914;Christopher;Hanson;51;Male;Merchant navy officer;2.03.2024
1915;Rachel;Merritt;26;Male;Designer, exhibition/display;22.01.2025
1916;Michael;Smith;49;Female;Fast food restaurant manager;31.03.2026
1917;Kevin;Young;43;Female;Ranger/warden;7.07.2025
1918;Jennifer;Wang;23;Male;Ship broker;16.06.2025
1919;Julia;Cunningham;22;Male;Statistician;24.03.2024
1920;Christine;Williams;48;Female;Actor;6.01.2026
1921;Julia;Benson;40;Male;Health service manager;27.01.2024
1922;Michael;Schmidt;47;Male;Information systems manager;10.08.2024
1923;Victoria;Casey;37;Male;Civil engineer, contracting;3.02.2023
1924;Samantha;Blair;34;Female;Chief Financial Officer;4.05.2023
1925;Elizabeth;Dickson;66;Male;Lawyer;14.10.2025
1926;Tracy;Johnson;29;Female;Designer, ceramics/pottery;14.08.2023
1927;Stacey;Smith;20;Female;Legal secretary;5.11.2023
1928;Eric;Alvarado;65;Male;Scientist, forensic;22.08.2025
1929;Jennifer;Combs;37;Male;Barrister's clerk;11.12.2023
1930;Amy;Mckenzie;41;Male;Print production planner;16.04.2024
1931;Danielle;Barajas;30;Female;Designer, television/film set;12.10.2024
1932;Clinton;Robertson;71;Female;Clinical biochemist;7.04.2023
1933;Jason;Garcia;38;Male;Designer, multimedia;29.03.2025
1934;Emily;Pena;50;Male;Financial manager;23.02.2024
1935;Anthony;Mueller;66;Female;Records manager;23.06.2023
1936;Tonya;Klein;46;Male;Occupational psychologist;21.11.2025
1937;Madison;Sandoval;44;Female;Records manager;27.07.2024
1938;Ashley;James;32;Female;Health service manager;13.05.2024
1939;Mary;Swanson;68;Male;Community pharmacist;15.04.2024
1940;Gregory;Cochran;44;Female;Claims inspector/assessor;12.08.2023
1941;Nicholas;Preston;75;Male;Recruitment consultant;9.07.2023
1942;Julie;Shelton;41;Female;Scientist, marine;25.03.2024
1943;Stacy;Cline;29;Female;Corporate treasurer;9.07.2025
1944;Daniel;Powell;22;Male;Dancer;12.06.2024
1945;Andrew;Ramsey;19;Female;Journalist, magazine;30.04.2026
1946;Katherine;Stewart;21;Female;Copywriter, advertising;29.12.2024
1947;James;Velez;68;Male;Geneticist, molecular;31.05.2023
1948;Tamara;Pruitt;33;Female;Games developer;30.06.2024
1949;Christopher;Ellis;74;Female;Financial adviser;16.11.2023
1950;Timothy;Ferguson;32;Female;Lobbyist;20.10.2023
1951;Andrea;Butler;41;Female;Solicitor, Scotland;14.12.2023
1952;David;Dawson;38;Female;Surveyor, minerals;13.09.2025
1953;James;Elliott;55;Female;Race relations officer;26.09.2025
1954;Mark;Mejia;52;Female;Arts development officer;1.01.2024
1955;David;Johnson;36;Male;Clinical psychologist;28.01.2024
1956;Jessica;Martinez;24;Female;Airline pilot;2.02.2023
1957;Chris;Phelps;21;Male;Designer, graphic;21.02.2025
1958;Richard;Myers;49;Female;Private music teacher;27.04.2025
1959;Christopher;Mora;35;Male;Psychologist, occupational;15.12.2023
1960;Roger;Poole;63;Male;Surveyor, commercial/residential;23.05.2025
1961;Tyler;Vasquez;30;Male;Health visitor;6.12.2023
1962;Cory;Mason;27;Female;Designer, interior/spatial;13.10.2024
1963;Taylor;Williams;41;Male;Charity fundraiser;9.12.2024
1964;Haley;Osborn;30;Male;Journalist, newspaper;3.11.2024
1965;Donald;Garcia;71;Female;Engineer, manufacturing systems;1.12.2024
1966;Jonathan;Avery;40;Female;Administrator, sports;9.04.2026
1967;Sarah;Chaney;22;Male;Lighting technician, broadcasting/film/video;24.03.2025
1968;Susan;Diaz;32;Female;Agricultural consultant;15.06.2024
1969;Michael;Mendoza;48;Male;Podiatrist;10.03.2024
1970;James;Chavez;19;Male;Programmer, multimedia;10.03.2023
1971;Wendy;Lane;30;Female;Museum education officer;8.02.2024
1972;Christopher;Medina;27;Female;Special educational needs teacher;14.11.2024
1973;Paul;West;25;Male;Academic librarian;8.01.2024
1974;Kayla;Morton;37;Male;Energy engineer;14.07.2024
1975;Frances;Lambert;31;Male;Therapeutic radiographer;2.04.2026
1976;Joshua;Winters;63;Male;Community education officer;12.06.2023
1977;Charlotte;Morgan;22;Female;Designer, textile;11.05.2024
1978;Laura;Davis;28;Male;Speech and language therapist;27.03.2024
1979;Matthew;Roberts;27;Female;Music therapist;24.05.2023
1980;Kerri;Pruitt;41;Male;Probation officer;26.01.2023
1981;Renee;Howard;25;Male;Education officer, community;28.07.2024
1982;Nicholas;Moore;66;Male;Market researcher;22.12.2025
1983;Jorge;Griffith;21;Female;Psychotherapist, child;15.06.2023
1984;Amanda;Murphy;52;Male;Media buyer;19.10.2024
1985;Kathy;Francis;35;Female;Scientist, research (physical sciences);19.03.2023
1986;Jason;Kent;29;Female;Doctor, general practice;1.03.2026
1987;David;Brown;63;Male;Lexicographer;6.08.2023
1988;Bruce;Cook;41;Female;Pharmacologist;13.02.2026
1989;Derek;Martinez;44;Male;International aid/development worker;21.03.2023
1990;Calvin;Carter;37;Male;Counsellor;7.12.2025
1991;Shane;Torres;39;Female;Chief Operating Officer;10.05.2023
1992;Jessica;Austin;60;Male;Doctor, hospital;30.08.2025
1993;Courtney;Brown;22;Female;Media planner;7.09.2024
1994;Edwin;Blackwell;57;Male;Garment/textile technologist;19.04.2023
1995;Kenneth;Green;36;Female;Retail merchandiser;2.12.2024
1996;Daniel;Brooks;43;Female;Scientist, research (medical);27.08.2023
1997;Linda;Miller;53;Male;Clothing/textile technologist;2.02.2025
1998;Derrick;Nguyen;54;Female;Teacher, early years/pre;16.03.2025
1999;Joseph;Moreno;18;Male;Television camera operator;10.03.2024
2000;Christopher;Giles;42;Female;Agricultural engineer;27.01.2023
2001;Andrew;Vaughn;23;Male;Therapist, sports;4.07.2025
2002;Lisa;Stone;18;Female;Curator;31.10.2023
2003;Jerry;Johnson;65;Male;Administrator, arts;20.11.2025
2004;Joshua;Gilbert;35;Female;Research scientist (medical);4.08.2025
2005;David;Kim;19;Female;International aid/development worker;10.09.2025
2006;Jonathan;Gates;69;Male;Social researcher;30.04.2024
2007;Jessica;Williams;73;Female;Buyer, retail;17.08.2023
2008;Alexandria;Foster;41;Male;Fast food restaurant manager;10.08.2024
2009;Jason;Hawkins;34;Male;Quarry manager;27.05.2023
2010;Brian;Brown;29;Male;Adult nurse;20.04.2024
2011;Dustin;Hess;38;Male;Surveyor, mining;15.04.2024
2012;Christopher;Dougherty;71;Male;Aid worker;1.11.2023
2013;Sara;Williams;62;Male;Land/geomatics surveyor;9.11.2025
2014;Barbara;Allen;43;Male;Financial planner;6.06.2025
2015;Marcus;Mcclain;29;Female;Claims inspector/assessor;3.09.2025
2016;Richard;Hunt;55;Male;Industrial buyer;8.04.2026
2017;Brenda;Clark;28;Female;Advertising copywriter;11.01.2025
2018;David;Boone;45;Male;Teacher, English as a foreign language;14.06.2024
2019;Susan;Alvarez;73;Female;Medical secretary;12.12.2023
2020;Sue;Dixon;24;Female;Film/video editor;3.01.2023
2021;Walter;Dawson;72;Female;Occupational hygienist;16.01.2025
2022;Isaac;Burton;59;Female;Scientist, research (maths);14.09.2023
2023;Jorge;Shepherd;18;Female;Exercise physiologist;31.12.2023
2024;Scott;Wilson;72;Male;Structural engineer;31.01.2026
2025;Shane;Stephens;23;Female;Podiatrist;28.12.2024
2026;Kenneth;Martinez;23;Female;Fish farm manager;26.06.2024
2027;Ashley;Duncan;37;Male;Archivist;25.12.2023
2028;Daniel;Schultz;45;Male;Emergency planning/management officer;23.11.2024
2029;Mary;Wise;31;Female;Sports therapist;9.12.2023
2030;Jeffrey;Bradford;31;Male;Social research officer, government;29.07.2023
2031;David;Yang;26;Female;Freight forwarder;11.11.2023
2032;Lisa;Mann;46;Male;Engineer, aeronautical;7.02.2023
2033;Yvonne;Hudson;47;Female;Scientist, research (life sciences);25.03.2023
2034;Vincent;Thompson;50;Female;Dentist;18.03.2024
2035;Ashley;Green;21;Male;Emergency planning/management officer;19.01.2026
2036;Robert;Carr;59;Female;Psychiatrist;18.05.2023
2037;Michelle;Frederick;47;Female;Cytogeneticist;22.03.2023
2038;Melissa;Kim;46;Female;Engineer, automotive;31.10.2023
2039;Alexandra;Barnett;51;Female;Pathologist;13.11.2024
2040;Wendy;Weaver;62;Male;Conservator, museum/gallery;12.01.2024
2041;Anne;Jones;67;Female;Information systems manager;18.03.2023
2042;Jillian;Keller;74;Female;Radio producer;25.07.2025
2043;Danny;Riley;33;Male;Engineer, land;10.08.2023
2044;Maria;Griffin;66;Female;Radiographer, therapeutic;6.12.2025
2045;John;Miller;19;Female;Civil Service administrator;13.02.2026
2046;Joshua;Cox;46;Male;Engineer, manufacturing systems;8.03.2025
2047;Jacob;Nelson;30;Male;Clinical research associate;4.09.2023
2048;Tricia;Jackson;27;Female;Company secretary;18.01.2024
2049;Christopher;Hoffman;55;Male;Glass blower/designer;7.12.2023
2050;Timothy;Williams;34;Female;Tourism officer;11.03.2023
2051;Matthew;Carroll;26;Female;Nurse, mental health;25.07.2023
2052;Matthew;Ryan;27;Male;Estate manager/land agent;8.03.2023
2053;Joshua;Jackson;48;Female;Equities trader;3.12.2025
2054;Amanda;Smith;20;Male;Financial risk analyst;17.04.2023
2055;April;Young;49;Male;Physiological scientist;6.01.2023
2056;Tammy;Finley;74;Male;Engineer, civil (consulting);26.04.2025
2057;Katrina;Wilson;45;Male;Designer, multimedia;23.05.2023
2058;Michaela;Long;31;Female;Journalist, magazine;20.06.2023
2059;Kathy;Kim;47;Male;Museum/gallery exhibitions officer;23.11.2024
2060;Brian;Alvarado;48;Female;Hydrogeologist;12.12.2024
2061;Paige;Spencer;25;Male;Special educational needs teacher;27.08.2023
2062;Steven;Perry;40;Female;Sports therapist;29.01.2025
2063;Shirley;Cook;30;Female;Homeopath;5.05.2025
2064;Leah;Henry;32;Male;Lecturer, higher education;28.10.2025
2065;Katie;Sandoval;70;Male;Designer, exhibition/display;30.08.2024
2066;Tammy;Taylor;19;Male;Aid worker;14.09.2024
2067;Carl;Charles;24;Male;Physiological scientist;19.07.2024
2068;Amanda;Webster;48;Female;Operational investment banker;19.09.2023
2069;Roberta;Benson;35;Female;Writer;17.02.2023
2070;Deborah;Greene;28;Male;Call centre manager;14.04.2026
2071;Emily;Sullivan;18;Female;Industrial buyer;16.12.2023
2072;Jimmy;Campbell;45;Male;Paramedic;19.01.2025
2073;Karen;Hayes;42;Female;Airline pilot;1.03.2024
2074;Christine;Arnold;35;Male;Legal secretary;15.11.2024
2075;Michael;Diaz;68;Female;Maintenance engineer;30.05.2025
2076;Jason;Estrada;47;Female;Designer, furniture;4.10.2024
2077;Tanner;Arnold;49;Male;Public affairs consultant;27.01.2025
2078;Erik;Taylor;23;Female;Commercial/residential surveyor;25.09.2023
2079;Jay;Shaw;42;Male;Occupational hygienist;14.01.2024
2080;Christopher;Whitney;26;Male;Teacher, adult education;16.07.2024
2081;Elizabeth;Wright;41;Female;Air broker;15.03.2026
2082;Juan;Gonzales;75;Female;Warden/ranger;1.05.2023
2083;Courtney;Barnes;29;Male;Designer, multimedia;19.03.2023
2084;William;Smith;22;Male;Pension scheme manager;15.10.2023
2085;Adam;Adams;28;Male;Building services engineer;15.02.2026
2086;Todd;Avila;19;Male;Product/process development scientist;19.02.2024
2087;Michael;Ewing;25;Male;Forensic scientist;14.08.2025
2088;Nathan;Hernandez;57;Female;Radio broadcast assistant;17.10.2025
2089;Christina;Patterson;50;Female;Film/video editor;11.08.2023
2090;Lacey;Turner;40;Male;Dietitian;28.02.2023
2091;Joel;Perkins;42;Male;Research officer, government;13.10.2025
2092;Robin;Olson;70;Female;Haematologist;16.09.2024
2093;Megan;Casey;28;Male;Accountant, chartered;20.02.2024
2094;Joseph;Guerrero;32;Female;Analytical chemist;15.03.2024
2095;Michael;Herring;29;Female;Pension scheme manager;18.05.2024
2096;Brian;Hurley;28;Female;Games developer;21.01.2025
2097;James;Butler;42;Female;Lexicographer;28.07.2023
2098;Brittany;Boyer;45;Female;Office manager;16.06.2024
2099;Michelle;Cameron;48;Female;Special effects artist;26.07.2023
2100;Megan;Garcia;65;Female;Higher education careers adviser;2.05.2024
2101;Alejandro;Willis;29;Female;Product designer;11.12.2024
2102;Rachel;Willis;25;Male;Chartered loss adjuster;10.06.2025
2103;Kayla;Hill;30;Female;Engineer, mining;13.01.2024
2104;Natasha;Sanchez;38;Male;Archivist;21.02.2025
2105;Joshua;Ramirez;23;Female;Museum/gallery exhibitions officer;12.02.2024
2106;Bailey;Gallagher;64;Male;Financial manager;19.09.2025
2107;Heidi;Rosales;33;Male;Theatre director;22.01.2023
2108;Cassandra;Graham;22;Male;Physicist, medical;1.06.2024
2109;Megan;Harper;40;Female;Brewing technologist;5.02.2024
2110;David;Murphy;59;Female;Air cabin crew;24.12.2023
2111;Deborah;Moore;32;Male;Engineer, biomedical;30.11.2023
2112;Kenneth;Phillips;34;Male;Statistician;22.01.2026
2113;Shawn;Hill;28;Female;Designer, blown glass/stained glass;3.06.2024
2114;Ashley;Arnold;29;Male;Designer, interior/spatial;16.06.2024
2115;Angela;Perez;27;Male;Advertising art director;23.08.2024
2116;Erin;Clements;25;Male;Armed forces logistics/support/administrative officer;17.05.2025
2117;Kevin;Mclaughlin;31;Male;Occupational therapist;27.11.2024
2118;Denise;Zuniga;22;Female;TEFL teacher;8.04.2024
2119;Adam;Santiago;74;Female;Barrister;26.08.2025
2120;Miranda;Mitchell;54;Male;Ergonomist;14.12.2024
2121;Allen;Grant;47;Male;Scientist, product/process development;4.06.2025
2122;Devin;Strickland;48;Female;Ophthalmologist;30.05.2025
2123;Nicole;Gonzalez;30;Male;Gaffer;7.11.2025
2124;Kenneth;Fritz;22;Female;Waste management officer;27.05.2025
2125;Jessica;Johnson;25;Female;Designer, jewellery;28.03.2025
2126;William;Baker;36;Male;Programme researcher, broadcasting/film/video;16.10.2025
2127;Andrew;Myers;49;Male;Clinical molecular geneticist;28.07.2024
2128;Jennifer;Young;26;Female;Geologist, engineering;9.10.2024
2129;Rodney;Quinn;21;Female;Building surveyor;8.10.2023
2130;Joshua;Acevedo;27;Female;Ophthalmologist;11.01.2026
2131;James;Graham;54;Female;Youth worker;9.06.2023
2132;Jeanne;Ortiz;42;Male;Customer service manager;15.11.2024
2133;Rachael;Sanchez;42;Male;Research officer, political party;16.06.2023
2134;Kathryn;Williams;31;Male;Metallurgist;8.03.2023
2135;Ruth;Graham;33;Male;Community education officer;30.05.2024
2136;Roger;Fisher;37;Female;Pharmacist, community;5.10.2025
2137;Kelsey;Maxwell;66;Male;Production assistant, radio;2.05.2024
2138;James;Rivera;20;Male;Illustrator;22.03.2026
2139;Gavin;Williams;46;Female;Chief Executive Officer;30.05.2024
2140;Sara;Faulkner;65;Male;Games developer;4.06.2023
2141;Travis;Cooke;41;Male;Engineer, maintenance (IT);22.09.2023
2142;Lauren;Jackson;40;Male;Magazine features editor;25.07.2023
2143;William;Lane;70;Male;Art therapist;22.11.2023
2144;Justin;Gross;47;Male;Engineer, civil (contracting);18.01.2025
2145;Jeffrey;Hancock;20;Female;Legal secretary;18.09.2023
2146;Linda;Proctor;44;Female;Barrister;17.02.2024
2147;Pamela;Mack;44;Male;Museum/gallery conservator;4.04.2026
2148;Rachel;Wright;28;Female;Community arts worker;22.09.2023
2149;Rachael;Mayo;36;Female;Drilling engineer;11.05.2024
2150;Vincent;Lopez;55;Female;Psychologist, sport and exercise;18.06.2025
2151;Lynn;Ross;48;Male;Clinical biochemist;5.05.2024
2152;Lori;Bishop;33;Female;Engineer, mining;28.08.2025
2153;Kelly;Cruz;29;Female;Therapist, art;6.11.2024
2154;Susan;Williams;22;Female;Corporate treasurer;16.01.2026
2155;Elizabeth;Little;24;Male;Psychologist, prison and probation services;8.11.2025
2156;Yolanda;Lane;68;Female;Engineer, manufacturing;8.06.2023
2157;Tiffany;Tyler;42;Male;Social worker;22.04.2026
2158;Dana;Fernandez;31;Female;Print production planner;19.05.2023
2159;Kendra;Cherry;58;Male;Journalist, newspaper;6.12.2024
2160;Paul;Holmes;36;Female;Intelligence analyst;21.04.2025
2161;Betty;Swanson;35;Male;Publishing rights manager;2.03.2025
2162;Marissa;Nichols;75;Female;Conservation officer, historic buildings;24.11.2025
2163;Jennifer;Martinez;19;Female;Applications developer;1.06.2023
2164;Michael;Park;28;Female;Camera operator;28.04.2023
2165;Anthony;Hill;74;Male;Audiological scientist;20.01.2025
2166;Lauren;Oconnor;33;Male;IT technical support officer;4.05.2025
2167;Sherri;Gregory;31;Female;Nurse, adult;11.08.2024
2168;Rebecca;King;47;Female;Technical brewer;4.11.2024
2169;Steven;Murphy;25;Female;Research scientist (maths);3.03.2023
2170;Tiffany;Roberts;65;Male;Sub;9.03.2025
2171;Ryan;Love;25;Female;Radio producer;24.12.2024
2172;Janet;Chambers;69;Female;Logistics and distribution manager;18.05.2025
2173;Ellen;Carr;36;Female;Museum/gallery conservator;11.08.2024
2174;Carl;Hobbs;74;Male;Computer games developer;13.04.2024
2175;Jennifer;Delgado;32;Female;Broadcast engineer;8.10.2023
2176;Brooke;Miranda;25;Female;English as a second language teacher;31.01.2026
2177;Peter;Sharp;72;Male;Occupational hygienist;19.10.2025
2178;Tyler;Smith;50;Male;Forest/woodland manager;9.05.2024
2179;Cheryl;Li;19;Female;Designer, television/film set;27.04.2026
2180;Nancy;Sanders;23;Female;Radiation protection practitioner;18.08.2023
2181;Julia;Patrick;32;Female;Buyer, industrial;27.08.2023
2182;Ashley;Russell;56;Female;Police officer;18.03.2023
2183;Dawn;White;38;Male;Tax inspector;17.02.2024
2184;Katherine;Lambert;56;Male;Furniture designer;4.11.2024
2185;Amy;Garza;44;Male;Accountant, chartered management;21.05.2023
2186;Brandi;Mejia;18;Female;Engineer, drilling;5.03.2025
2187;Peter;Bradshaw;39;Male;Mining engineer;15.07.2023
2188;Monica;Johnson;67;Female;Energy engineer;27.01.2025
2189;Denise;Myers;41;Male;Engineer, automotive;19.08.2023
2190;Nathaniel;Duarte;66;Male;Patent attorney;6.08.2023
2191;Tommy;Sutton;51;Male;Scientist, audiological;17.12.2024
2192;Ross;Sutton;32;Male;Garment/textile technologist;8.12.2024
2193;Lindsay;Dennis;25;Female;Adult nurse;3.03.2023
2194;Emma;Nelson;23;Male;Agricultural engineer;20.12.2025
2195;Michael;Winters;52;Female;Musician;13.09.2023
2196;Richard;Harris;67;Female;Surveyor, commercial/residential;19.02.2024
2197;Kimberly;Hunter;38;Male;Psychologist, forensic;13.08.2025
2198;Earl;Gilbert;41;Female;Engineer, aeronautical;26.07.2023
2199;William;Simpson;54;Female;Editor, film/video;8.01.2024
2200;Shawn;White;18;Female;Biomedical engineer;23.04.2023
2201;Ronald;Dixon;25;Female;English as a second language teacher;24.09.2025
2202;Lori;Davis;24;Male;Special effects artist;7.10.2023
2203;Karen;Frazier;31;Male;International aid/development worker;11.02.2026
2204;Robert;Armstrong;64;Male;Historic buildings inspector/conservation officer;10.10.2023
2205;Ashley;Young;68;Male;Magazine features editor;24.09.2023
2206;Joshua;Morgan;69;Male;Senior tax professional/tax inspector;21.08.2025
2207;Sherri;Pope;30;Male;Call centre manager;11.09.2024
2208;Erin;Dean;41;Male;Geneticist, molecular;8.04.2025
2209;Christopher;Gonzalez;35;Female;Claims inspector/assessor;3.07.2025
2210;Kristine;Page;29;Male;Advertising copywriter;26.12.2025
2211;Eric;James;59;Female;Comptroller;28.10.2025
2212;Jesus;Hernandez;27;Female;Engineer, agricultural;7.04.2025
2213;Anthony;Andrews;44;Male;Clinical embryologist;2.12.2023
2214;Gabrielle;Estes;33;Female;Web designer;19.09.2025
2215;Leslie;Swanson;22;Female;Designer, exhibition/display;19.02.2023
2216;Barbara;Price;23;Female;Commissioning editor;11.09.2025
2217;Jerome;Johnson;54;Female;Horticulturist, amenity;16.04.2026
2218;Henry;Mitchell;63;Female;Presenter, broadcasting;1.01.2023
2219;Paula;Smith;55;Male;Physicist, medical;26.03.2026
2220;Anthony;Robinson;25;Male;Gaffer;13.10.2023
2221;Sydney;Austin;23;Female;Environmental manager;30.06.2025
2222;Thomas;Ibarra;70;Male;Academic librarian;7.03.2024
2223;Mark;Griffin;44;Male;Education officer, museum;30.07.2025
2224;Jimmy;Brown;50;Female;Comptroller;15.01.2026
2225;David;Brown;58;Male;Commercial art gallery manager;9.09.2025
2226;Timothy;Simon;18;Female;Clinical psychologist;27.03.2026
2227;Joseph;Henderson;44;Male;Therapist, art;30.06.2025
2228;Todd;Roberts;53;Male;Psychologist, sport and exercise;16.01.2023
2229;Melissa;Martinez;22;Male;Designer, textile;29.03.2023
2230;John;Bond;33;Female;Holiday representative;4.02.2026
2231;Elizabeth;White;60;Male;Production manager;26.12.2025
2232;Michael;English;25;Female;Press sub;11.12.2024
2233;John;Stone;23;Female;Recycling officer;25.09.2024
2234;Samuel;Quinn;55;Male;Insurance account manager;6.04.2025
2235;Eric;Fry;37;Female;Therapeutic radiographer;29.01.2025
2236;David;Vincent;19;Male;Forest/woodland manager;18.01.2025
2237;Dave;Johnson;71;Female;Engineer, technical sales;22.04.2023
2238;Sarah;Dunn;46;Male;Engineer, electrical;9.03.2024
2239;Kristen;Reyes;43;Female;Translator;20.02.2025
2240;William;Arnold;29;Male;Surgeon;10.02.2023
2241;Lori;Fisher;25;Female;Clinical psychologist;11.10.2025
2242;Ryan;Castillo;43;Female;Speech and language therapist;23.10.2025
2243;Thomas;Watkins;74;Female;Librarian, academic;19.03.2023
2244;Carol;Smith;73;Male;Forensic psychologist;30.06.2024
2245;Aaron;Ward;60;Male;Public relations account executive;5.04.2023
2246;Samantha;Carr;42;Female;Market researcher;13.08.2024
2247;Diana;Palmer;64;Male;Accommodation manager;17.07.2023
2248;Brian;Clark;73;Female;Contracting civil engineer;13.04.2025
2249;Cynthia;Berg;28;Male;Site engineer;9.07.2023
2250;Nicole;Wise;24;Male;Museum/gallery curator;9.03.2023
2251;Barbara;Fernandez;45;Male;Commercial horticulturist;30.06.2023
2252;Roger;Gregory;31;Female;Administrator, sports;21.04.2024
2253;Vincent;Smith;54;Female;Teacher, early years/pre;4.04.2025
2254;Eric;Parsons;74;Male;Chartered certified accountant;22.04.2024
2255;April;Zuniga;38;Female;Therapist, horticultural;15.08.2023
2256;Sandra;Todd;42;Male;Therapist, nutritional;1.01.2023
2257;Dana;Andrews;32;Male;Landscape architect;2.02.2026
2258;Jacob;Webb;20;Female;Engineer, building services;3.02.2024
2259;Sergio;Bailey;64;Male;Printmaker;10.04.2023
2260;Mariah;Blair;22;Female;Pathologist;13.01.2024
2261;Regina;Morton;67;Female;Archivist;2.01.2026
2262;Timothy;Williams;35;Male;Research scientist (physical sciences);4.04.2026
2263;Courtney;Harper;52;Female;Librarian, public;16.01.2024
2264;Brittney;Berry;70;Male;Music tutor;15.12.2024
2265;Marcus;Hartman;58;Female;Charity fundraiser;16.10.2023
2266;Christina;Spencer;49;Male;Actor;26.01.2025
2267;Sandra;Perez;44;Female;Stage manager;10.05.2023
2268;John;Randolph;36;Female;Paediatric nurse;10.02.2026
2269;Angie;Ramirez;41;Male;Engineer, materials;23.07.2025
2270;Kenneth;Moreno;20;Female;Insurance broker;3.08.2025
2271;Nicholas;Knox;20;Male;Retail manager;9.06.2024
2272;Rachel;Yu;26;Female;Scientist, research (maths);28.04.2023
2273;Betty;Luna;64;Female;Chief Executive Officer;8.09.2025
2274;Jennifer;Allen;23;Female;Television camera operator;10.11.2025
2275;Charles;Roberts;27;Female;Chartered certified accountant;12.11.2023
2276;Danielle;Greer;33;Male;Orthoptist;4.03.2026
2277;Deanna;Rogers;72;Female;Plant breeder/geneticist;4.03.2025
2278;Cheryl;Turner;71;Male;Metallurgist;19.02.2023
2279;Daniel;Miller;35;Female;Manufacturing engineer;9.09.2024
2280;Justin;Keller;39;Female;Financial manager;21.06.2025
2281;James;Tate;42;Male;Copywriter, advertising;5.01.2026
2282;Deborah;Norman;51;Female;Psychologist, sport and exercise;27.05.2023
2283;Barbara;Cruz;43;Male;IT consultant;28.10.2025
2284;Douglas;Johnson;21;Male;Public house manager;8.12.2023
2285;John;Mccarthy;69;Female;Chief Technology Officer;7.04.2026
2286;Nancy;Beck;31;Female;Trading standards officer;19.06.2023
2287;Marcus;Wolf;36;Male;Ecologist;27.03.2023
2288;Steven;Johnson;20;Female;Bookseller;3.05.2024
2289;Helen;Bryan;39;Female;Film/video editor;24.01.2026
2290;Judy;Smith;24;Male;Tax inspector;31.08.2024
2291;Anne;Howard;34;Female;Chartered loss adjuster;10.07.2023
2292;Angela;Dorsey;73;Female;Administrator, sports;4.04.2024
2293;Cameron;Webb;27;Male;Runner, broadcasting/film/video;12.07.2025
2294;Sarah;Roberts;69;Female;Airline pilot;9.08.2024
2295;Andrea;King;44;Male;Lighting technician, broadcasting/film/video;18.06.2025
2296;Travis;Hunter;23;Female;Camera operator;29.10.2024
2297;Diana;Nielsen;32;Female;Programmer, multimedia;28.12.2024
2298;Christopher;Watson;33;Female;Control and instrumentation engineer;24.10.2024
2299;Latoya;Sawyer;44;Female;Administrator, education;4.07.2025
2300;Alexis;Gonzales;40;Male;Quarry manager;14.04.2025
2301;Isaac;Garza;35;Female;Research scientist (life sciences);13.12.2024
2302;Bryan;Newman;38;Male;Office manager;9.01.2025
2303;Phillip;Kelly;39;Female;Financial risk analyst;28.11.2023
2304;Charles;Torres;49;Female;Operational investment banker;24.11.2025
2305;Nicole;Greene;24;Female;Commissioning editor;20.08.2023
2306;Christine;Walter;73;Male;Licensed conveyancer;27.02.2023
2307;Charles;Sanchez;59;Female;Sports development officer;4.10.2023
2308;Tiffany;Ramsey;22;Male;Journalist, broadcasting;29.01.2025
2309;Karen;Juarez;27;Female;Engineer, communications;28.10.2023
2310;Beth;Hill;20;Male;Teacher, music;20.02.2026
2311;Jamie;Nelson;33;Male;Research scientist (maths);20.10.2024
2312;Steven;Gilbert;19;Male;Holiday representative;1.04.2023
2313;David;Williams;28;Male;Commissioning editor;3.03.2023
2314;Douglas;Rivers;24;Male;Secondary school teacher;20.10.2024
2315;Matthew;Ross;31;Female;Training and development officer;23.11.2025
2316;Kevin;Alexander;42;Female;Scientific laboratory technician;9.09.2025
2317;Joseph;Rodriguez;35;Male;Secretary, company;25.06.2023
2318;Betty;Marshall;66;Female;Archivist;29.03.2025
2319;Joshua;Smith;34;Female;Retail manager;13.02.2024
2320;Tonya;Craig;32;Female;Records manager;17.06.2025
2321;Michael;Smith;48;Male;Licensed conveyancer;18.05.2024
2322;Erika;Gray;58;Female;Horticulturist, commercial;18.08.2024
2323;Christopher;Thompson;56;Male;Barista;16.04.2025
2324;Amber;Allen;39;Female;Designer, jewellery;2.04.2024
2325;Nicholas;Martinez;20;Male;Insurance account manager;12.02.2024
2326;Brooke;Hernandez;54;Female;Furniture conservator/restorer;15.11.2023
2327;Jason;Rodriguez;27;Female;Corporate investment banker;13.05.2023
2328;Kayla;Lopez;44;Female;Lighting technician, broadcasting/film/video;5.02.2025
2329;Anna;Rogers;32;Female;Historic buildings inspector/conservation officer;13.04.2024
2330;Rebecca;Butler;43;Female;Engineer, maintenance;24.01.2024
2331;Stephen;Mitchell;47;Male;Probation officer;6.11.2024
2332;Michele;Stafford;39;Male;Printmaker;3.05.2024
2333;Michael;Hill;37;Female;Psychotherapist;22.03.2026
2334;Andrew;Lewis;37;Female;Administrator, arts;17.11.2025
2335;Lisa;Schwartz;19;Male;Legal executive;13.03.2026
2336;Douglas;Green;41;Male;Operations geologist;10.11.2024
2337;Tony;Shannon;48;Female;Hospital doctor;5.12.2025
2338;Fred;Waters;25;Female;Merchandiser, retail;15.11.2024
2339;Bianca;Mcdonald;69;Female;Psychologist, counselling;22.07.2025
2340;Brenda;Moore;46;Male;Restaurant manager;27.06.2025
2341;Angela;Gomez;58;Female;Medical secretary;11.08.2024
2342;Kristin;Freeman;20;Male;Accountant, chartered certified;24.04.2026
2343;Stephanie;Harris;57;Male;Civil engineer, consulting;21.09.2023
2344;Robert;Kim;72;Male;Lobbyist;20.05.2025
2345;Christopher;Andersen;58;Male;Surveyor, mining;27.09.2025
2346;Jesse;Hensley;45;Male;Research scientist (physical sciences);30.08.2023
2347;Thomas;Cherry;43;Male;Copywriter, advertising;10.02.2023
2348;Molly;Brown;34;Female;Careers information officer;14.08.2025
2349;Timothy;Brady;22;Male;Web designer;19.01.2024
2350;Briana;Holloway;43;Male;Editor, film/video;28.02.2025
2351;Bailey;Alvarado;34;Male;Librarian, public;28.04.2025
2352;Colleen;Mitchell;64;Male;Cartographer;19.04.2024
2353;Brenda;Campbell;36;Male;Textile designer;13.05.2023
2354;Calvin;Gallegos;24;Male;Exhibitions officer, museum/gallery;14.03.2023
2355;Adam;Anderson;68;Male;Programmer, systems;23.03.2023
2356;Jonathan;Smith;75;Male;Furniture conservator/restorer;30.10.2025
2357;Mary;Roy;23;Male;Buyer, retail;2.04.2025
2358;Alexandria;Bailey;64;Female;Diplomatic Services operational officer;30.10.2024
2359;Jerry;Murphy;30;Male;Conservator, museum/gallery;15.06.2025
2360;Steven;Wood;53;Female;Engineer, control and instrumentation;29.10.2023
2361;Jeremy;Perez;38;Female;Hospital pharmacist;20.10.2025
2362;Noah;Garcia;48;Female;Engineer, drilling;11.07.2023
2363;Teresa;Peters;60;Female;Arts administrator;1.07.2024
2364;Seth;Martin;37;Female;Physiological scientist;2.12.2023
2365;Miguel;Carrillo;39;Female;Aeronautical engineer;27.08.2024
2366;Darryl;Gonzalez;30;Female;Software engineer;28.11.2024
2367;Donald;Garcia;47;Male;Photographer;29.10.2024
2368;Natasha;Allison;42;Female;Drilling engineer;8.07.2025
2369;Jonathan;Kane;67;Female;Customer service manager;17.04.2023
2370;Benjamin;Smith;58;Female;Holiday representative;4.03.2023
2371;Carol;Mann;43;Male;Art gallery manager;16.03.2025
2372;Dawn;Clayton;37;Male;Tourism officer;5.03.2026
2373;Hannah;Shields;49;Male;Rural practice surveyor;27.12.2024
2374;Jeremy;Mckenzie;42;Male;Designer, graphic;29.12.2024
2375;Jose;Murphy;60;Male;Television camera operator;17.01.2026
2376;Michael;Smith;45;Female;Scientist, clinical (histocompatibility and immunogenetics);3.11.2024
2377;Andrew;Davis;43;Male;Paramedic;16.07.2023
2378;Luke;Kramer;23;Male;Animator;23.04.2023
2379;Tiffany;Miller;48;Female;Commercial horticulturist;2.03.2023
2380;Jesus;King;44;Female;Quantity surveyor;25.02.2024
2381;Rachel;Taylor;23;Male;Arts development officer;21.11.2023
2382;Pamela;Webb;21;Male;Retail banker;24.09.2024
2383;Zachary;Brown;37;Male;Educational psychologist;20.02.2026
2384;Theresa;Abbott;39;Male;Pension scheme manager;18.12.2025
2385;Jared;Wagner;31;Female;Podiatrist;13.01.2026
2386;Todd;Hale;63;Female;Dealer;9.12.2023
2387;Benjamin;Carr;22;Female;Merchant navy officer;24.06.2023
2388;Dominique;Campbell;32;Male;Bookseller;1.06.2023
2389;Matthew;Velez;75;Male;Special educational needs teacher;20.02.2024
2390;Steven;Chavez;27;Female;Retail merchandiser;23.03.2025
2391;Christopher;Miller;37;Female;Data processing manager;4.08.2025
2392;Gregory;Allison;26;Female;Musician;19.09.2025
2393;Cassandra;Barrera;51;Male;Engineer, land;26.11.2025
2394;Ryan;Sanders;73;Male;Engineer, control and instrumentation;25.07.2023
2395;Michael;Gilbert;19;Female;Scientist, research (physical sciences);20.01.2026
2396;Derek;Harris;50;Male;Contractor;13.02.2023
2397;Kimberly;Miller;39;Male;Printmaker;28.07.2025
2398;William;Lambert;42;Male;Forest/woodland manager;27.01.2023
2399;Kimberly;Smith;39;Female;Clinical cytogeneticist;15.06.2025
2400;Bradley;Hall;27;Female;Engineer, manufacturing systems;31.01.2023
2401;William;Kelly;63;Male;Research officer, political party;24.10.2025
2402;Morgan;Dougherty;49;Female;Restaurant manager;26.08.2025
2403;Erica;Rice;52;Male;Education administrator;19.12.2024
2404;James;Brown;42;Male;Garment/textile technologist;12.03.2026
2405;Jonathan;Carter;19;Male;Education officer, environmental;26.03.2024
2406;Elizabeth;Sanchez;26;Male;Tour manager;24.12.2024
2407;Michael;Bonilla;38;Female;Programmer, applications;5.11.2023
2408;Gavin;Carter;26;Male;Management consultant;2.08.2024
2409;Megan;Collins;21;Female;Cartographer;24.12.2024
2410;Amanda;Spencer;69;Female;Nurse, adult;2.02.2023
2411;Ashley;Fuentes;28;Female;Probation officer;24.11.2024
2412;Tanya;Owen;23;Female;Merchant navy officer;2.08.2025
2413;Danielle;Lucas;49;Female;Fish farm manager;10.01.2026
2414;Linda;Ray;30;Male;Engineer, drilling;10.11.2025
2415;Heather;Aguilar;21;Female;Sports therapist;8.05.2025
2416;Michael;Williamson;59;Female;Psychologist, clinical;16.08.2023
2417;Wesley;Hall;18;Female;Designer, textile;10.11.2024
2418;Summer;Garcia;75;Female;Physiotherapist;3.08.2024
2419;Jesse;Decker;58;Female;Ranger/warden;11.01.2025
2420;Andre;Haley;74;Female;Database administrator;2.03.2026
2421;Ronald;Robinson;71;Female;Economist;18.08.2025
2422;Susan;Conway;31;Male;Surveyor, building;14.11.2024
2423;Amy;Solis;31;Female;Airline pilot;20.06.2025
2424;Rebecca;Werner;57;Female;Herpetologist;20.06.2025
2425;Joseph;Adkins;48;Female;Television camera operator;23.02.2023
2426;William;Sandoval;71;Female;Community development worker;17.03.2024
2427;Michael;Campbell;43;Male;Counsellor;4.12.2025
2428;Susan;Rodriguez;38;Female;Dramatherapist;18.07.2024
2429;Nicholas;Pham;27;Male;Psychotherapist, child;18.10.2023
2430;Carl;Sparks;61;Female;Air broker;31.07.2023
2431;Juan;Brown;25;Female;Trade union research officer;1.08.2024
2432;Christopher;Hernandez;46;Female;Illustrator;31.07.2023
2433;Mark;Rivers;18;Male;Clinical embryologist;4.08.2024
2434;Brittany;Michael;42;Female;Chief Technology Officer;23.06.2024
2435;Shannon;Crawford;34;Female;Sports coach;13.01.2023
2436;Denise;Martinez;71;Female;Chief Technology Officer;6.05.2024
2437;Mary;Martinez;41;Male;Ambulance person;8.12.2025
2438;Chad;Mills;24;Male;Fisheries officer;16.11.2024
2439;Judy;Wright;59;Female;Horticulturist, commercial;6.02.2024
2440;Carmen;Mills;69;Male;Medical secretary;30.08.2023
2441;Ashley;Morales;49;Male;Insurance claims handler;8.02.2026
2442;Nicole;Davis;50;Male;Engineer, biomedical;21.06.2024
2443;Mark;Allen;70;Male;Oncologist;19.10.2023
2444;Leah;Jones;73;Male;Engineer, control and instrumentation;28.08.2023
2445;Zachary;Watkins;57;Female;Civil Service administrator;21.05.2023
2446;Lori;Perez;35;Male;Careers adviser;8.03.2026
2447;Sharon;Rivera;34;Male;Production engineer;16.09.2024
2448;David;Wolfe;28;Female;Investment banker, corporate;7.08.2023
2449;Brian;Fowler;49;Female;Editor, film/video;27.07.2024
2450;Elizabeth;Patterson;26;Male;Toxicologist;5.12.2023
2451;Ariel;Grant;58;Female;Field seismologist;13.04.2024
2452;Damon;Cook;44;Male;Building services engineer;13.01.2024
2453;Tyler;Collins;66;Male;Operations geologist;8.01.2025
2454;Kristy;Kent;20;Male;Dancer;25.12.2023
2455;Robert;Bates;27;Male;Speech and language therapist;7.02.2024
2456;Danielle;Manning;69;Female;Exercise physiologist;17.12.2023
2457;Jose;Johnson;70;Male;Publishing copy;16.09.2024
2458;Christina;Hampton;43;Male;Lexicographer;22.01.2023
2459;Justin;Preston;45;Female;Exercise physiologist;24.09.2023
2460;Jeffrey;Ramsey;62;Male;Chief Financial Officer;27.08.2025
2461;Bethany;Pierce;34;Female;Tax adviser;9.03.2026
2462;Stephen;Cooper;34;Male;Hydrographic surveyor;17.04.2026
2463;Ashley;Medina;60;Male;Oceanographer;3.12.2025
2464;Robert;Nolan;46;Female;Midwife;3.10.2025
2465;Jasmine;Beck;29;Female;English as a second language teacher;8.11.2024
2466;Misty;Rosales;47;Female;Insurance broker;11.03.2024
2467;Robert;Terry;20;Female;Corporate treasurer;4.01.2023
2468;Dominique;Rice;24;Male;Community education officer;12.09.2023
2469;Benjamin;Gutierrez;39;Female;Microbiologist;29.11.2023
2470;Patricia;Johnson;50;Female;Learning disability nurse;3.04.2023
2471;Richard;Harris;48;Female;Research officer, government;8.08.2024
2472;Jennifer;Adams;33;Female;Rural practice surveyor;4.03.2023
2473;Lisa;Bailey;30;Female;Ceramics designer;30.10.2023
2474;Brandon;Gonzales;64;Male;Chartered management accountant;1.05.2024
2475;Todd;Sawyer;43;Male;Analytical chemist;2.12.2024
2476;Tiffany;Washington;29;Male;Energy manager;4.07.2024
2477;Sally;King;35;Female;Engineering geologist;7.09.2024
2478;Debra;Munoz;29;Female;Scientist, physiological;26.10.2024
2479;Bryan;Ortiz;47;Female;Glass blower/designer;6.01.2023
2480;Steve;Martin;44;Female;Ceramics designer;6.06.2025
2481;Laura;Jones;24;Male;Clinical molecular geneticist;4.11.2024
2482;Lisa;Taylor;54;Male;Chiropodist;1.10.2025
2483;Erin;Fisher;36;Male;Producer, television/film/video;7.05.2023
2484;Thomas;Brown;69;Female;Gaffer;24.05.2024
2485;Amy;Morrison;63;Male;Dentist;21.10.2023
2486;Nancy;Rhodes;58;Female;Town planner;15.11.2023
2487;Cindy;White;33;Male;Fish farm manager;25.01.2025
2488;Joseph;Lane;34;Female;Engineer, production;30.04.2023
2489;Michael;Diaz;66;Female;TEFL teacher;26.05.2025
2490;Dawn;Guerrero;39;Male;Multimedia specialist;25.05.2023
2491;Matthew;French;67;Male;Restaurant manager;28.11.2025
2492;Julie;Neal;34;Female;Insurance claims handler;4.10.2025
2493;Jeremy;Davis;35;Female;Recruitment consultant;4.02.2024
2494;Justin;Harper;25;Female;Aid worker;4.10.2023
2495;William;Stephens;26;Male;Barista;18.01.2025
2496;Jill;Hunt;56;Female;Administrator, Civil Service;24.11.2025
2497;Lindsey;Freeman;22;Male;Licensed conveyancer;10.11.2024
2498;Emily;Morrison;35;Female;Research officer, political party;27.08.2025
2499;James;Pitts;35;Female;Sports development officer;9.03.2023
2500;Victoria;Kim;28;Female;Merchant navy officer;21.11.2025
2501;Christopher;Hanson;53;Female;Hydrographic surveyor;15.10.2023
2502;Johnny;Diaz;20;Male;Colour technologist;19.01.2025
2503;Tracy;Anderson;73;Female;Industrial/product designer;4.02.2025
2504;Julie;Ramirez;25;Male;Investment analyst;16.08.2024
2505;Carl;Mccoy;60;Male;Horticulturist, commercial;28.03.2026
2506;Jennifer;Martin;34;Male;Herbalist;10.04.2025
2507;Patricia;Grant;28;Male;Furniture conservator/restorer;23.07.2025
2508;Stephanie;Berry;24;Female;Horticultural consultant;29.01.2026
2509;Bryan;Schneider;19;Male;Counsellor;18.05.2024
2510;Laura;Solomon;47;Male;Best boy;5.01.2026
2511;David;Wright;37;Female;Automotive engineer;1.01.2025
2512;Jason;Bush;51;Male;Pensions consultant;1.06.2023
2513;Elizabeth;Higgins;24;Female;Occupational therapist;27.11.2024
2514;Randall;Murphy;64;Male;Sales executive;14.02.2026
2515;Kayla;Burton;25;Female;Producer, radio;20.03.2026
2516;Gina;Gonzalez;52;Male;Engineer, land;17.09.2025
2517;Randall;Schmidt;64;Male;Therapist, art;21.07.2025
2518;Ryan;Graham;63;Male;Water quality scientist;9.05.2025
2519;Todd;Herman;43;Male;Engineer, civil (consulting);14.06.2024
2520;Devon;Cooper;72;Female;Publishing copy;28.12.2023
2521;Troy;Lewis;27;Female;Microbiologist;2.01.2023
2522;Rebecca;Murphy;54;Male;Chief Marketing Officer;15.01.2023
2523;Isaac;Baker;44;Male;Horticulturist, amenity;9.11.2024
2524;Amy;Ramirez;36;Male;Administrator, Civil Service;9.12.2024
2525;Theresa;Sanchez;75;Female;Sports coach;31.10.2025
2526;Brooke;Reed;43;Female;Network engineer;24.04.2023
2527;Traci;Davenport;43;Male;Designer, television/film set;16.08.2023
2528;Christopher;Kaufman;40;Female;Hospital doctor;26.07.2023
2529;Susan;Cohen;27;Male;Television/film/video producer;3.10.2025
2530;Timothy;Schmidt;34;Female;Oceanographer;17.08.2023
2531;Olivia;Kline;49;Female;Ecologist;20.02.2025
2532;Susan;Miller;70;Female;Visual merchandiser;13.02.2026
2533;Julie;Smith;36;Female;Consulting civil engineer;15.07.2025
2534;Michael;Diaz;46;Male;Scientist, water quality;7.02.2024
2535;Ryan;Sampson;49;Female;Editorial assistant;1.07.2024
2536;Chelsea;Dean;33;Female;Hydrologist;17.10.2023
2537;Christina;Johnson;27;Female;Fine artist;27.10.2024
2538;Daniel;Powers;26;Female;Logistics and distribution manager;8.07.2025
2539;Andrea;Gray;24;Female;Health promotion specialist;26.07.2025
2540;Gail;Cook;33;Female;Media buyer;26.09.2025
2541;Christopher;Jackson;74;Male;Chartered legal executive (England and Wales);10.03.2025
2542;Sandra;Montgomery;39;Male;Software engineer;9.05.2025
2543;Troy;Hancock;49;Female;Buyer, retail;13.10.2023
2544;Lauren;Dudley;20;Male;Customer service manager;21.02.2024
2545;Lauren;Johnston;61;Female;Teacher, special educational needs;27.08.2025
2546;Sylvia;Jones;37;Female;Medical sales representative;25.07.2025
2547;James;Phillips;30;Male;Data scientist;1.03.2023
2548;Evan;Jennings;31;Female;Chemical engineer;11.02.2026
2549;Brian;Thompson;32;Male;Therapeutic radiographer;23.12.2025
2550;Megan;Collins;45;Female;Surveyor, rural practice;29.06.2023
2551;Kaitlyn;Lopez;45;Female;Amenity horticulturist;11.11.2025
2552;Veronica;Lee;33;Female;Film/video editor;31.07.2023
2553;Christina;Bowen;26;Male;Further education lecturer;29.05.2025
2554;Joanne;Flores;40;Female;Professor Emeritus;3.11.2024
2555;Charles;Andrews;39;Male;English as a foreign language teacher;3.08.2023
2556;Juan;Gibson;18;Female;Dentist;4.12.2024
2557;Dennis;Hernandez;28;Male;Jewellery designer;7.12.2025
2558;Tracy;Black;26;Female;Archivist;8.02.2024
2559;Katie;Moore;45;Female;Bookseller;26.09.2025
2560;Michael;Wells;38;Male;Glass blower/designer;30.01.2023
2561;Michael;Thompson;18;Female;Industrial buyer;3.06.2023
2562;James;Lozano;45;Female;Surveyor, building;31.05.2024
2563;Emma;Rose;69;Male;Building control surveyor;5.05.2025
2564;Pamela;Stephens;23;Male;Personnel officer;24.01.2026
2565;Joseph;Gallagher;47;Female;Adult nurse;10.07.2024
2566;Linda;Villarreal;29;Male;Chartered certified accountant;11.03.2024
2567;Steven;Lee;66;Female;Pension scheme manager;19.11.2023
2568;Debra;Gordon;46;Female;Network engineer;14.02.2025
2569;John;Lee;31;Female;Psychologist, counselling;21.01.2026
2570;Linda;Smith;45;Male;Designer, blown glass/stained glass;10.10.2024
2571;Aaron;Pope;23;Male;Horticulturist, amenity;17.08.2024
2572;Anna;Knight;20;Female;Surveyor, rural practice;30.04.2024
2573;Jack;Taylor;43;Female;Electronics engineer;24.10.2025
2574;James;Klein;34;Male;Immigration officer;14.07.2024
2575;Jeremy;Carter;42;Female;Estate manager/land agent;1.10.2025
2576;James;Phillips;20;Male;Nurse, learning disability;27.11.2024
2577;Lisa;Solomon;35;Male;Immunologist;13.03.2026
2578;Patrick;Brown;38;Male;Tour manager;7.01.2023
2579;Adam;West;27;Female;Manufacturing systems engineer;18.06.2025
2580;Patrick;Guerrero;48;Male;Government social research officer;24.01.2025
2581;Tamara;Golden;58;Female;IT technical support officer;12.07.2025
2582;Brenda;Roberson;35;Female;Barrister;20.06.2025
2583;Jessica;Castillo;29;Female;Trading standards officer;1.11.2023
2584;Kim;Rodgers;56;Female;Theatre manager;5.04.2025
2585;Michael;Lopez;55;Female;Press photographer;19.07.2024
2586;Philip;Pearson;71;Male;Tourist information centre manager;9.07.2024
2587;Scott;Cummings;24;Female;Civil Service fast streamer;9.09.2025
2588;Ashley;Johnson;18;Female;Communications engineer;6.04.2025
2589;Jennifer;Parsons;74;Female;Scientist, research (physical sciences);8.08.2023
2590;Louis;Hatfield;23;Male;Recruitment consultant;16.02.2025
2591;Patrick;Anderson;39;Male;Teacher, adult education;13.12.2024
2592;Timothy;Gutierrez;42;Male;Marketing executive;1.08.2023
2593;Troy;Coleman;66;Female;Research scientist (life sciences);12.06.2025
2594;Lisa;Goodwin;40;Female;Recycling officer;1.02.2026
2595;Meghan;Mayo;21;Male;Trade mark attorney;12.07.2024
2596;Stephanie;Randall;47;Female;Diplomatic Services operational officer;18.12.2023
2597;Dana;Davis;20;Female;Forest/woodland manager;14.08.2025
2598;Stephanie;Gray;48;Female;Haematologist;25.07.2023
2599;Stephen;Fernandez;55;Female;Administrator, Civil Service;6.12.2023
2600;Brian;Alvarez;49;Female;Engineer, automotive;16.09.2025
2601;Angela;Madden;62;Female;Firefighter;10.07.2024
2602;Ashlee;Meyer;33;Female;Building surveyor;9.02.2025
2603;Samantha;Hampton;48;Male;IT technical support officer;1.03.2025
2604;Justin;Patterson;24;Male;Building control surveyor;2.09.2024
2605;Laurie;Charles;40;Female;Engineer, aeronautical;12.09.2025
2606;Steven;Phillips;24;Male;Nurse, mental health;26.03.2026
2607;Phillip;Mcdaniel;31;Male;Engineer, energy;9.04.2026
2608;John;Hoffman;20;Male;Investment banker, corporate;31.01.2026
2609;Alexandra;Marsh;58;Female;Fast food restaurant manager;28.10.2025
2610;Kelly;Baker;74;Female;Sales promotion account executive;7.01.2024
2611;Jackson;Owens;43;Female;Financial adviser;9.07.2025
2612;Jacqueline;Edwards;45;Male;Economist;27.11.2024
2613;Barry;Delacruz;71;Male;Designer, jewellery;7.12.2024
2614;Briana;Torres;75;Female;Psychologist, occupational;9.04.2025
2615;Cory;Livingston;50;Female;Psychotherapist, child;13.02.2023
2616;Daniel;Garner;41;Male;Clinical research associate;26.04.2024
2617;Justin;Garcia;30;Female;Astronomer;4.02.2025
2618;Matthew;Herrera;66;Male;Financial trader;20.01.2024
2619;Kimberly;White;31;Male;Social research officer, government;30.12.2025
2620;Cynthia;Ramirez;38;Male;Counsellor;27.09.2025
2621;Monique;Miller;40;Male;Designer, furniture;7.07.2025
2622;Mathew;Rodriguez;20;Male;Teacher, primary school;10.01.2025
2623;Heather;Bennett;44;Female;Manufacturing systems engineer;16.11.2024
2624;Deborah;Hernandez;56;Female;Senior tax professional/tax inspector;30.05.2023
2625;Colton;Hayden;35;Female;Acupuncturist;26.06.2023
2626;Glenn;Clark;32;Female;Primary school teacher;11.12.2025
2627;Thomas;Henderson;24;Male;Facilities manager;12.08.2023
2628;Stephanie;Hess;22;Female;Conservator, furniture;1.06.2025
2629;Jennifer;Smith;46;Male;Research officer, government;21.04.2023
2630;Adam;Hughes;25;Female;Geographical information systems officer;8.05.2023
2631;Christina;Rhodes;46;Male;Therapist, drama;13.02.2023
2632;William;Hernandez;40;Female;Stage manager;13.08.2023
2633;Tina;Dudley;39;Female;Clinical cytogeneticist;9.12.2023
2634;Theresa;Wright;48;Female;Claims inspector/assessor;28.06.2023
2635;Brad;Lewis;19;Female;Operational investment banker;21.02.2023
2636;Samantha;Munoz;20;Male;Insurance risk surveyor;1.09.2025
2637;Sandra;Perez;50;Male;Equality and diversity officer;7.08.2024
2638;Pedro;Caldwell;54;Male;Charity officer;30.07.2023
2639;Andrea;White;27;Male;Therapist, drama;8.10.2025
2640;Rachel;Parks;47;Female;Civil engineer, contracting;8.10.2025
2641;Patrick;Ford;70;Female;Retail banker;11.03.2025
2642;Jeremy;Lee;22;Female;Engineer, energy;25.09.2025
2643;Brittany;Holmes;35;Female;Paramedic;8.03.2023
2644;Albert;Proctor;33;Male;Administrator, charities/voluntary organisations;27.12.2023
2645;Heather;Campbell;45;Female;Surveyor, building;19.01.2023
2646;Lisa;Andrews;41;Male;Estate agent;30.08.2025
2647;Brandon;Taylor;38;Female;Energy manager;7.03.2023
2648;Cameron;Costa;46;Male;Designer, textile;13.04.2024
2649;Jenna;Schmidt;29;Female;Dispensing optician;9.10.2023
2650;Alexis;Brewer;32;Male;Engineer, building services;19.06.2024
2651;Michael;Hughes;63;Male;Adult nurse;26.02.2023
2652;Carolyn;Garner;71;Female;Catering manager;25.06.2023
2653;Grace;Sparks;46;Male;Financial risk analyst;28.12.2023
2654;Linda;Gallegos;75;Male;Advice worker;17.02.2026
2655;Deanna;Clay;20;Female;Geneticist, molecular;18.05.2025
2656;Alexandra;Garrett;25;Female;Research scientist (maths);16.04.2024
2657;Justin;Malone;53;Male;Banker;9.02.2025
2658;Jermaine;Curtis;47;Male;Community education officer;9.04.2023
2659;James;Mills;33;Male;Clinical embryologist;30.11.2023
2660;Benjamin;Clark;51;Female;Industrial/product designer;24.01.2024
2661;Alexis;Hayes;48;Male;Diagnostic radiographer;26.07.2023
2662;Barbara;Anderson;71;Male;Higher education careers adviser;6.12.2023
2663;James;Hunter;27;Female;Publishing rights manager;8.04.2025
2664;Keith;Miller;68;Male;IT consultant;26.07.2024
2665;Patricia;Humphrey;55;Male;Theme park manager;23.04.2023
2666;Stephen;Evans;68;Male;Curator;5.07.2025
2667;Jeffrey;Black;18;Male;Chiropractor;2.02.2023
2668;Alexander;Khan;26;Male;Psychologist, clinical;28.03.2026
2669;Karen;Wilkins;23;Male;Surveyor, commercial/residential;18.11.2024
2670;Frederick;Vance;44;Male;Sound technician, broadcasting/film/video;14.01.2025
2671;Nancy;Rojas;45;Female;Operational researcher;18.08.2024
2672;David;Richards;37;Male;Surveyor, building control;31.05.2025
2673;Ann;Ross;26;Female;Higher education careers adviser;6.09.2023
2674;Ryan;Keller;53;Female;Environmental health practitioner;11.06.2025
2675;Christopher;Holland;20;Male;Forensic scientist;1.11.2024
2676;Timothy;Johnson;49;Male;Tourism officer;28.12.2023
2677;Vanessa;Anderson;45;Male;Scientific laboratory technician;20.10.2024
2678;Tara;Hill;31;Male;Surveyor, quantity;25.12.2023
2679;Jacob;King;54;Male;Architect;12.05.2025
2680;Michael;Williams;24;Male;Pharmacist, hospital;3.05.2025
2681;David;Clark;70;Male;Press sub;21.10.2024
2682;Jennifer;Cortez;35;Male;Soil scientist;30.09.2023
2683;Donald;Moreno;23;Male;Technical sales engineer;21.06.2023
2684;Christopher;Mills;53;Male;Civil engineer, consulting;20.02.2026
2685;Joshua;Spencer;38;Female;Engineer, water;16.05.2024
2686;Kelsey;Morrison;33;Male;Aeronautical engineer;23.06.2023
2687;Jennifer;Byrd;19;Female;Logistics and distribution manager;14.06.2023
2688;Sophia;Long;36;Female;Patent examiner;8.08.2024
2689;Megan;Byrd;62;Female;Trading standards officer;1.04.2026
2690;Ashley;Guerrero;44;Female;Training and development officer;4.06.2023
2691;Cheryl;Martin;21;Female;Recycling officer;26.11.2025
2692;Cindy;Hunt;64;Female;Industrial buyer;14.03.2026
2693;Sharon;Cox;62;Female;Mechanical engineer;26.02.2024
2694;Amanda;Adams;43;Male;Armed forces training and education officer;7.12.2024
2695;Brittany;Sims;71;Male;Chief Strategy Officer;21.01.2023
2696;Barbara;Castillo;42;Female;Production engineer;25.03.2024
2697;Jennifer;Smith;38;Male;Engineer, land;6.01.2024
2698;Amanda;Harvey;46;Female;Cartographer;13.11.2025
2699;Mary;Malone;31;Male;Engineer, petroleum;27.12.2025
2700;Meghan;Sullivan;44;Male;Art gallery manager;4.09.2025
2701;Karen;Garcia;30;Female;Sound technician, broadcasting/film/video;18.10.2023
2702;Mark;Brown;45;Female;Outdoor activities/education manager;13.09.2025
2703;Tanya;Wong;62;Male;Personnel officer;9.08.2024
2704;Lindsey;Smith;23;Male;Engineer, automotive;12.04.2023
2705;Samuel;Martin;33;Male;Radiographer, therapeutic;6.11.2025
2706;Andre;Parker;40;Male;Pathologist;15.01.2026
2707;Melissa;Horn;50;Male;Legal secretary;3.10.2023
2708;Robert;Ibarra;63;Male;Minerals surveyor;3.11.2025
2709;Erin;Shaffer;24;Female;Doctor, hospital;12.01.2026
2710;Kristy;Coleman;49;Male;Quantity surveyor;26.10.2025
2711;Diana;Hill;75;Female;Trading standards officer;4.08.2024
2712;Samuel;Martin;26;Female;English as a second language teacher;13.03.2025
2713;Kayla;Johnson;29;Female;Technical brewer;10.02.2024
2714;Jeanette;Tucker;67;Female;Multimedia specialist;29.01.2023
2715;Kevin;Walter;42;Female;IT consultant;19.11.2023
2716;Colleen;Garcia;66;Female;Restaurant manager;10.01.2026
2717;Karen;Williams;37;Male;Phytotherapist;23.03.2026
2718;Rhonda;Gilbert;72;Male;Scientist, biomedical;24.10.2024
2719;Joseph;Trevino;42;Female;Oceanographer;24.04.2024
2720;Matthew;Diaz;36;Female;Surveyor, land/geomatics;3.08.2025
2721;Joseph;Green;57;Male;Advertising copywriter;15.03.2024
2722;Chad;Gibson;34;Male;Physicist, medical;26.09.2024
2723;Todd;Christensen;64;Male;Therapist, occupational;8.02.2024
2724;Janet;Dunn;20;Male;Nurse, children's;12.01.2023
2725;Jon;Obrien;52;Female;Engineer, communications;4.11.2023
2726;Noah;Bush;39;Male;Clinical molecular geneticist;4.11.2025
2727;David;Guzman;39;Female;Engineer, electrical;26.05.2023
2728;Lisa;Figueroa;40;Male;Database administrator;23.01.2023
2729;Tina;Cantu;72;Male;Ecologist;1.01.2023
2730;Michael;Lopez;67;Male;Environmental consultant;11.05.2023
2731;Catherine;Hernandez;21;Female;Tour manager;27.11.2024
2732;Mark;Cervantes;53;Female;Industrial buyer;22.04.2026
2733;Debra;Anderson;44;Male;Colour technologist;17.04.2026
2734;William;Goodwin;52;Female;Research officer, trade union;15.06.2023
2735;Michael;Mcdonald;30;Male;Amenity horticulturist;8.06.2024
2736;Richard;Hernandez;45;Female;Commercial/residential surveyor;24.03.2024
2737;Elizabeth;Green;19;Male;Drilling engineer;18.10.2023
2738;Lee;Johnson;46;Male;Museum education officer;12.09.2025
2739;James;White;30;Female;Tax inspector;27.09.2025
2740;Christopher;Hunter;36;Female;Higher education lecturer;1.11.2024
2741;Gregory;Hamilton;45;Male;Charity officer;20.09.2024
2742;Julie;Bates;32;Female;Meteorologist;31.03.2023
2743;Megan;Butler;22;Female;Interior and spatial designer;27.12.2023
2744;Sarah;Foster;41;Female;Printmaker;22.01.2024
2745;Veronica;Woods;21;Male;Automotive engineer;1.10.2025
2746;Kevin;Kennedy;19;Female;Theatre stage manager;25.08.2024
2747;Tracy;Evans;20;Male;Psychologist, educational;17.02.2025
2748;Katrina;Richardson;21;Female;Toxicologist;27.03.2023
2749;Jacqueline;Davis;35;Male;Medical technical officer;10.09.2024
2750;Megan;Griffin;49;Female;Radio producer;1.07.2023
2751;Thomas;Ward;22;Female;Geographical information systems officer;20.06.2024
2752;Kristi;Davis;67;Female;Media buyer;27.07.2025
2753;Luke;White;25;Male;Engineer, biomedical;6.12.2024
2754;Diane;Ware;71;Female;Information systems manager;19.05.2023
2755;Angela;Curtis;39;Male;Gaffer;12.12.2024
2756;Linda;Bennett;23;Male;Investment banker, corporate;3.03.2025
2757;Peggy;Mathews;59;Male;Arboriculturist;14.05.2023
2758;Jennifer;Jones;63;Male;Mudlogger;4.06.2023
2759;Scott;Allen;36;Male;Armed forces operational officer;23.11.2024
2760;Tammy;Campbell;61;Male;Technical brewer;27.01.2024
2761;Katie;Aguilar;43;Male;Acupuncturist;25.09.2025
2762;Jason;Davis;19;Male;Mining engineer;25.10.2025
2763;Christopher;Roach;45;Female;Quality manager;27.01.2023
2764;Mariah;Wong;38;Male;Tourist information centre manager;22.07.2024
2765;Juan;Green;34;Male;Radio broadcast assistant;27.03.2025
2766;Juan;Schneider;34;Female;Wellsite geologist;28.05.2025
2767;Chris;Parsons;47;Female;Radiation protection practitioner;17.12.2023
2768;Jessica;Evans;31;Female;Arts administrator;14.12.2025
2769;Philip;Yang;35;Female;Nurse, learning disability;2.06.2023
2770;Brianna;Johnson;19;Male;Leisure centre manager;23.04.2025
2771;Donald;Jones;27;Male;Clinical cytogeneticist;25.02.2024
2772;Jonathon;Robinson;24;Male;Merchandiser, retail;17.01.2026
2773;Charles;Johnson;27;Female;Sport and exercise psychologist;7.05.2024
2774;Alexandria;Mendez;66;Female;Amenity horticulturist;31.10.2024
2775;Brandon;Dunn;75;Female;Chief of Staff;17.01.2026
2776;Michael;Palmer;75;Female;Interpreter;14.10.2024
2777;Rodney;White;49;Female;Barrister's clerk;20.07.2024
2778;Adam;Mejia;27;Female;Commercial/residential surveyor;26.10.2024
2779;Briana;Anderson;33;Female;Engineer, energy;10.11.2023
2780;Michael;Smith;66;Female;Psychotherapist, dance movement;27.03.2026
2781;April;Torres;27;Female;Engineer, broadcasting (operations);18.06.2023
2782;Nicole;Cannon;45;Female;Printmaker;3.01.2026
2783;Robert;Pitts;18;Female;Therapist, sports;20.01.2024
2784;Scott;Lyons;62;Male;Geophysicist/field seismologist;17.03.2024
2785;Carlos;Potter;75;Male;Physiological scientist;20.10.2024
2786;Tracy;Washington;43;Female;Computer games developer;3.03.2025
2787;Willie;Lewis;25;Female;Advice worker;4.10.2023
2788;Krystal;Baker;71;Female;Product/process development scientist;28.06.2023
2789;Bobby;Camacho;31;Male;Pathologist;20.09.2023
2790;Amanda;Johnson;36;Male;Intelligence analyst;13.03.2023
2791;Amanda;Bond;46;Male;Engineer, broadcasting (operations);29.03.2025
2792;Vincent;Miller;24;Male;Corporate investment banker;9.04.2024
2793;Tamara;Mercer;27;Female;Marine scientist;22.02.2024
2794;Leslie;Ramirez;72;Female;Art therapist;14.09.2023
2795;Brandon;Arias;46;Female;Seismic interpreter;30.05.2023
2796;Christina;Andrews;24;Male;Engineer, land;7.08.2025
2797;Kathleen;Rogers;49;Male;Engineer, drilling;19.02.2023
2798;Antonio;Long;50;Male;Press sub;23.11.2023
2799;Elizabeth;Stevens;37;Male;Tree surgeon;30.07.2023
2800;Jennifer;James;70;Female;Operations geologist;26.07.2024
2801;Jill;Thompson;53;Male;Therapeutic radiographer;21.11.2025
2802;Charles;Castillo;37;Male;Garment/textile technologist;26.07.2024
2803;Melissa;Fleming;19;Female;Broadcast journalist;23.08.2025
2804;Jane;Perez;20;Male;Building services engineer;15.10.2025
2805;Joe;Thompson;26;Male;Surveyor, minerals;20.11.2024
2806;Jeffrey;Anderson;32;Male;Health and safety inspector;31.10.2025
2807;Brittany;Bowman;40;Female;Accountant, chartered;28.06.2025
2808;Philip;Ward;30;Female;Development worker, international aid;24.02.2026
2809;Howard;Howe;26;Female;Building control surveyor;24.07.2025
2810;Theresa;James;49;Female;Tax inspector;11.01.2025
2811;David;Sullivan;33;Female;Optician, dispensing;15.05.2023
2812;Christopher;Ballard;47;Female;Surveyor, rural practice;4.06.2025
2813;Marisa;Smith;54;Female;Programme researcher, broadcasting/film/video;8.10.2025
2814;Frank;Gentry;48;Female;Stage manager;21.06.2025
2815;Steven;Berger;75;Female;Cabin crew;28.08.2024
2816;Peter;Sanders;57;Male;Psychologist, sport and exercise;10.02.2026
2817;Chloe;Bishop;51;Female;Training and development officer;9.09.2025
2818;Craig;Berg;18;Male;Nurse, learning disability;13.05.2025
2819;Theresa;Jackson;71;Male;Planning and development surveyor;14.05.2024
2820;Shannon;Sanchez;19;Female;Learning disability nurse;24.11.2024
2821;Rickey;Martin;54;Female;Web designer;25.03.2024
2822;William;Ruiz;71;Female;Surveyor, minerals;2.03.2023
2823;Bradley;Hodges;40;Male;Engineering geologist;6.04.2023
2824;Jose;Ray;67;Male;Geophysical data processor;30.05.2024
2825;Bradley;Tucker;59;Male;Production engineer;8.08.2024
2826;Timothy;Parsons;33;Female;Pharmacologist;4.03.2023
2827;Mary;Taylor;45;Male;Clinical cytogeneticist;20.09.2024
2828;Tony;Monroe;74;Male;Electronics engineer;29.09.2025
2829;Emily;Williams;21;Female;Town planner;26.10.2023
2830;Michelle;Fletcher;51;Male;Television production assistant;17.12.2023
2831;Mary;Rodriguez;58;Female;Trading standards officer;7.05.2024
2832;Nathan;Kramer;48;Male;Games developer;25.03.2026
2833;Elizabeth;Moss;25;Male;Trading standards officer;24.02.2026
2834;David;Kelly;43;Female;Art therapist;28.08.2024
2835;Alan;Hoffman;25;Male;Journalist, newspaper;3.09.2025
2836;Scott;Williams;33;Female;Surveyor, commercial/residential;18.02.2024
2837;Kelly;Hill;39;Male;Scientist, water quality;9.04.2025
2838;Jessica;Brock;59;Male;Sub;9.06.2025
2839;Krystal;Cortez;27;Female;Engineer, water;22.04.2026
2840;Lisa;Kramer;36;Male;Network engineer;16.03.2025
2841;Taylor;Dickerson;20;Female;Audiological scientist;26.12.2024
2842;Erin;Ramos;35;Male;Commercial horticulturist;15.02.2025
2843;Justin;Spencer;26;Male;Television production assistant;13.10.2024
2844;Anna;Coleman;23;Male;Careers adviser;8.03.2025
2845;Erika;Nguyen;56;Male;Chartered loss adjuster;29.03.2026
2846;Carlos;Campbell;43;Female;Programmer, applications;25.08.2023
2847;Patricia;Mccarty;47;Male;Mining engineer;24.11.2023
2848;Kevin;Cortez;63;Female;Editor, commissioning;18.02.2025
2849;John;Hudson;38;Female;Technical author;6.09.2024
2850;Andrew;Brown;39;Female;Careers information officer;14.08.2023
2851;Tristan;Burnett;34;Female;Education officer, community;27.01.2023
2852;Russell;Sullivan;59;Male;Accountant, chartered public finance;20.08.2025
2853;Andrew;Glover;36;Male;Armed forces technical officer;14.09.2023
2854;Scott;Torres;38;Male;Engineer, biomedical;13.01.2026
2855;Kelli;Gordon;64;Male;Geologist, engineering;22.06.2025
2856;Erica;Smith;36;Female;Public relations officer;29.09.2025
2857;Veronica;Long;59;Male;Visual merchandiser;10.02.2026
2858;Lori;Paul;52;Female;Tax inspector;17.04.2026
2859;Karen;Green;75;Male;Engineer, building services;15.04.2026
2860;Christina;Allen;19;Female;Community development worker;4.04.2026
2861;Christopher;Dunn;31;Male;Local government officer;11.12.2025
2862;Michael;Petty;45;Female;Information officer;5.08.2024
2863;Brian;Boyle;27;Female;Pharmacist, hospital;19.01.2024
2864;Joshua;Martinez;74;Female;Engineer, electrical;23.10.2023
2865;David;Mcdonald;40;Male;Engineer, production;22.03.2024
2866;David;Fletcher;64;Male;Systems developer;20.01.2023
2867;Shirley;Holland;21;Female;Soil scientist;11.04.2024
2868;Kevin;Lozano;54;Male;Building services engineer;28.01.2025
2869;Jimmy;Horn;32;Female;Make;14.04.2023
2870;Shawn;Long;26;Male;Radiographer, diagnostic;18.10.2023
2871;Kim;Taylor;48;Female;Lighting technician, broadcasting/film/video;4.03.2024
2872;Kristen;Pena;33;Female;Medical illustrator;9.08.2025
2873;Jessica;Owen;57;Female;Tourist information centre manager;22.02.2024
2874;Natasha;Davis;68;Male;Industrial/product designer;11.07.2025
2875;Elizabeth;Gray;19;Male;Seismic interpreter;6.04.2023
2876;James;Tran;69;Male;Pharmacologist;7.01.2024
2877;Jason;Garcia;29;Male;Medical laboratory scientific officer;12.07.2024
2878;Rodney;Bell;43;Female;Administrator, Civil Service;25.07.2025
2879;Todd;Walker;51;Male;Engineer, biomedical;19.09.2025
2880;Reginald;Nicholson;50;Male;Operational researcher;7.10.2025
2881;Rachael;Williams;40;Male;Make;11.02.2026
2882;Spencer;Martin;39;Female;Accounting technician;17.05.2024
2883;Elijah;Odom;34;Male;Engineer, manufacturing systems;19.10.2023
2884;Krystal;Mcguire;71;Female;Control and instrumentation engineer;1.09.2023
2885;Crystal;Collins;75;Female;Archivist;23.03.2025
2886;Rachel;Lawson;44;Female;Multimedia specialist;7.08.2025
2887;Carlos;Leon;31;Female;Accountant, chartered public finance;2.07.2023
2888;Tammy;Lynch;39;Male;Architect;18.01.2023
2889;Cody;Wiggins;45;Male;Surveyor, land/geomatics;26.12.2025
2890;Kyle;Potts;24;Male;Financial risk analyst;27.01.2025
2891;Tyler;Lee;68;Female;Translator;16.12.2025
2892;Alejandro;Cruz;24;Male;Actuary;23.05.2025
2893;Andrew;Thompson;42;Female;Press sub;18.12.2024
2894;John;Benson;43;Female;Dietitian;19.12.2025
2895;Felicia;Davis;40;Female;Media buyer;19.05.2023
2896;Jennifer;Ruiz;40;Female;Probation officer;1.01.2023
2897;Ethan;Brown;35;Male;Archaeologist;5.10.2024
2898;Justin;Jones;50;Male;Retail manager;9.07.2023
2899;Tammy;Walker;38;Female;Building services engineer;20.10.2025
2900;Jason;Anderson;48;Male;Education officer, museum;19.11.2025
2901;Alison;Austin;26;Male;Exhibitions officer, museum/gallery;22.09.2024
2902;Morgan;Turner;19;Male;Engineer, broadcasting (operations);1.06.2023
2903;Eric;Dixon;48;Male;Research scientist (maths);14.03.2025
2904;Kevin;Summers;41;Female;English as a second language teacher;5.11.2023
2905;Barbara;Brown;23;Male;Chief Executive Officer;10.03.2023
2906;Cameron;Michael;51;Male;Teaching laboratory technician;30.08.2024
2907;Amy;Harris;22;Female;Merchant navy officer;29.11.2025
2908;Anthony;Meyers;35;Female;Special educational needs teacher;11.06.2023
2909;Cory;Dean;47;Male;Conservator, museum/gallery;14.08.2024
2910;Amber;Brown;63;Female;Charity officer;20.12.2024
2911;Amber;Hunter;20;Female;Nature conservation officer;23.10.2023
2912;Lisa;Booker;42;Female;Holiday representative;2.06.2024
2913;Christopher;Morales;26;Male;Scientist, audiological;14.04.2025
2914;Ashley;Waters;73;Female;Journalist, magazine;15.07.2025
2915;Kelli;Hanson;43;Male;Engineer, civil (contracting);20.08.2023
2916;Rachael;Santana;28;Male;Animal technologist;5.03.2024
2917;William;Russell;22;Female;Textile designer;31.01.2025
2918;Kimberly;Martin;18;Female;Hydrographic surveyor;10.01.2024
2919;Amanda;Cook;31;Male;Gaffer;9.10.2025
2920;Allison;Osborne;46;Female;Research officer, political party;21.09.2023
2921;Gary;George;23;Male;Naval architect;24.11.2023
2922;Rebecca;Montgomery;54;Female;Proofreader;19.03.2024
2923;John;Brooks;33;Female;Scientist, research (maths);11.08.2023
2924;Kent;Brown;41;Male;Chiropractor;1.05.2024
2925;Alyssa;Johnson;21;Male;Logistics and distribution manager;20.09.2023
2926;Tony;Patel;25;Male;Geophysicist/field seismologist;4.09.2025
2927;Shelley;Lee;19;Male;Town planner;31.12.2025
2928;Susan;Jones;75;Female;Legal secretary;5.06.2023
2929;Justin;Oconnor;24;Male;Medical physicist;10.04.2025
2930;Catherine;Sampson;18;Male;Teacher, special educational needs;26.01.2024
2931;Robert;White;32;Male;Paramedic;22.04.2023
2932;Joel;Chavez;43;Male;Forensic psychologist;28.05.2024
2933;Melissa;Rodriguez;46;Female;Race relations officer;27.08.2025
2934;Melanie;Gibson;57;Male;Logistics and distribution manager;5.03.2024
2935;Robert;Lane;36;Male;Engineer, structural;7.03.2024
2936;Madison;Sanchez;75;Female;Engineer, manufacturing;16.03.2026
2937;Cynthia;Lewis;69;Male;Analytical chemist;22.09.2023
2938;Kevin;Gilbert;62;Male;Designer, television/film set;2.06.2025
2939;Jesse;Johnson;45;Female;Manufacturing systems engineer;19.01.2023
2940;John;Boyd;23;Male;Geologist, engineering;8.11.2024
2941;Lauren;Hurst;26;Male;Engineer, electronics;30.08.2024
2942;Katherine;Taylor;43;Male;Designer, multimedia;26.02.2026
2943;Justin;Compton;23;Female;Actor;15.01.2023
2944;Ronald;Maldonado;22;Female;Forensic scientist;3.03.2025
2945;Tonya;Smith;25;Male;Heritage manager;1.12.2023
2946;Melanie;Cruz;21;Female;Town planner;14.08.2023
2947;Mary;Smith;72;Female;Site engineer;1.09.2023
2948;Hannah;Daniel;58;Female;Water quality scientist;12.03.2023
2949;George;Klein;45;Male;Public librarian;4.04.2024
2950;Zachary;Riley;40;Female;Chiropractor;31.01.2023
2951;Samantha;Mccoy;27;Female;Information systems manager;31.12.2023
2952;Mary;Briggs;34;Female;Adult nurse;29.08.2025
2953;Zachary;Moore;30;Female;Armed forces logistics/support/administrative officer;27.01.2025
2954;Daniel;Dodson;30;Female;Radio producer;3.07.2025
2955;Katie;Nolan;50;Male;Travel agency manager;3.04.2023
2956;Jennifer;Hall;30;Female;Health and safety inspector;26.11.2024
2957;Willie;Brown;42;Male;Sales executive;27.08.2023
2958;Lisa;Mercado;48;Male;Risk analyst;30.04.2024
2959;Kayla;Buckley;42;Female;Conservation officer, historic buildings;16.11.2023
2960;Laura;Thompson;43;Female;Teacher, secondary school;23.02.2023
2961;Joseph;Garcia;55;Female;Oncologist;23.03.2025
2962;Joseph;Kent;18;Male;Sport and exercise psychologist;1.04.2025
2963;Alexandria;Rivera;61;Female;Teacher, primary school;24.02.2024
2964;William;Benson;27;Female;Agricultural consultant;15.02.2026
2965;Alison;Lawrence;57;Female;Audiological scientist;20.08.2025
2966;Tonya;Espinoza;28;Male;Research scientist (maths);18.11.2025
2967;Christopher;Hunt;21;Male;Air cabin crew;22.07.2023
2968;Bruce;Taylor;28;Female;Surveyor, building;26.01.2025
2969;Rachel;Ortega;57;Male;Scientist, water quality;21.02.2026
2970;Samuel;Austin;50;Male;Mental health nurse;15.06.2023
2971;Amy;Alexander;68;Female;Scientist, water quality;14.02.2026
2972;Gary;Beard;29;Female;Television camera operator;27.04.2025
2973;Ashley;Yates;36;Male;Programmer, systems;6.01.2024
2974;Jeffrey;Rodriguez;34;Female;Hotel manager;26.04.2025
2975;James;Padilla;49;Female;Clinical psychologist;8.02.2025
2976;Nathan;Love;36;Male;Engineer, structural;5.02.2023
2977;Mark;Yang;18;Male;Toxicologist;21.11.2025
2978;Dawn;Gallegos;32;Male;Furniture designer;22.05.2025
2979;Shannon;Coleman;43;Female;Administrator, local government;10.08.2025
2980;Matthew;Barnes;53;Male;Volunteer coordinator;4.04.2025
2981;Nicole;Daniels;48;Male;Insurance account manager;26.04.2025
2982;John;Vasquez;20;Female;Statistician;25.12.2024
2983;Pamela;Clark;35;Female;Engineer, building services;23.07.2025
2984;John;Greene;19;Male;Early years teacher;27.09.2025
2985;Steven;Moreno;21;Male;Contractor;8.08.2023
2986;Angie;Vasquez;37;Male;Chiropractor;28.11.2024
2987;Gregory;Knight;23;Female;Ship broker;12.02.2024
2988;David;Valenzuela;19;Male;Plant breeder/geneticist;10.01.2025
2989;Harry;Sanchez;62;Male;Energy manager;6.01.2026
2990;Kayla;Shaw;65;Male;Geologist, wellsite;21.03.2023
2991;Matthew;Walls;37;Male;Runner, broadcasting/film/video;10.02.2026
2992;Kelsey;Simmons;45;Male;Gaffer;25.07.2024
2993;Allison;Whitney;28;Male;Ambulance person;10.10.2024
2994;Ryan;Bridges;39;Male;Engineering geologist;7.02.2023
2995;Scott;Boyer;27;Male;Office manager;2.12.2023
2996;Keith;Wood;30;Female;Physicist, medical;1.10.2023
2997;Joseph;Gray;32;Female;Aeronautical engineer;26.01.2024
2998;Carlos;Smith;72;Male;Engineer, materials;15.04.2025
2999;Andrew;Simon;40;Male;Retail merchandiser;27.05.2023
3000;Elizabeth;Rodriguez;40;Female;Systems developer;13.03.2025
3001;Sylvia;Haynes;23;Female;Legal secretary;5.11.2025
3002;Matthew;Delgado;31;Female;Surveyor, planning and development;22.05.2023
3003;James;Spencer;46;Female;Buyer, retail;30.06.2025
3004;Michael;Lopez;20;Male;Theatre stage manager;8.09.2024
3005;Jeremy;Newton;29;Male;Therapist, music;13.05.2023
3006;Holly;Day;60;Male;Engineer, maintenance (IT);7.09.2023
3007;Timothy;Adams;46;Male;Teacher, secondary school;16.05.2023
3008;Connie;Rocha;49;Female;Social worker;6.07.2024
3009;Ana;Henderson;18;Male;Armed forces technical officer;13.06.2025
3010;Mark;Stevens;50;Female;Theatre stage manager;18.09.2023
3011;Michael;Stephens;48;Male;Scientist, research (medical);19.09.2023
3012;Dustin;Terrell;36;Male;Chief Marketing Officer;21.03.2025
3013;Margaret;Nielsen;48;Male;Cartographer;26.03.2024
3014;Thomas;Richard;56;Male;Immigration officer;23.01.2024
3015;David;Williams;25;Female;Careers information officer;19.03.2023
3016;Tracey;Patrick;73;Female;Minerals surveyor;2.07.2023
3017;Wesley;Dodson;25;Female;Engineer, manufacturing;28.08.2024
3018;Julia;Moore;41;Female;Early years teacher;8.02.2024
3019;Morgan;Martin;19;Male;Engineer, broadcasting (operations);9.03.2024
3020;Darren;Mcintosh;27;Female;Primary school teacher;1.02.2025
3021;Michele;Liu;45;Female;Insurance underwriter;6.08.2025
3022;Michelle;Gonzalez;19;Female;Environmental health practitioner;8.01.2024
3023;Andrea;Klein;48;Male;Best boy;19.05.2023
3024;Mark;Larson;46;Male;Production manager;4.12.2024
3025;Charles;Ferguson;34;Female;Scientist, clinical (histocompatibility and immunogenetics);4.03.2025
3026;Patricia;Arias;41;Female;Ambulance person;23.01.2024
3027;Brian;Gray;71;Female;Catering manager;24.04.2025
3028;Christopher;Lang;46;Female;Fitness centre manager;19.02.2026
3029;Matthew;Johnson;67;Male;Landscape architect;14.05.2023
3030;Christopher;Garcia;31;Male;Chief Marketing Officer;11.08.2024
3031;Corey;Larson;26;Male;Hydrogeologist;8.01.2026
3032;Kimberly;Johnson;36;Male;Podiatrist;14.04.2026
3033;Anthony;Fox;43;Male;Office manager;18.12.2025
3034;Lynn;Mendez;21;Male;Mechanical engineer;8.02.2025
3035;Nicole;Beck;50;Female;Oceanographer;13.06.2025
3036;Jeanne;Smith;36;Male;Producer, radio;25.08.2023
3037;James;Mendoza;33;Male;Nutritional therapist;12.01.2026
3038;Heather;Day;47;Male;Insurance broker;4.01.2023
3039;Andrew;Watson;50;Male;Financial manager;26.01.2025
3040;Joyce;Watkins;59;Female;Exhibitions officer, museum/gallery;18.10.2025
3041;Catherine;Torres;22;Female;Administrator;15.12.2024
3042;Shannon;Bullock;34;Male;Engineer, control and instrumentation;4.10.2023
3043;Douglas;Welch;50;Female;Petroleum engineer;29.03.2023
3044;Alice;Knight;41;Female;Education administrator;25.11.2024
3045;Lisa;Garcia;43;Male;Chartered management accountant;29.07.2025
3046;Thomas;Porter;49;Male;Chartered public finance accountant;15.04.2023
3047;Benjamin;Galloway;20;Male;Research officer, government;9.11.2025
3048;Stephanie;Walker;68;Female;Set designer;6.05.2023
3049;Robert;Jones;75;Male;Medical illustrator;12.12.2024
3050;Brianna;Rose;34;Male;Lawyer;28.07.2024
3051;Logan;Soto;22;Male;Development worker, community;19.08.2025
3052;Loretta;Stevenson;21;Female;Town planner;29.03.2024
3053;Robin;Pruitt;31;Male;Commercial/residential surveyor;25.10.2025
3054;Brittany;Shelton;41;Male;Merchandiser, retail;23.02.2024
3055;Richard;Morse;53;Male;Surgeon;20.05.2025
3056;Brenda;Davis;31;Female;Applications developer;27.10.2025
3057;Brittany;Walter;39;Female;Purchasing manager;16.03.2025
3058;Abigail;Mckinney;50;Female;Learning mentor;10.09.2024
3059;Kimberly;Webb;69;Male;Arts development officer;7.11.2023
3060;Melinda;Farmer;19;Male;Public relations account executive;14.04.2024
3061;Lori;Edwards;38;Male;Hydrogeologist;3.09.2025
3062;Michael;Schmidt;26;Female;Pension scheme manager;30.04.2025
3063;Mark;Rojas;69;Male;Operational researcher;4.03.2023
3064;Robert;Keller;41;Male;Games developer;11.07.2025
3065;Brittney;Blanchard;34;Female;Horticultural therapist;19.01.2024
3066;Charles;Jones;55;Female;Haematologist;23.01.2025
3067;Bradley;Nelson;26;Male;Ophthalmologist;20.04.2025
3068;Jonathan;Good;39;Male;Immunologist;14.12.2024
3069;Eddie;Ward;38;Male;Systems developer;26.01.2026
3070;Charles;Mcintosh;57;Male;Financial controller;15.11.2023
3071;Olivia;Carpenter;38;Female;Field trials officer;5.03.2023
3072;Lee;Rose;50;Male;Runner, broadcasting/film/video;6.03.2025
3073;Bonnie;Brewer;41;Female;Housing manager/officer;4.10.2024
3074;Ellen;Salas;58;Male;Accountant, chartered certified;19.01.2025
3075;Joseph;Morgan;73;Male;Engineer, water;11.01.2024
3076;Nicholas;King;18;Female;Financial planner;23.07.2025
3077;Eric;Harmon;56;Male;Paediatric nurse;12.04.2025
3078;Bradley;Hernandez;45;Male;Pension scheme manager;21.02.2024
3079;Deborah;Jones;43;Female;Merchant navy officer;24.01.2025
3080;Mary;Zavala;46;Female;Location manager;18.08.2025
3081;Jillian;Huang;35;Male;Homeopath;1.07.2025
3082;Annette;Aguirre;19;Male;Producer, television/film/video;6.06.2023
3083;Shelby;Ball;68;Male;Clinical molecular geneticist;15.02.2026
3084;Brandi;Ponce;27;Male;Immigration officer;15.05.2023
3085;Daniel;King;49;Male;Nurse, adult;16.01.2023
3086;Brenda;Galloway;47;Female;Doctor, general practice;6.10.2024
3087;Amy;Walker;18;Male;Chief Strategy Officer;30.11.2023
3088;Riley;Gardner;47;Female;Administrator, sports;15.01.2023
3089;Jonathan;George;35;Male;Community development worker;29.01.2025
3090;Kelly;Huynh;34;Male;Plant breeder/geneticist;10.06.2025
3091;Christopher;Davis;34;Female;Oceanographer;31.12.2023
3092;Nicholas;Ward;41;Female;Economist;8.05.2023
3093;Justin;English;54;Male;Programmer, multimedia;25.04.2024
3094;Alexandria;Chandler;18;Male;Public librarian;23.03.2023
3095;Lisa;Perez;32;Male;Osteopath;11.01.2024
3096;Jeffrey;Frazier;35;Male;Video editor;6.07.2023
3097;Gregory;Mullins;53;Male;Private music teacher;8.02.2026
3098;Patrick;Williams;39;Male;General practice doctor;6.03.2026
3099;Jeanette;Lucero;23;Female;Solicitor;22.11.2024
3100;Nancy;Cervantes;43;Male;Museum education officer;16.11.2024
3101;David;Anderson;23;Female;Community education officer;12.11.2023
3102;Nathan;Velazquez;57;Female;Programmer, systems;29.08.2023
3103;Melissa;Caldwell;24;Female;Merchant navy officer;5.01.2024
3104;Lisa;Castillo;25;Male;Chiropodist;29.08.2025
3105;Nathaniel;Simmons;39;Female;Health visitor;8.03.2025
3106;Candace;Chandler;63;Female;Industrial buyer;27.04.2024
3107;Stephen;Liu;22;Female;Land;3.01.2023
3108;Anne;Buchanan;27;Male;Trade mark attorney;12.06.2024
3109;Tyler;Hunt;72;Male;Actuary;21.07.2023
3110;Michelle;Harris;73;Female;Leisure centre manager;3.05.2023
3111;Jennifer;Fisher;63;Male;Production engineer;3.09.2023
3112;Taylor;Williams;45;Female;Farm manager;9.06.2023
3113;Heather;Vega;69;Female;Designer, television/film set;22.02.2026
3114;Brandon;Gonzales;51;Male;Physicist, medical;14.07.2023
3115;Marilyn;Edwards;38;Female;Structural engineer;6.12.2025
3116;Matthew;Lee;54;Male;Trading standards officer;16.11.2025
3117;Erin;Hayes;57;Female;Education officer, community;6.03.2025
3118;Nancy;Lucero;43;Male;Health promotion specialist;9.12.2023
3119;Sean;Baker;60;Male;Surveyor, quantity;20.11.2023
3120;Paul;Watson;44;Female;Community education officer;15.03.2023
3121;Donald;Myers;23;Male;Counsellor;7.12.2025
3122;Jonathan;Hill;29;Female;Adult guidance worker;3.06.2023
3123;Jessica;Patel;50;Male;Insurance broker;14.07.2023
3124;Ashley;Baxter;41;Female;Journalist, newspaper;25.02.2023
3125;Jesse;Robinson;44;Female;Immunologist;17.01.2026
3126;Roberto;Mcbride;71;Male;Industrial/product designer;31.01.2024
3127;Donna;Hansen;59;Female;Engineer, communications;10.01.2025
3128;Aaron;Henry;47;Male;Arts development officer;11.12.2025
3129;Dawn;Foster;43;Female;Medical physicist;20.09.2024
3130;Walter;Sutton;55;Female;Production manager;11.12.2023
3131;Heather;Richardson;38;Male;Clinical molecular geneticist;24.07.2025
3132;Tara;Duffy;39;Female;Optician, dispensing;2.04.2023
3133;Karen;Huffman;71;Female;Dispensing optician;28.08.2025
3134;Sean;Newman;33;Male;Designer, textile;22.04.2025
3135;Ryan;Davis;26;Male;Research scientist (medical);15.10.2024
3136;Mary;Clayton;36;Female;Exercise physiologist;21.01.2026
3137;Matthew;Brown;37;Male;Soil scientist;16.11.2025
3138;Carlos;Rowland;33;Male;Chartered certified accountant;15.12.2023
3139;Joe;Glass;33;Male;Production assistant, radio;16.02.2023
3140;David;Rodriguez;26;Male;Sports development officer;7.05.2023
3141;Jonathon;Fritz;28;Female;Further education lecturer;13.12.2025
3142;Anna;Arias;49;Male;Land/geomatics surveyor;7.03.2026
3143;David;Brown;20;Female;Surgeon;8.09.2023
3144;Jennifer;Allen;33;Male;Psychologist, counselling;7.02.2024
3145;Tanner;Peterson;21;Female;Sales professional, IT;23.03.2026
3146;Matthew;Estrada;44;Male;Midwife;14.04.2023
3147;Margaret;Scott;19;Male;Charity fundraiser;13.08.2024
3148;Shannon;Smith;68;Male;Therapeutic radiographer;11.04.2023
3149;William;Smith;36;Female;IT consultant;19.05.2025
3150;Susan;Brown;56;Female;Data processing manager;20.12.2025
3151;Shirley;Salas;39;Female;Accounting technician;13.01.2025
3152;Patrick;Soto;35;Female;Customer service manager;13.03.2023
3153;Tony;Peterson;52;Female;Furniture conservator/restorer;7.12.2025
3154;Christopher;Wilson;34;Female;Therapist, drama;24.03.2025
3155;Louis;Hill;49;Female;Armed forces technical officer;19.01.2026
3156;Mark;Parker;53;Female;Arts development officer;1.05.2025
3157;Julie;Bryant;34;Female;Lecturer, further education;4.04.2026
3158;Lindsey;Green;44;Female;Occupational psychologist;26.08.2023
3159;Frank;Walker;34;Female;Paramedic;20.02.2026
3160;Tracy;Bennett;50;Male;Farm manager;17.07.2024
3161;Katherine;Anderson;63;Female;Producer, radio;18.06.2024
3162;Kari;Branch;50;Female;Operational researcher;19.03.2024
3163;Barbara;Perez;39;Male;Physicist, medical;3.02.2024
3164;Robert;Wolf;53;Male;Forensic psychologist;15.01.2023
3165;Kayla;Stephens;39;Female;Software engineer;28.02.2025
3166;Michael;Miller;48;Female;Tour manager;14.02.2023
3167;Jeremy;Ortiz;47;Female;Psychologist, prison and probation services;9.07.2025
3168;Sarah;Lee;62;Male;Herbalist;11.05.2025
3169;Audrey;Baldwin;54;Female;Technical brewer;4.10.2025
3170;Ryan;Reed;46;Male;Structural engineer;5.07.2023
3171;Regina;Rivera;69;Female;Local government officer;28.06.2023
3172;Sarah;Booker;55;Female;Operational researcher;10.08.2025
3173;Kevin;Allen;70;Male;Optician, dispensing;23.09.2025
3174;Richard;Clark;45;Female;Psychologist, forensic;21.01.2026
3175;Holly;Arnold;38;Female;Surveyor, building control;3.05.2024
3176;Breanna;Campbell;43;Male;Technical sales engineer;18.01.2024
3177;Larry;Patel;29;Male;Stage manager;11.10.2023
3178;Jason;Rocha;23;Female;Engineer, biomedical;14.11.2023
3179;Kristina;Bridges;50;Male;Chemist, analytical;11.09.2024
3180;Michael;Anderson;66;Male;Data processing manager;31.08.2024
3181;Erin;Olson;38;Male;Government social research officer;9.05.2025
3182;Steven;Carroll;42;Male;Glass blower/designer;9.05.2023
3183;Jonathan;Best;49;Female;Counsellor;2.02.2024
3184;Kelly;Mitchell;26;Male;Art therapist;13.09.2024
3185;Paul;Gonzales;57;Female;Social researcher;2.02.2023
3186;Omar;Finley;43;Male;Location manager;31.01.2023
3187;Jennifer;Gross;60;Male;Herpetologist;6.03.2024
3188;Doris;Knight;45;Female;Research scientist (medical);19.10.2025
3189;Kim;Adams;22;Male;Interior and spatial designer;8.02.2025
3190;Angela;Banks;43;Male;Engineer, maintenance (IT);30.08.2023
3191;Richard;Green;38;Female;Educational psychologist;17.05.2024
3192;Brian;Wallace;57;Male;Scientist, forensic;21.02.2025
3193;Kara;Moore;33;Male;Secondary school teacher;6.09.2025
3194;Erica;Martinez;46;Female;Biomedical engineer;20.07.2023
3195;Lori;Peterson;22;Female;Early years teacher;10.08.2023
3196;Angela;Gallegos;22;Female;Programme researcher, broadcasting/film/video;6.04.2026
3197;Veronica;Williams;41;Male;Administrator, education;23.03.2026
3198;Tracy;Frederick;25;Male;Scientist, product/process development;13.03.2023
3199;Marvin;Scott;45;Female;Advertising copywriter;11.03.2023
3200;Allison;Quinn;28;Male;Clinical embryologist;25.10.2024
3201;Bill;Shaw;49;Male;Teacher, adult education;20.01.2025
3202;James;Long;55;Female;Early years teacher;18.12.2024
3203;Zachary;Prince;55;Male;Information systems manager;11.10.2024
3204;Kayla;Mitchell;53;Female;Newspaper journalist;6.07.2023
3205;Michael;Nelson;72;Male;Consulting civil engineer;19.02.2026
3206;Andrew;Kemp;26;Male;Politician's assistant;17.01.2025
3207;Ryan;Williams;36;Male;Careers information officer;18.07.2023
3208;Susan;Gomez;45;Male;Applications developer;25.05.2025
3209;Sandra;Roberts;46;Female;Engineer, manufacturing systems;15.08.2024
3210;Jennifer;Villanueva;18;Female;Financial manager;18.02.2026
3211;Christina;Bailey;53;Male;Radio broadcast assistant;24.03.2025
3212;Karen;Miller;55;Female;Equities trader;17.05.2023
3213;Elizabeth;Harris;35;Male;Accounting technician;4.02.2025
3214;Brian;Meyers;44;Female;Conference centre manager;30.10.2024
3215;April;Stephens;28;Female;Health and safety adviser;17.04.2024
3216;Kelly;Hall;61;Female;Financial adviser;2.08.2024
3217;Alison;Green;34;Male;Software engineer;5.12.2023
3218;Jennifer;Porter;35;Female;Clinical scientist, histocompatibility and immunogenetics;19.04.2026
3219;Kristin;Dalton;50;Female;Set designer;9.10.2023
3220;Catherine;Brown;26;Female;Armed forces logistics/support/administrative officer;8.07.2023
3221;Patrick;Brown;44;Male;Television production assistant;19.03.2023
3222;Paul;Thompson;30;Male;Engineering geologist;28.01.2023
3223;Stephanie;Taylor;58;Male;Accounting technician;11.11.2025
3224;William;Miller;71;Female;Statistician;14.03.2024
3225;Sharon;Ross;43;Male;Contractor;22.06.2025
3226;Mark;Kim;24;Female;Field trials officer;13.04.2023
3227;Larry;Young;26;Male;Trading standards officer;28.05.2025
3228;Christian;Salinas;19;Female;Chartered accountant;25.04.2024
3229;Hector;Kennedy;18;Male;Production designer, theatre/television/film;18.09.2025
3230;Latoya;Garcia;47;Female;Insurance account manager;1.06.2025
3231;Julia;Rocha;37;Male;Engineer, broadcasting (operations);22.04.2023
3232;Jeffrey;Douglas;32;Male;Passenger transport manager;8.12.2024
3233;Larry;Navarro;34;Female;Designer, exhibition/display;29.10.2023
3234;Erik;Hunt;70;Female;Air traffic controller;21.06.2025
3235;Oscar;Harmon;32;Female;Pensions consultant;15.01.2024
3236;Sandra;Rose;32;Female;Sport and exercise psychologist;24.03.2023
3237;Mackenzie;Bennett;20;Female;Social worker;13.12.2024
3238;Mary;Wu;40;Female;Operations geologist;3.07.2024
3239;Justin;Jacobs;44;Male;Financial risk analyst;21.07.2024
3240;Adam;Rosales;23;Male;Housing manager/officer;30.04.2024
3241;Andrea;Perez;58;Male;Sports administrator;13.01.2026
3242;Chase;Marshall;34;Male;Nurse, children's;1.10.2024
3243;Jared;Riley;41;Female;Scientist, marine;23.10.2023
3244;Felicia;Merritt;18;Male;Horticulturist, commercial;19.11.2025
3245;Brandi;Flynn;30;Male;Passenger transport manager;2.07.2024
3246;Cheryl;Stevens;47;Male;Teaching laboratory technician;15.05.2024
3247;Mitchell;Wright;19;Female;Office manager;17.02.2025
3248;Christopher;Nelson;40;Male;Market researcher;2.02.2026
3249;Diana;Robertson;28;Male;Banker;8.05.2025
3250;Ricky;Cooper;50;Female;Social researcher;11.10.2023
3251;Erika;Flores;57;Male;Buyer, industrial;17.12.2024
3252;Christopher;Smith;41;Female;Clinical molecular geneticist;24.11.2024
3253;Scott;Davis;51;Male;Librarian, public;20.11.2025
3254;Kyle;Graham;20;Male;Health visitor;1.06.2024
3255;Ivan;Pennington;39;Male;Radio broadcast assistant;19.07.2023
3256;Beth;Johns;43;Male;Solicitor;31.12.2024
3257;John;Wilson;28;Male;Orthoptist;29.04.2025
3258;Amanda;Hall;75;Female;Psychologist, educational;23.02.2024
3259;Mark;Hanson;42;Male;Librarian, academic;23.12.2023
3260;James;Mccann;72;Male;Diplomatic Services operational officer;24.01.2023
3261;Jack;Blair;43;Male;Minerals surveyor;25.10.2025
3262;Phillip;Roach;28;Female;Theatre stage manager;31.03.2024
3263;James;Harris;30;Male;Geophysical data processor;10.01.2024
3264;Theodore;Barton;54;Male;Homeopath;6.07.2025
3265;Ashley;Anderson;31;Male;Waste management officer;17.07.2023
3266;Evelyn;Williams;53;Female;Tax adviser;27.04.2023
3267;Monica;Boyle;47;Female;Furniture designer;4.03.2026
3268;Crystal;Austin;63;Male;Visual merchandiser;27.08.2023
3269;Aaron;Leach;52;Male;Commercial/residential surveyor;18.09.2024
3270;Daniel;Johnson;40;Female;Designer, exhibition/display;7.12.2023
3271;Zachary;Thomas;46;Female;Dealer;21.05.2025
3272;Stephanie;Smith;29;Female;Building control surveyor;27.09.2025
3273;Joel;Butler;46;Female;Politician's assistant;12.09.2023
3274;Mary;Lang;59;Female;Amenity horticulturist;20.01.2023
3275;Patricia;Williams;18;Female;Surveyor, commercial/residential;26.11.2025
3276;Ashlee;Young;28;Male;Photographer;24.07.2024
3277;Joe;Hartman;31;Female;Lecturer, further education;24.08.2025
3278;Anthony;Small;46;Male;Immigration officer;22.02.2025
3279;Gregory;Davis;67;Female;Geophysicist/field seismologist;10.10.2023
3280;Matthew;Alvarado;24;Female;Multimedia specialist;25.09.2024
3281;Brian;Hunter;30;Male;Engineer, energy;5.04.2025
3282;Larry;Welch;20;Female;Biomedical engineer;29.03.2024
3283;Jeremy;Gould;33;Male;Media buyer;10.07.2023
3284;Shane;Campbell;60;Female;Sales promotion account executive;27.03.2023
3285;Christopher;Jones;28;Female;Toxicologist;13.04.2025
3286;Blake;Martin;45;Female;Financial planner;8.08.2025
3287;Stephanie;Park;26;Female;Engineer, maintenance;8.03.2025
3288;Eric;Miller;39;Female;Scientist, physiological;16.01.2024
3289;Lori;Dixon;43;Male;Copywriter, advertising;16.02.2025
3290;Anna;Salazar;74;Female;Chief Financial Officer;24.01.2025
3291;Diana;Massey;47;Female;Marine scientist;9.04.2024
3292;Courtney;Harris;29;Male;Contractor;2.08.2025
3293;Bryan;Casey;19;Male;Designer, television/film set;1.01.2025
3294;Veronica;Morales;44;Female;Sports development officer;10.03.2024
3295;Emily;Doyle;19;Female;Pilot, airline;17.09.2023
3296;Nicholas;Adams;21;Female;Chief Executive Officer;30.03.2023
3297;Andrew;Gonzalez;30;Female;Engineering geologist;9.01.2024
3298;Karen;Lowe;36;Male;Environmental health practitioner;25.02.2026
3299;Jermaine;Mejia;40;Female;Historic buildings inspector/conservation officer;25.09.2023
3300;Tyler;Yang;25;Male;Buyer, retail;11.04.2026
3301;Whitney;Walker;26;Female;Surveyor, minerals;9.01.2023
3302;Deborah;Bradford;45;Female;Forest/woodland manager;30.03.2025
3303;Linda;Cortez;57;Male;Insurance underwriter;13.04.2023
3304;Stephen;Wilkinson;44;Female;Learning mentor;31.07.2024
3305;Thomas;Ray;50;Female;Architect;19.01.2023
3306;John;Knapp;42;Male;Tourist information centre manager;21.03.2026
3307;Chad;Lloyd;23;Female;Engineer, energy;19.11.2024
3308;Kimberly;Williams;63;Male;Armed forces operational officer;16.07.2023
3309;Gina;Wagner;36;Male;Fine artist;26.02.2025
3310;Charlene;Camacho;27;Female;Science writer;9.09.2024
3311;Brittany;Perez;47;Female;Counsellor;31.03.2026
3312;Parker;Campbell;44;Male;Pilot, airline;29.05.2023
3313;Melissa;Bryant;43;Male;Dance movement psychotherapist;1.02.2026
3314;Nathan;Casey;70;Female;Firefighter;26.09.2025
3315;Kathleen;Baker;54;Male;Producer, television/film/video;6.03.2023
3316;Maureen;Rice;73;Female;Petroleum engineer;25.08.2023
3317;Rhonda;Vasquez;25;Male;Editor, magazine features;17.12.2024
3318;Nancy;George;33;Female;Astronomer;6.06.2024
3319;Robert;Perez;33;Male;Conference centre manager;2.07.2025
3320;Debra;Martinez;64;Female;Designer, furniture;19.11.2023
3321;Tommy;Ferguson;26;Female;Volunteer coordinator;18.06.2023
3322;Allen;Patton;37;Male;Scientist, physiological;1.03.2025
3323;Jason;Powell;65;Male;Social research officer, government;11.11.2023
3324;Amber;Ryan;50;Female;Building surveyor;28.08.2023
3325;Crystal;Buchanan;45;Male;Meteorologist;16.06.2024
3326;Kevin;Mann;29;Male;Administrator;17.02.2024
3327;Daniel;Bowman;42;Male;Production assistant, television;7.02.2026
3328;Bonnie;Everett;44;Male;Production manager;25.11.2023
3329;Gary;Mendoza;38;Male;Psychotherapist, dance movement;13.09.2023
3330;David;Smith;30;Male;Quarry manager;25.06.2025
3331;John;Walton;73;Male;Intelligence analyst;23.11.2024
3332;Melissa;Arnold;18;Male;Medical technical officer;14.01.2025
3333;Nancy;Jacobs;29;Female;Radiographer, diagnostic;27.12.2023
3334;Jimmy;Reyes;40;Male;Tourism officer;30.03.2026
3335;Laurie;Gardner;45;Male;Management consultant;26.11.2024
3336;Larry;Cohen;33;Male;Buyer, retail;7.05.2024
3337;Gail;Humphrey;25;Female;Administrator, sports;15.04.2024
3338;Mary;Sullivan;38;Female;Travel agency manager;18.10.2024
3339;Teresa;Brown;27;Female;Animal nutritionist;6.02.2023
3340;Justin;Brown;32;Female;Homeopath;23.12.2023
3341;Eric;Flores;24;Male;Health and safety adviser;10.04.2023
3342;Allen;Erickson;33;Female;Electrical engineer;6.05.2023
3343;Patricia;Arroyo;18;Male;Counsellor;11.04.2023
3344;Andrea;Hernandez;50;Male;Lexicographer;9.11.2025
3345;Brian;Smith;65;Male;Market researcher;13.04.2025
3346;Tyler;Travis;38;Female;Higher education lecturer;3.12.2025
3347;Timothy;Ross;64;Male;Surveyor, planning and development;20.12.2024
3348;Amanda;Lee;60;Male;Legal secretary;6.02.2025
3349;James;Mathews;47;Female;Biomedical engineer;27.11.2023
3350;Louis;Mejia;57;Male;Politician's assistant;8.03.2024
3351;Yesenia;Ford;33;Female;Intelligence analyst;30.10.2024
3352;Nicole;Cortez;37;Female;Medical illustrator;17.07.2023
3353;Rebecca;Colon;21;Male;Investment analyst;6.11.2023
3354;John;Peterson;53;Female;Publishing copy;6.12.2024
3355;Kathleen;Jones;24;Female;Science writer;25.10.2025
3356;Kristina;Lane;48;Male;Engineer, drilling;10.04.2026
3357;Latoya;Castro;53;Female;Engineer, civil (consulting);10.07.2023
3358;Paul;Villa;66;Female;Environmental consultant;3.11.2024
3359;Dorothy;Dalton;34;Male;Museum/gallery exhibitions officer;12.05.2023
3360;Joyce;Richardson;47;Female;Designer, television/film set;11.09.2025
3361;Danielle;Woodard;22;Female;Quality manager;7.08.2023
3362;Christina;Tate;44;Male;Research officer, trade union;4.02.2025
3363;Richard;Rogers;34;Female;Visual merchandiser;5.01.2026
3364;Laura;Bryant;25;Male;Local government officer;2.03.2025
3365;Stephen;Gray;23;Male;Chiropodist;27.03.2026
3366;Carolyn;Perkins;37;Male;Investment analyst;20.04.2023
3367;Thomas;Ellis;41;Male;Teacher, early years/pre;1.03.2025
3368;Karen;Lynch;69;Male;Equality and diversity officer;23.04.2024
3369;Daniel;Wells;54;Female;Nutritional therapist;24.01.2024
3370;Brad;Patterson;29;Male;Clinical psychologist;16.02.2025
3371;Cynthia;Franklin;30;Female;Oncologist;21.09.2024
3372;William;Adams;34;Female;Buyer, retail;7.12.2024
3373;Karen;Smith;40;Male;Designer, interior/spatial;21.11.2023
3374;Harold;Moore;69;Male;Charity fundraiser;9.02.2024
3375;Nina;Cohen;41;Male;Naval architect;16.04.2026
3376;Julia;Franklin;41;Female;Chief Financial Officer;22.09.2023
3377;Leslie;Ellison;19;Female;Biochemist, clinical;16.01.2025
3378;Jeanette;Montoya;21;Female;Architectural technologist;9.09.2025
3379;Russell;Burnett;32;Female;Multimedia specialist;2.04.2025
3380;Joshua;Charles;38;Male;Pensions consultant;24.03.2023
3381;Brittany;Johnson;41;Female;Soil scientist;15.07.2024
3382;Charles;Ferguson;32;Male;Exhibitions officer, museum/gallery;14.07.2023
3383;Derek;Rodriguez;40;Male;Pilot, airline;3.09.2024
3384;George;Anderson;27;Male;Maintenance engineer;16.07.2023
3385;Robert;Johnson;22;Male;Sales professional, IT;9.03.2024
3386;Timothy;Tate;27;Female;Plant breeder/geneticist;20.09.2023
3387;Yvette;Ellis;68;Male;Insurance claims handler;8.07.2023
3388;Michael;Miller;60;Female;Radiographer, diagnostic;18.01.2025
3389;Christopher;Schmitt;49;Female;Scientist, audiological;31.10.2023
3390;Dylan;Bailey;69;Female;Forensic scientist;21.02.2024
3391;Kristen;Ray;24;Male;Advertising account planner;15.09.2024
3392;Tammy;Banks;67;Female;Solicitor, Scotland;29.06.2023
3393;Jesus;Morris;57;Male;Therapist, nutritional;5.05.2023
3394;Jacqueline;Boone;62;Female;Psychiatric nurse;7.09.2023
3395;Brett;Gordon;24;Male;Podiatrist;2.02.2026
3396;Briana;Bartlett;30;Female;Broadcast journalist;8.09.2024
3397;Amy;Thompson;27;Female;Chartered accountant;5.01.2024
3398;Brent;Wong;43;Female;Land/geomatics surveyor;9.05.2025
3399;Kristen;Kennedy;38;Male;Automotive engineer;29.05.2025
3400;Robert;Bryant;24;Male;Marketing executive;2.02.2023
3401;Vincent;Garza;35;Female;Early years teacher;28.03.2026
3402;Yolanda;Robinson;25;Female;Designer, graphic;29.10.2023
3403;Jacob;Woodard;23;Male;Electronics engineer;12.09.2025
3404;Cynthia;Maynard;62;Male;Plant breeder/geneticist;4.12.2023
3405;Dominique;Morris;45;Female;Accountant, chartered management;13.02.2026
3406;Roger;Brown;27;Female;Accountant, chartered management;9.01.2023
3407;David;Johnson;39;Female;Legal executive;20.04.2026
3408;Kevin;Bennett;32;Female;Producer, television/film/video;19.03.2023
3409;Louis;Powers;72;Male;Materials engineer;24.05.2025
3410;Brenda;Sullivan;23;Male;Web designer;30.04.2024
3411;Shane;Simmons;30;Female;Careers adviser;7.05.2025
3412;Michelle;Ferrell;39;Male;Licensed conveyancer;2.12.2025
3413;Nicholas;Norman;25;Male;Air broker;12.02.2024
3414;Victoria;West;21;Female;Information officer;4.05.2023
3415;Carmen;Crawford;68;Male;Medical illustrator;5.04.2024
3416;Michael;Young;62;Female;Jewellery designer;30.09.2025
3417;Vanessa;Riddle;29;Female;International aid/development worker;14.05.2023
3418;Diana;Patton;40;Female;Research scientist (maths);2.12.2024
3419;Cody;Campbell;73;Female;Network engineer;26.02.2026
3420;Juan;Thompson;36;Female;Buyer, retail;16.05.2023
3421;Barbara;Mathis;47;Male;Pilot, airline;10.08.2024
3422;Debbie;Ferguson;60;Female;Sales executive;11.07.2024
3423;Melvin;Lowe;28;Male;Facilities manager;9.07.2024
3424;Thomas;Mclean;68;Male;Comptroller;9.05.2023
3425;Jenny;Harvey;18;Male;Public house manager;14.06.2025
3426;Eduardo;Lee;18;Female;Diplomatic Services operational officer;24.10.2024
3427;Tyler;Fox;71;Male;Clinical molecular geneticist;15.07.2023
3428;Raymond;Hernandez;41;Female;Surveyor, rural practice;15.10.2024
3429;Mary;Montoya;42;Male;Geologist, wellsite;31.03.2024
3430;Allison;Stone;43;Female;Operational investment banker;16.05.2023
3431;Christopher;Johnson;44;Male;Fashion designer;24.05.2025
3432;Krystal;Brooks;39;Female;Haematologist;24.01.2025
3433;Derek;Sanders;23;Male;Solicitor, Scotland;3.07.2024
3434;Brandon;Joseph;33;Female;Engineer, manufacturing;11.04.2025
3435;Christina;Mueller;68;Male;Plant breeder/geneticist;21.03.2025
3436;Robert;Martinez;74;Male;Occupational hygienist;17.06.2023
3437;Paul;Campbell;38;Female;Restaurant manager, fast food;20.05.2024
3438;Jeffery;Kemp;38;Male;Insurance account manager;19.09.2023
3439;Patrick;Cameron;48;Female;Doctor, general practice;8.10.2025
3440;Joshua;Coleman;26;Male;Accountant, chartered management;13.01.2026
3441;Roger;Dennis;49;Female;Marine scientist;22.02.2025
3442;Luis;Young;55;Male;Podiatrist;1.01.2024
3443;Laurie;Jones;36;Female;Operational researcher;12.09.2024
3444;Daniel;Davis;64;Male;Designer, multimedia;17.04.2026
3445;Matthew;Nicholson;37;Male;Runner, broadcasting/film/video;22.10.2024
3446;Nicole;Ross;38;Female;Armed forces logistics/support/administrative officer;13.12.2023
3447;John;Hooper;69;Male;Set designer;11.03.2023
3448;Brian;Mckenzie;41;Female;Physiotherapist;10.01.2026
3449;Ruth;Poole;23;Female;Learning mentor;2.02.2024
3450;Mariah;Williams;47;Male;Oceanographer;25.08.2023
3451;Kimberly;Robinson;18;Female;Careers adviser;20.09.2023
3452;Aaron;Cochran;69;Female;Geologist, wellsite;22.11.2024
3453;Autumn;Thomas;56;Female;Aeronautical engineer;27.01.2025
3454;Sarah;Byrd;63;Female;Fitness centre manager;28.06.2025
3455;Robert;Moore;32;Female;Bookseller;11.09.2025
3456;Stephanie;Herrera;44;Female;Art gallery manager;30.08.2025
3457;Cheryl;Rodriguez;49;Male;Careers information officer;6.03.2025
3458;Victoria;Riddle;20;Male;Chartered management accountant;26.04.2026
3459;Marie;Jackson;18;Female;Horticulturist, amenity;18.09.2024
3460;Ryan;Nicholson;62;Female;Television/film/video producer;16.01.2024
3461;Aaron;Serrano;29;Female;Insurance underwriter;22.05.2023
3462;Erica;Carpenter;40;Male;Social research officer, government;4.02.2025
3463;Sharon;Sexton;20;Male;Control and instrumentation engineer;14.04.2025
3464;Jeremy;Hubbard;43;Female;Database administrator;20.07.2025
3465;Justin;Alvarez;35;Female;Sports development officer;27.02.2026
3466;Kathryn;Mccarty;24;Male;Fine artist;3.03.2024
3467;Edwin;Banks;34;Male;Editor, film/video;27.08.2023
3468;Christopher;Miller;62;Female;Airline pilot;24.12.2024
3469;Michael;Chung;50;Male;Horticultural consultant;9.07.2024
3470;Jill;Mccoy;56;Male;Broadcast engineer;27.06.2024
3471;Anthony;Wilson;30;Female;Adult nurse;20.12.2023
3472;Kristin;Jackson;47;Female;Radio producer;22.04.2025
3473;Christopher;Gonzalez;44;Male;Cabin crew;27.11.2023
3474;Katherine;Kim;25;Male;Scientist, audiological;18.04.2023
3475;Max;Murray;42;Male;Newspaper journalist;8.05.2025
3476;Martin;Warner;18;Female;Research scientist (physical sciences);2.09.2024
3477;Tiffany;Tate;56;Male;Music tutor;21.03.2023
3478;Natalie;White;64;Female;Fashion designer;12.09.2025
3479;Ashlee;Parker;43;Male;Fashion designer;3.12.2024
3480;Richard;Morris;31;Male;Engineer, site;31.12.2024
3481;Matthew;Estes;31;Male;Fast food restaurant manager;9.03.2026
3482;Jeffrey;Harris;28;Male;Dentist;5.01.2025
3483;Isaac;Powell;35;Male;Dispensing optician;7.06.2025
3484;Ann;Larsen;60;Male;Illustrator;4.07.2025
3485;Jose;Ross;46;Female;Engineer, biomedical;15.01.2023
3486;Alexis;Reeves;31;Female;Recycling officer;27.02.2025
3487;Andrew;Shannon;61;Female;Teacher, early years/pre;27.08.2023
3488;Justin;Nunez;64;Male;Customer service manager;6.10.2025
3489;Michael;Soto;27;Female;Building surveyor;28.12.2025
3490;Matthew;Phillips;22;Male;Air broker;3.12.2023
3491;Alyssa;Jackson;19;Female;Plant breeder/geneticist;8.09.2023
3492;David;Rodriguez;61;Female;Electrical engineer;22.05.2025
3493;Gregory;Holmes;54;Female;Tourist information centre manager;30.01.2025
3494;Cody;Richardson;39;Female;Quarry manager;20.03.2026
3495;Rose;Reynolds;24;Female;Sales promotion account executive;9.04.2025
3496;Michael;Andrews;24;Female;Engineer, civil (consulting);18.10.2024
3497;Christopher;Meza;32;Male;Presenter, broadcasting;10.03.2024
3498;Roger;Williams;59;Female;Catering manager;7.07.2024
3499;Christina;Swanson;65;Male;Claims inspector/assessor;10.09.2025
3500;Christopher;Johnson;64;Male;Accountant, chartered public finance;13.01.2025
3501;Peter;David;56;Female;Financial adviser;15.01.2026
3502;Stacie;Perry;33;Male;Research officer, government;6.02.2026
3503;Mary;Kelly;50;Male;Education officer, environmental;4.11.2024
3504;Amanda;Brooks;22;Female;Advertising account executive;9.09.2025
3505;Debbie;Delacruz;41;Female;Scientist, research (physical sciences);25.04.2024
3506;Arthur;Wyatt;28;Female;Air cabin crew;26.05.2023
3507;Mario;Clark;32;Female;Sales executive;24.10.2023
3508;Megan;Woodard;27;Female;Cytogeneticist;2.10.2024
3509;Megan;Franklin;54;Female;Marketing executive;30.06.2025
3510;Patrick;Rodriguez;49;Female;Quantity surveyor;10.09.2025
3511;Isaac;Mcgrath;32;Male;Community education officer;14.01.2023
3512;Johnny;Heath;39;Female;Engineer, drilling;13.06.2023
3513;Leslie;Chan;47;Male;Ergonomist;24.05.2023
3514;Joseph;Hubbard;49;Female;Interpreter;15.07.2023
3515;Judy;Hernandez;43;Female;Energy engineer;7.09.2023
3516;Julie;Harrington;34;Male;Furniture conservator/restorer;19.03.2026
3517;David;Poole;18;Female;Location manager;7.09.2024
3518;Erin;Yang;29;Male;Pension scheme manager;29.05.2025
3519;Thomas;Greene;46;Female;Sport and exercise psychologist;19.01.2023
3520;Matthew;Mcdonald;53;Female;Ecologist;17.02.2025
3521;Melody;Flores;25;Female;Product designer;18.07.2024
3522;Travis;Hunt;47;Male;Haematologist;8.02.2026
3523;Kayla;Jones;33;Male;Building control surveyor;8.04.2025
3524;Peter;Aguirre;32;Female;Engineer, electronics;30.04.2023
3525;Nicholas;Nguyen;32;Female;Primary school teacher;19.12.2025
3526;Eugene;Andrade;27;Male;Passenger transport manager;21.06.2023
3527;Carol;Johnson;18;Male;Patent attorney;15.09.2024
3528;Heather;Lewis;42;Female;Video editor;30.01.2024
3529;Daniel;Rodgers;21;Female;Speech and language therapist;11.04.2025
3530;Frederick;Acosta;40;Female;Presenter, broadcasting;28.03.2023
3531;Amy;Williams;36;Female;Engineer, broadcasting (operations);20.01.2024
3532;Gail;Williams;30;Female;Paediatric nurse;8.06.2024
3533;Christian;Miller;43;Female;Engineer, drilling;15.02.2025
3534;Jeremy;Martin;25;Female;Haematologist;23.10.2024
3535;Thomas;Herring;42;Male;Dancer;28.07.2024
3536;Carolyn;Mendoza;46;Female;Chiropodist;6.08.2023
3537;Nancy;Diaz;45;Male;Broadcast engineer;9.03.2025
3538;Kayla;Shaw;18;Male;Dispensing optician;10.04.2025
3539;Johnny;Liu;40;Female;Psychologist, prison and probation services;5.11.2025
3540;Christopher;Lewis;48;Male;Health and safety adviser;1.10.2024
3541;Joseph;Bright;48;Female;Education officer, community;1.04.2023
3542;Sarah;Stewart;23;Female;Psychiatrist;6.05.2024
3543;Sharon;Levine;33;Male;Planning and development surveyor;14.03.2024
3544;Anthony;Roberts;58;Female;Solicitor, Scotland;1.09.2023
3545;Margaret;Walters;34;Female;Chiropodist;27.07.2025
3546;Tara;Castaneda;46;Male;Sports therapist;24.09.2023
3547;Todd;Jones;29;Male;Higher education lecturer;19.04.2026
3548;Alicia;Jones;59;Female;Psychiatric nurse;20.07.2025
3549;Katie;Johnson;70;Male;Lexicographer;3.07.2025
3550;Jeremy;Rodriguez;32;Female;Translator;8.10.2024
3551;Dean;Smith;25;Female;Loss adjuster, chartered;24.03.2023
3552;Leonard;Torres;46;Female;Consulting civil engineer;26.01.2023
3553;Joseph;Gonzales;30;Male;Agricultural consultant;31.01.2025
3554;Erin;Brown;31;Female;Clinical research associate;26.01.2026
3555;Catherine;Farmer;35;Male;Marketing executive;9.10.2024
3556;Bethany;Khan;74;Male;Barrister;27.01.2025
3557;Alexandria;Davis;73;Male;Psychologist, sport and exercise;17.08.2024
3558;Michael;Becker;56;Female;Surveyor, hydrographic;12.09.2023
3559;Stacey;Thomas;25;Male;Hydrogeologist;9.03.2023
3560;Carl;Mcneil;39;Female;Politician's assistant;10.06.2024
3561;Lisa;Foster;75;Male;Site engineer;20.05.2023
3562;Joy;Vaughn;50;Female;Oncologist;7.09.2023
3563;Dalton;Malone;28;Male;Make;31.12.2023
3564;Samantha;Livingston;53;Female;Immunologist;8.06.2023
3565;Ricardo;Bradley;26;Male;Geographical information systems officer;13.05.2025
3566;Timothy;Cooper;31;Female;Armed forces training and education officer;18.02.2025
3567;Terry;Willis;38;Female;Press photographer;11.11.2023
3568;Andrea;Moon;31;Male;Lecturer, further education;19.08.2023
3569;Tricia;Fuentes;42;Male;Soil scientist;16.03.2024
3570;Melody;Frey;68;Female;Financial risk analyst;5.10.2024
3571;Christopher;Clark;48;Female;Tax adviser;19.05.2024
3572;Ernest;Burns;46;Female;Tax adviser;6.11.2023
3573;Doris;Harper;69;Male;Occupational psychologist;19.04.2026
3574;Katie;Martinez;24;Female;Interior and spatial designer;2.02.2026
3575;Alicia;Finley;51;Male;Analytical chemist;14.01.2025
3576;Katherine;Frazier;75;Female;Claims inspector/assessor;26.09.2024
3577;Travis;Morgan;29;Female;Retail merchandiser;12.10.2025
3578;Shelley;Garcia;24;Male;Arboriculturist;2.07.2023
3579;Elizabeth;Newton;50;Female;Logistics and distribution manager;20.05.2025
3580;Elizabeth;Morris;38;Female;Presenter, broadcasting;22.03.2026
3581;William;Lee;30;Female;Gaffer;13.09.2023
3582;Lynn;Bennett;32;Female;Nurse, adult;4.01.2024
3583;Timothy;Kelly;67;Female;Neurosurgeon;10.04.2025
3584;Nathan;Salazar;19;Female;Engineer, civil (contracting);3.02.2023
3585;Gregory;Cowan;27;Female;Physiological scientist;9.10.2023
3586;Toni;Hansen;35;Female;Radiographer, therapeutic;8.09.2023
3587;Laura;Little;30;Male;Conservator, museum/gallery;27.07.2024
3588;David;Price;69;Female;Conservation officer, nature;14.06.2025
3589;Robert;Fisher;34;Male;Government social research officer;9.03.2023
3590;Steven;Contreras;34;Male;Clinical psychologist;19.09.2025
3591;Bradley;Drake;47;Female;Advice worker;26.01.2026
3592;Vicki;Fitzgerald;38;Male;Publishing rights manager;8.09.2025
3593;Adrian;Edwards;22;Female;Ecologist;25.08.2023
3594;Linda;White;49;Male;Product manager;24.03.2025
3595;Candice;Harris;50;Female;Librarian, academic;13.10.2024
3596;Jennifer;Adams;44;Male;Meteorologist;4.12.2025
3597;James;Davis;23;Female;Engineer, broadcasting (operations);1.01.2024
3598;Michelle;Moore;68;Female;Journalist, broadcasting;22.04.2025
3599;Craig;Rowe;36;Male;Production designer, theatre/television/film;20.03.2025
3600;Michael;Bailey;36;Female;Broadcast presenter;27.02.2023
3601;Samantha;Martin;66;Female;Psychotherapist, child;7.06.2024
3602;Kimberly;Taylor;30;Female;Surveyor, insurance;11.08.2025
3603;Jody;Cummings;32;Male;Ship broker;2.04.2024
3604;William;Rogers;35;Female;Minerals surveyor;13.08.2023
3605;Ryan;Jackson;37;Female;Senior tax professional/tax inspector;29.04.2025
3606;Nathan;Woods;72;Male;Insurance broker;28.11.2024
3607;James;Sanchez;59;Female;Journalist, magazine;14.05.2023
3608;Michael;James;22;Female;Customer service manager;24.03.2023
3609;Lisa;Arroyo;24;Male;Advertising copywriter;8.10.2024
3610;Ryan;Flores;38;Female;Art gallery manager;24.12.2023
3611;Craig;Smith;34;Male;Learning disability nurse;1.08.2023
3612;Andrea;Wilson;43;Female;Minerals surveyor;20.02.2024
3613;Mark;Olson;30;Female;Soil scientist;25.03.2026
3614;Russell;Gomez;43;Male;Retail manager;11.08.2025
3615;Matthew;Tucker;62;Male;Materials engineer;23.10.2024
3616;Jeffrey;Pham;73;Male;Designer, jewellery;12.01.2023
3617;Jessica;Zamora;61;Male;Embryologist, clinical;5.09.2024
3618;Patty;Lopez;40;Female;Proofreader;18.10.2024
3619;Jeffery;Murphy;49;Female;Engineer, chemical;17.01.2024
3620;Samuel;Harris;40;Female;Ecologist;2.05.2024
3621;Ryan;Andrews;22;Male;Engineer, biomedical;1.03.2026
3622;Diana;Davis;29;Male;English as a second language teacher;25.09.2023
3623;Karen;Smith;35;Male;Technical author;24.09.2025
3624;Charles;Ayala;33;Male;Clinical molecular geneticist;22.10.2024
3625;Jonathan;Singleton;44;Male;Special educational needs teacher;26.03.2023
3626;Aaron;Shah;72;Female;Animal nutritionist;17.01.2024
3627;Joshua;Ramos;56;Male;Doctor, general practice;11.06.2023
3628;Chad;Taylor;73;Male;Financial controller;7.06.2024
3629;Sabrina;Rowe;20;Male;Medical physicist;21.02.2024
3630;Evelyn;Butler;18;Female;Press photographer;31.10.2024
3631;Kathleen;Thomas;49;Male;Therapist, occupational;30.01.2026
3632;Michael;Washington;67;Female;Agricultural consultant;23.04.2023
3633;Leslie;Moss;26;Female;Paramedic;13.09.2024
3634;Michael;Brown;68;Male;Market researcher;25.08.2025
3635;Megan;Soto;21;Female;Sports therapist;30.04.2023
3636;Joseph;Young;43;Female;Administrator, local government;12.03.2026
3637;Veronica;Miller;24;Female;Designer, blown glass/stained glass;11.07.2023
3638;Thomas;Johnson;30;Male;Administrator, education;27.05.2023
3639;Benjamin;Porter;29;Male;Designer, jewellery;13.12.2023
3640;Justin;Johnson;49;Male;Race relations officer;3.04.2024
3641;Reginald;Willis;55;Male;Dealer;20.09.2025
3642;Andrea;Fuller;35;Male;Educational psychologist;14.04.2026
3643;Samuel;Harris;37;Male;Air cabin crew;28.04.2026
3644;Tammie;Vincent;60;Male;Tour manager;19.03.2026
3645;Jacqueline;Davidson;50;Male;Social researcher;8.09.2024
3646;Jennifer;Lamb;73;Male;Therapist, art;1.06.2024
3647;Glenda;Vazquez;32;Female;English as a foreign language teacher;30.05.2023
3648;Kevin;Simpson;45;Male;Horticulturist, commercial;3.05.2025
3649;Brian;Jensen;33;Female;Commercial art gallery manager;20.06.2025
3650;Michael;Martinez;38;Male;Armed forces training and education officer;21.03.2024
3651;Christine;Bradford;46;Male;Network engineer;19.12.2023
3652;Tamara;Henderson;38;Male;Designer, textile;27.05.2023
3653;Emily;Anderson;43;Male;Chartered loss adjuster;11.04.2026
3654;Geoffrey;Wiley;26;Female;Sub;4.08.2024
3655;Dawn;Hopkins;38;Female;Multimedia specialist;13.12.2025
3656;Edward;Walton;65;Male;Actuary;8.10.2024
3657;David;Evans;31;Female;Warehouse manager;1.10.2025
3658;Maria;Pugh;39;Female;Petroleum engineer;30.06.2025
3659;Randall;Campbell;27;Male;Radio broadcast assistant;29.07.2023
3660;Amanda;Wong;65;Female;Chartered public finance accountant;1.01.2024
3661;Logan;Phillips;40;Male;Investment analyst;28.04.2024
3662;Vernon;Scott;65;Female;Geophysicist/field seismologist;11.09.2024
3663;Sara;Brock;20;Male;Engineer, civil (contracting);18.08.2023
3664;James;Chambers;51;Female;Armed forces technical officer;14.05.2025
3665;William;Mcmillan;48;Male;Industrial buyer;22.12.2023
3666;Jill;Edwards;63;Female;Insurance broker;28.06.2023
3667;William;Harvey;71;Male;Engineer, communications;28.12.2024
3668;Sydney;Fox;49;Female;Customer service manager;5.01.2023
3669;Kelly;Shannon;22;Male;Publishing copy;14.12.2023
3670;Samuel;Romero;21;Male;Chartered certified accountant;13.01.2024
3671;Robert;Glover;41;Male;Psychotherapist;23.05.2024
3672;Dawn;Camacho;34;Female;Ceramics designer;25.05.2025
3673;Sergio;Craig;34;Female;Government social research officer;16.04.2024
3674;Kathleen;Meyer;70;Male;Applications developer;25.09.2023
3675;Maria;Howard;29;Female;Conservator, museum/gallery;18.06.2025
3676;David;Payne;26;Female;Phytotherapist;1.04.2026
3677;Jason;Butler;19;Male;Advertising account planner;27.03.2026
3678;Thomas;Anderson;70;Male;Warehouse manager;5.10.2025
3679;Nicholas;Thompson;69;Female;Buyer, industrial;17.01.2024
3680;Elizabeth;Holland;28;Male;Quality manager;11.07.2024
3681;Jonathan;Lucas;50;Male;Broadcast engineer;3.06.2024
3682;Alexander;Dixon;66;Female;Chartered accountant;15.02.2023
3683;Tracy;Grant;47;Male;Physiological scientist;2.03.2024
3684;Melissa;Alexander;31;Female;Radiation protection practitioner;1.08.2025
3685;Jesus;Hanna;40;Male;Nurse, adult;1.05.2023
3686;Edward;Wright;31;Male;Designer, ceramics/pottery;5.07.2023
3687;Christopher;Wilson;23;Female;Engineer, drilling;16.03.2025
3688;Curtis;Gray;53;Male;Government social research officer;26.12.2023
3689;Ricardo;Hernandez;60;Male;Research scientist (medical);4.07.2023
3690;Carolyn;Shaw;18;Female;Housing manager/officer;17.09.2024
3691;Nicholas;Rocha;21;Male;Energy engineer;23.04.2024
3692;David;Holland;32;Male;Buyer, retail;7.07.2025
3693;Natasha;Moore;28;Female;Industrial buyer;18.05.2025
3694;Colleen;Burke;67;Male;Armed forces logistics/support/administrative officer;15.09.2024
3695;Mary;Henry;35;Male;Editor, commissioning;9.10.2024
3696;Michael;Williams;40;Female;Waste management officer;10.01.2025
3697;Randall;Miller;50;Female;Government social research officer;9.10.2023
3698;Joseph;Adams;19;Female;Community pharmacist;30.07.2024
3699;Ernest;Walker;62;Female;Investment banker, operational;17.09.2024
3700;Katie;Reed;19;Male;Arts administrator;12.02.2025
3701;Stephanie;Mcconnell;27;Female;Tour manager;13.04.2026
3702;Susan;Smith;42;Female;Medical sales representative;8.03.2024
3703;Caleb;Mayer;31;Male;Dance movement psychotherapist;1.03.2024
3704;Steven;Best;18;Male;Sport and exercise psychologist;15.08.2024
3705;Bruce;Torres;44;Female;Administrator, local government;8.02.2023
3706;James;Sweeney;42;Male;Sales professional, IT;25.10.2023
3707;Hannah;Miller;37;Female;Television production assistant;5.05.2024
3708;Brandon;Turner;39;Female;Television floor manager;12.08.2023
3709;Kelly;Chung;44;Male;Doctor, general practice;30.05.2023
3710;John;Wood;52;Female;Conference centre manager;12.06.2023
3711;Jon;Brown;18;Male;Energy engineer;7.05.2023
3712;Jeffery;Garcia;33;Male;Hospital pharmacist;29.06.2023
3713;Olivia;Cabrera;25;Male;Clinical psychologist;15.05.2025
3714;Michael;Cervantes;27;Female;Social researcher;9.11.2025
3715;Mary;Hubbard;27;Male;Sports coach;30.10.2023
3716;Howard;Graham;46;Male;Therapist, art;11.10.2024
3717;Angela;Garcia;43;Male;Fast food restaurant manager;18.11.2025
3718;Sara;Blair;29;Male;Communications engineer;8.12.2025
3719;Autumn;Coleman;26;Male;Data processing manager;24.02.2023
3720;Bethany;Ware;75;Female;Sports development officer;2.04.2023
3721;Cassidy;Black;48;Female;Speech and language therapist;31.08.2024
3722;Maria;Smith;39;Female;Engineering geologist;29.08.2023
3723;Natalie;Sexton;59;Male;Arts development officer;12.09.2023
3724;Danielle;Ballard;48;Female;Architectural technologist;6.02.2025
3725;Max;Smith;41;Female;Medical secretary;4.06.2023
3726;Angela;Downs;56;Male;Surveyor, land/geomatics;26.10.2023
3727;Allen;Brown;64;Female;Surveyor, land/geomatics;6.07.2024
3728;Anna;Avila;31;Male;Therapist, sports;12.11.2023
3729;Mary;Adkins;38;Female;Research scientist (life sciences);22.12.2025
3730;Jorge;Glover;61;Male;Neurosurgeon;17.06.2025
3731;Latoya;Murphy;42;Male;Wellsite geologist;22.06.2024
3732;Jeff;Sanchez;38;Male;Dramatherapist;26.01.2023
3733;Stephanie;Bryant;64;Male;Music tutor;27.06.2025
3734;Nancy;Holloway;32;Female;Herpetologist;7.01.2026
3735;Jennifer;Gonzales;38;Female;Chartered legal executive (England and Wales);8.11.2025
3736;Adam;Quinn;31;Female;Maintenance engineer;27.07.2025
3737;Louis;Sawyer;67;Female;Radio producer;25.05.2024
3738;Jennifer;Clark;41;Male;Art therapist;8.06.2025
3739;Jared;Sparks;21;Female;Sports therapist;28.02.2023
3740;Anna;Acosta;42;Male;Civil Service administrator;26.03.2025
3741;Jesse;Ramirez;57;Female;Retail manager;7.04.2024
3742;Steve;Pratt;58;Male;Careers information officer;24.02.2023
3743;Linda;Santos;50;Female;Geographical information systems officer;14.07.2024
3744;Jessica;Soto;43;Female;Surveyor, building;28.11.2024
3745;Heather;Martinez;34;Female;Teacher, secondary school;19.02.2026
3746;Angela;Logan;23;Female;Journalist, newspaper;4.04.2023
3747;Rebecca;Malone;38;Female;Engineer, mining;5.10.2023
3748;Benjamin;Bryant;24;Male;Haematologist;12.04.2025
3749;Henry;Moreno;31;Male;Physicist, medical;29.09.2025
3750;Jeffery;Roberts;63;Female;Banker;18.03.2024
3751;Christina;Perkins;32;Female;Nutritional therapist;23.03.2025
3752;Joel;Alvarez;40;Female;Television/film/video producer;15.03.2024
3753;Daniel;Bennett;23;Female;Event organiser;7.11.2023
3754;Robin;Smith;62;Female;Engineer, materials;2.10.2023
3755;Jessica;Kirk;72;Female;Insurance claims handler;15.03.2026
3756;James;Johnson;23;Male;Air broker;29.11.2024
3757;Vanessa;Fernandez;62;Male;Designer, industrial/product;14.02.2026
3758;Ronald;Wolfe;51;Male;Tax adviser;25.06.2025
3759;Sally;Braun;52;Female;Forensic scientist;29.12.2025
3760;Christopher;Johnson;41;Male;Clinical embryologist;15.11.2025
3761;Malik;Jordan;21;Female;Health and safety adviser;23.01.2023
3762;Mark;West;36;Male;Local government officer;14.09.2025
3763;Crystal;Leonard;26;Female;Scientist, research (maths);4.01.2023
3764;Teresa;White;44;Male;Quantity surveyor;27.07.2024
3765;Patrick;Robinson;26;Female;Archivist;4.08.2025
3766;Lisa;Reid;52;Male;Administrator, education;26.12.2025
3767;Phillip;Baldwin;68;Male;Programmer, multimedia;31.03.2023
3768;Wesley;Fitzpatrick;18;Male;Systems developer;28.06.2024
3769;Beth;Valencia;37;Female;Architect;20.12.2023
3770;Stephen;Walker;72;Female;Environmental consultant;22.03.2026
3771;Emily;Dudley;22;Male;Acupuncturist;8.06.2025
3772;John;Ward;32;Male;Armed forces operational officer;20.08.2025
3773;Matthew;Chen;22;Female;Sales executive;2.05.2023
3774;Michael;Brown;62;Female;Investment analyst;5.09.2023
3775;Robert;Craig;43;Male;Local government officer;13.08.2025
3776;Mercedes;Chandler;57;Female;Engineer, electrical;19.12.2024
3777;Joan;Johnson;50;Male;Nutritional therapist;7.08.2023
3778;Christopher;Taylor;36;Female;Scientist, research (medical);24.02.2025
3779;Kyle;York;35;Male;Ergonomist;16.07.2024
3780;Alan;Hess;30;Female;Television floor manager;10.06.2023
3781;Randy;Hamilton;23;Female;Educational psychologist;11.01.2024
3782;Sara;Richardson;73;Female;Consulting civil engineer;6.10.2023
3783;Michael;Holt;22;Female;Production engineer;11.11.2024
3784;Brooke;Carr;54;Male;Magazine journalist;16.12.2025
3785;Aaron;Ayers;31;Male;Electrical engineer;19.08.2024
3786;Natalie;Mcclain;38;Female;Wellsite geologist;10.11.2023
3787;Cristina;Hughes;60;Male;Research officer, trade union;14.02.2026
3788;Shelly;Gomez;63;Male;Writer;1.07.2024
3789;Stacy;Leach;55;Male;Designer, television/film set;9.11.2024
3790;Clifford;Lawrence;20;Female;Nurse, mental health;6.09.2023
3791;Tracy;Hall;18;Female;Hospital doctor;28.11.2025
3792;Bruce;Morales;73;Female;Therapeutic radiographer;6.09.2023
3793;Stephanie;Rodriguez;57;Female;Building services engineer;18.11.2023
3794;Justin;Wyatt;35;Female;Conservation officer, nature;7.02.2026
3795;Sharon;Walker;41;Male;Field trials officer;25.08.2023
3796;David;Thompson;26;Female;English as a foreign language teacher;1.02.2026
3797;Frances;Ware;37;Female;Mudlogger;5.06.2023
3798;Anita;Riggs;30;Male;Clinical scientist, histocompatibility and immunogenetics;14.05.2023
3799;Cynthia;Johnston;33;Female;Osteopath;4.07.2023
3800;Lori;Adkins;45;Female;Surveyor, commercial/residential;29.08.2023
3801;Michelle;Alvarez;37;Male;Estate agent;24.02.2025
3802;Shannon;Jackson;44;Male;Toxicologist;20.06.2025
3803;Matthew;Allen;63;Female;Youth worker;28.05.2025
3804;Michael;Phillips;43;Male;Buyer, retail;14.05.2025
3805;James;Holmes;59;Female;Forensic scientist;20.07.2023
3806;Norma;Thomas;61;Female;Surveyor, mining;1.02.2024
3807;Karl;Robinson;35;Male;Health and safety adviser;3.06.2025
3808;Gina;King;55;Male;Chiropodist;2.08.2024
3809;Monique;Gray;44;Male;Producer, radio;28.08.2025
3810;Tammy;Hampton;20;Female;Engineer, maintenance (IT);11.10.2023
3811;Melissa;Villanueva;58;Female;Higher education careers adviser;5.04.2024
3812;Eric;Martinez;54;Male;Agricultural consultant;23.11.2024
3813;Deborah;Taylor;46;Female;Information officer;26.12.2025
3814;Daryl;King;35;Female;Orthoptist;2.04.2025
3815;Sarah;Mcgee;46;Male;Medical sales representative;29.10.2024
3816;Kathryn;Palmer;21;Male;Further education lecturer;27.11.2025
3817;William;Young;68;Female;Waste management officer;6.07.2025
3818;Olivia;Higgins;28;Female;Production manager;13.02.2026
3819;Ruth;Contreras;49;Male;Immunologist;6.10.2025
3820;Larry;Lewis;37;Female;Tourism officer;12.01.2023
3821;Sandra;Smith;39;Male;Writer;10.11.2024
3822;Robert;Boyer;24;Female;Psychiatrist;3.06.2023
3823;Gabrielle;Schultz;61;Female;Environmental education officer;22.09.2025
3824;Kevin;Hansen;32;Male;Physiotherapist;26.03.2025
3825;Brian;Hunter;52;Female;Lecturer, higher education;27.07.2024
3826;Megan;Travis;44;Male;Toxicologist;8.11.2025
3827;Robert;Ramirez;20;Male;Financial adviser;17.03.2023
3828;Vanessa;Bryant;42;Female;Historic buildings inspector/conservation officer;4.09.2025
3829;James;Mclaughlin;20;Male;Immunologist;7.07.2025
3830;Donna;Frey;18;Male;Office manager;21.05.2023
3831;Debra;Lopez;72;Female;Health physicist;28.09.2024
3832;Terri;Reynolds;50;Male;Academic librarian;17.03.2024
3833;Jason;Leonard;29;Male;Public affairs consultant;23.04.2025
3834;Kiara;Ochoa;35;Male;Building control surveyor;1.02.2023
3835;Tara;Wood;54;Male;Special effects artist;10.07.2025
3836;Haley;Howell;35;Female;Operations geologist;29.10.2024
3837;Natalie;Gonzales;48;Male;Food technologist;14.06.2025
3838;Samantha;Lewis;39;Female;Warehouse manager;31.12.2024
3839;Anna;Huff;64;Female;Ambulance person;30.07.2024
3840;Theresa;Thornton;19;Male;Building control surveyor;15.12.2024
3841;Bruce;Crawford;22;Female;Chief Technology Officer;25.08.2023
3842;Daniel;Johnson;38;Female;Energy engineer;23.06.2025
3843;Trevor;Mcdonald;47;Male;Restaurant manager, fast food;30.06.2024
3844;Kevin;Castillo;34;Male;Chartered loss adjuster;2.08.2023
3845;Teresa;Baker;31;Female;Technical brewer;19.11.2025
3846;Jerry;Bailey;25;Male;Social researcher;4.01.2024
3847;David;Johnson;36;Male;Doctor, general practice;20.04.2023
3848;Zachary;Clark;75;Female;Paramedic;2.10.2025
3849;Sandra;Reid;32;Male;Further education lecturer;10.02.2025
3850;Gary;Perry;72;Male;Dietitian;17.06.2025
3851;Jason;Bryant;50;Male;Designer, multimedia;5.08.2023
3852;Caitlin;Lindsey;54;Female;Art therapist;9.10.2023
3853;Kimberly;Mann;57;Male;Food technologist;13.03.2023
3854;John;Norman;38;Male;Librarian, public;23.11.2023
3855;Elizabeth;Davis;36;Female;Community pharmacist;12.01.2026
3856;Andrew;Alexander;54;Male;Geographical information systems officer;21.11.2025
3857;Victoria;Hunt;22;Female;Fine artist;30.04.2023
3858;Sharon;Wong;44;Female;Radiographer, therapeutic;17.01.2026
3859;Patrick;Stuart;18;Female;Education officer, museum;20.07.2023
3860;Bailey;Garner;40;Male;Publishing copy;13.10.2024
3861;Clarence;Benson;41;Female;Engineer, production;21.03.2026
3862;Frank;Brown;64;Male;Architectural technologist;15.08.2025
3863;Patricia;Choi;19;Female;Chartered public finance accountant;20.05.2025
3864;Linda;Moreno;31;Male;Outdoor activities/education manager;16.04.2023
3865;Kimberly;Ramirez;40;Female;Editor, magazine features;17.03.2025
3866;Lynn;Preston;25;Female;Scientist, research (maths);31.07.2023
3867;Timothy;Hoffman;69;Male;Theatre manager;12.11.2023
3868;Gregory;James;27;Female;Radiographer, therapeutic;4.04.2026
3869;Stephanie;Rodriguez;48;Male;Furniture conservator/restorer;26.09.2023
3870;David;Jackson;66;Male;Operational investment banker;24.02.2024
3871;Patrick;Gonzalez;19;Female;Firefighter;29.06.2024
3872;David;Mitchell;24;Female;Glass blower/designer;4.12.2024
3873;Rachel;Obrien;70;Male;Town planner;17.01.2025
3874;Patricia;Cooper;44;Female;Financial risk analyst;14.03.2026
3875;Troy;Edwards;32;Male;Tree surgeon;19.11.2024
3876;Patrick;Ray;26;Male;Investment banker, corporate;9.02.2025
3877;Anthony;Sanchez;37;Male;Physiological scientist;29.08.2024
3878;Alexa;Ferguson;20;Female;Copy;1.09.2024
3879;Anthony;Butler;32;Male;Sports coach;21.03.2026
3880;Janice;Leonard;25;Female;Pharmacist, hospital;26.11.2025
3881;Carlos;Thompson;38;Female;Secretary, company;19.06.2024
3882;Eric;Lewis;75;Male;Forensic psychologist;12.04.2025
3883;Deanna;Ryan;28;Female;Engineer, production;3.06.2023
3884;David;Johnson;48;Male;Plant breeder/geneticist;22.04.2023
3885;Alicia;Smith;24;Male;Dispensing optician;14.05.2025
3886;Danielle;Young;46;Female;Pensions consultant;20.06.2023
3887;Thomas;Bailey;32;Female;Amenity horticulturist;8.08.2024
3888;Annette;Acosta;45;Male;Investment banker, operational;7.05.2025
3889;Clayton;Taylor;40;Female;Research scientist (physical sciences);24.01.2025
3890;John;Williams;48;Male;Chartered legal executive (England and Wales);20.03.2024
3891;Jane;Rivera;55;Female;Runner, broadcasting/film/video;27.06.2025
3892;Courtney;Hill;25;Female;Nurse, mental health;16.04.2023
3893;Hector;Bradley;29;Male;Child psychotherapist;13.11.2023
3894;Jillian;Wallace;58;Female;Clinical biochemist;30.05.2023
3895;Megan;Williams;44;Female;Horticultural therapist;27.06.2025
3896;Teresa;Powers;41;Male;Physicist, medical;15.12.2025
3897;Jacob;Lee;49;Male;Patent attorney;29.11.2023
3898;Joseph;Sanchez;24;Female;Scientific laboratory technician;2.09.2025
3899;Elizabeth;Carter;35;Male;Scientist, research (medical);26.01.2025
3900;Amber;Davis;34;Female;Special educational needs teacher;10.05.2023
3901;Shelby;Kelley;21;Male;Electronics engineer;27.06.2024
3902;April;Sweeney;51;Female;Merchant navy officer;10.12.2023
3903;Scott;Soto;49;Male;Web designer;20.08.2024
3904;Michael;Hess;25;Female;Radio producer;17.08.2025
3905;Stephanie;Molina;60;Female;Advertising account executive;14.01.2024
3906;Ann;Smith;28;Female;Geoscientist;12.08.2023
3907;Isaac;Marshall;66;Male;Recruitment consultant;13.11.2024
3908;Donald;Herrera;42;Female;Personal assistant;1.01.2024
3909;Robert;Mitchell;56;Male;Immigration officer;7.11.2023
3910;Maria;Alexander;23;Female;Prison officer;13.04.2023
3911;Julie;Donaldson;36;Female;Primary school teacher;29.05.2023
3912;Allison;Mathews;63;Female;Designer, exhibition/display;9.09.2025
3913;Monica;Hansen;19;Male;Surveyor, building control;4.06.2024
3914;Cathy;Gonzalez;37;Female;Banker;28.01.2024
3915;Angela;Lee;43;Male;Retail banker;13.01.2024
3916;Lisa;Patterson;24;Female;Sales professional, IT;19.03.2025
3917;Joseph;Suarez;21;Male;Investment banker, corporate;28.05.2025
3918;Amber;Proctor;32;Female;Psychotherapist;21.09.2025
3919;Allison;Anthony;67;Female;Investment banker, corporate;28.09.2023
3920;Brandon;Chambers;20;Male;Psychologist, counselling;29.06.2024
3921;John;Hicks;31;Female;Gaffer;27.07.2024
3922;Jenna;Haas;39;Male;Emergency planning/management officer;25.04.2024
3923;Destiny;Matthews;57;Female;Community pharmacist;7.01.2025
3924;Nicholas;Johnson;54;Female;Photographer;26.04.2023
3925;Amber;Elliott;28;Male;Sales executive;22.08.2025
3926;Joseph;Black;18;Male;Designer, interior/spatial;1.11.2025
3927;Pamela;Lawson;29;Female;Energy manager;31.01.2026
3928;Heather;Bentley;56;Female;Leisure centre manager;22.06.2024
3929;Brittany;Huber;50;Female;Clothing/textile technologist;19.11.2024
3930;Caitlin;Perkins;32;Female;Financial planner;23.07.2023
3931;Yesenia;Peters;25;Male;Armed forces training and education officer;20.04.2025
3932;Desiree;Hampton;36;Male;Physiological scientist;6.03.2024
3933;Tyler;Campbell;56;Female;Chartered loss adjuster;29.06.2023
3934;Eric;Martin;35;Male;Dancer;24.03.2024
3935;Shannon;Briggs;18;Male;Exhibition designer;27.06.2024
3936;Joseph;Peck;72;Female;Commercial/residential surveyor;18.10.2024
3937;Lauren;Griffith;43;Female;Surveyor, building;25.08.2023
3938;Christina;Baker;26;Male;Programmer, multimedia;14.03.2024
3939;Cynthia;Roy;22;Female;Speech and language therapist;7.01.2025
3940;Michael;Velasquez;52;Female;Ceramics designer;6.04.2026
3941;Christopher;Riley;56;Male;Herpetologist;6.04.2023
3942;Kimberly;Merritt;73;Male;Ranger/warden;8.05.2024
3943;Megan;Graves;22;Male;Research scientist (life sciences);15.01.2024
3944;Jesse;Peters;25;Male;Medical secretary;29.10.2023
3945;David;Johnson;47;Male;Adult nurse;22.09.2023
3946;Bernard;Flores;49;Male;Information systems manager;18.07.2023
3947;Danielle;Williams;19;Female;Comptroller;12.08.2025
3948;Joshua;Callahan;36;Male;Interior and spatial designer;12.02.2023
3949;Ashley;Mcdonald;27;Male;Legal secretary;16.02.2024
3950;Victor;Shaw;35;Male;Engineer, land;28.03.2025
3951;Shelly;Miller;40;Female;Dancer;4.04.2023
3952;Dana;Cole;24;Female;Engineer, structural;28.09.2025
3953;Jeffrey;Duarte;32;Female;Hydrologist;24.09.2025
3954;Jamie;Bradley;57;Female;Soil scientist;17.02.2024
3955;Beth;Hurst;45;Female;Soil scientist;13.03.2024
3956;Justin;Castro;22;Female;Engineer, petroleum;5.03.2026
3957;Daniel;Olson;46;Female;Translator;10.01.2025
3958;Karen;Jones;29;Female;Engineer, water;1.09.2023
3959;Tyler;Velazquez;38;Female;Designer, jewellery;1.10.2023
3960;Alexander;Smith;71;Female;Conservation officer, historic buildings;3.11.2025
3961;Kelly;Bennett;28;Male;Information systems manager;24.11.2024
3962;Nancy;Cabrera;40;Female;Chief Financial Officer;16.02.2025
3963;Jared;Stout;63;Male;Printmaker;30.06.2025
3964;Michael;Garcia;49;Female;Cabin crew;26.03.2023
3965;Penny;Le;28;Female;Logistics and distribution manager;21.07.2025
3966;Jimmy;Moran;49;Female;Secondary school teacher;14.06.2025
3967;Robert;Vega;35;Male;Psychotherapist;19.09.2025
3968;Jeremy;Powers;74;Female;Teacher, music;8.01.2026
3969;Nancy;Banks;41;Female;Engineer, electrical;5.10.2023
3970;Jeff;Kelley;18;Female;Automotive engineer;21.01.2025
3971;Jesse;Russell;19;Female;Geneticist, molecular;14.09.2023
3972;Morgan;Smith;28;Male;Commercial horticulturist;10.09.2025
3973;Daniel;Harris;25;Female;Quality manager;20.08.2024
3974;Tiffany;Noble;35;Female;Learning mentor;21.03.2026
3975;Sarah;Bell;20;Male;Learning mentor;7.01.2023
3976;Katrina;Williams;62;Female;Accommodation manager;27.05.2024
3977;Christina;Walton;37;Male;Product manager;30.12.2025
3978;Christopher;Parker;70;Male;Biomedical engineer;28.10.2025
3979;Shane;Bush;51;Female;Psychiatrist;23.02.2026
3980;Mackenzie;Richardson;39;Female;Radiographer, therapeutic;7.05.2025
3981;David;Salazar;35;Female;Accountant, chartered;18.11.2023
3982;Meghan;Rosario;45;Female;Contracting civil engineer;23.10.2024
3983;Matthew;Higgins;37;Male;Commercial horticulturist;16.11.2025
3984;Rodney;Smith;21;Female;Regulatory affairs officer;27.04.2025
3985;Ryan;Phillips;75;Male;Textile designer;21.03.2025
3986;Steven;Conner;31;Male;Publishing copy;12.02.2025
3987;Lawrence;Harris;65;Female;Systems developer;16.01.2026
3988;Edward;Wiggins;34;Male;Teacher, special educational needs;21.05.2025
3989;Courtney;Mejia;25;Male;Electronics engineer;8.07.2025
3990;Kelli;Mccoy;48;Female;Lighting technician, broadcasting/film/video;26.02.2023
3991;Sheila;Daugherty;58;Male;Radiation protection practitioner;25.01.2024
3992;Brian;Reynolds;40;Male;Librarian, public;4.05.2024
3993;Henry;Stout;46;Female;Customer service manager;25.10.2023
3994;Brenda;Sanchez;30;Male;Research scientist (physical sciences);9.07.2024
3995;Robin;Mendez;27;Female;Web designer;5.03.2024
3996;Gregory;Carter;38;Male;Industrial/product designer;5.06.2023
3997;Thomas;Carlson;20;Female;Trading standards officer;4.07.2023
3998;Diana;Jordan;43;Male;Horticultural consultant;21.08.2023
3999;Cynthia;Daniels;51;Male;Scientist, forensic;25.08.2023
4000;Janet;Baker;41;Male;Market researcher;9.04.2026
